game_id,season,game_type,date,start_utc,state,home,away,home_score,away_score,last_period
2021020001,20212022,2,2021-10-12,2021-10-12T23:30:00Z,OFF,TBL,PIT,2.0,6.0,REG
2021020002,20212022,2,2021-10-12,2021-10-13T02:00:00Z,OFF,VGK,SEA,4.0,3.0,REG
2021020003,20212022,2,2021-10-13,2021-10-13T23:00:00Z,OFF,TOR,MTL,2.0,1.0,REG
2021020004,20212022,2,2021-10-13,2021-10-13T23:30:00Z,OFF,WSH,NYR,5.0,1.0,REG
2021020005,20212022,2,2021-10-13,2021-10-14T02:00:00Z,OFF,COL,CHI,4.0,2.0,REG
2021020006,20212022,2,2021-10-13,2021-10-14T02:00:00Z,OFF,EDM,VAN,3.0,2.0,SO
2021020015,20212022,2,2021-10-13,2021-10-14T02:00:00Z,OFF,ANA,WPG,4.0,1.0,REG
2021020007,20212022,2,2021-10-14,2021-10-14T23:00:00Z,OFF,BUF,MTL,5.0,1.0,REG
2021020008,20212022,2,2021-10-14,2021-10-14T23:00:00Z,OFF,OTT,TOR,3.0,2.0,REG
2021020010,20212022,2,2021-10-14,2021-10-14T23:00:00Z,OFF,FLA,PIT,5.0,4.0,OT
2021020011,20212022,2,2021-10-14,2021-10-14T23:00:00Z,OFF,NYR,DAL,2.0,3.0,OT
2021020012,20212022,2,2021-10-14,2021-10-14T23:00:00Z,OFF,CAR,NYI,6.0,3.0,REG
2021020013,20212022,2,2021-10-14,2021-10-14T23:00:00Z,OFF,CBJ,ARI,8.0,2.0,REG
2021020009,20212022,2,2021-10-14,2021-10-14T23:30:00Z,OFF,DET,TBL,6.0,7.0,OT
2021020014,20212022,2,2021-10-14,2021-10-15T00:00:00Z,OFF,NSH,SEA,3.0,4.0,REG
2021020016,20212022,2,2021-10-14,2021-10-15T02:30:00Z,OFF,LAK,VGK,6.0,2.0,REG
2021020017,20212022,2,2021-10-15,2021-10-15T23:00:00Z,OFF,NJD,CHI,4.0,3.0,OT
2021020018,20212022,2,2021-10-15,2021-10-15T23:00:00Z,OFF,PHI,VAN,4.0,5.0,SO
2021020019,20212022,2,2021-10-15,2021-10-16T02:00:00Z,OFF,ANA,MIN,1.0,2.0,REG
2021020021,20212022,2,2021-10-16,2021-10-16T17:00:00Z,OFF,BUF,ARI,2.0,1.0,SO
2021020025,20212022,2,2021-10-16,2021-10-16T22:00:00Z,OFF,FLA,NYI,5.0,1.0,REG
2021020020,20212022,2,2021-10-16,2021-10-16T23:00:00Z,OFF,BOS,DAL,3.0,1.0,REG
2021020022,20212022,2,2021-10-16,2021-10-16T23:00:00Z,OFF,TOR,OTT,3.0,1.0,REG
2021020023,20212022,2,2021-10-16,2021-10-16T23:00:00Z,OFF,MTL,NYR,1.0,3.0,REG
2021020024,20212022,2,2021-10-16,2021-10-16T23:00:00Z,OFF,DET,VAN,3.0,1.0,REG
2021020026,20212022,2,2021-10-16,2021-10-16T23:00:00Z,OFF,PIT,CHI,5.0,2.0,REG
2021020027,20212022,2,2021-10-16,2021-10-16T23:00:00Z,OFF,WSH,TBL,1.0,2.0,OT
2021020028,20212022,2,2021-10-16,2021-10-16T23:00:00Z,OFF,CBJ,SEA,2.0,1.0,OT
2021020029,20212022,2,2021-10-16,2021-10-17T00:00:00Z,OFF,NSH,CAR,2.0,3.0,REG
2021020030,20212022,2,2021-10-16,2021-10-17T01:00:00Z,OFF,COL,STL,3.0,5.0,REG
2021020031,20212022,2,2021-10-16,2021-10-17T02:00:00Z,OFF,EDM,CGY,5.0,2.0,REG
2021020033,20212022,2,2021-10-16,2021-10-17T02:00:00Z,OFF,SJS,WPG,4.0,3.0,REG
2021020032,20212022,2,2021-10-16,2021-10-17T02:30:00Z,OFF,LAK,MIN,2.0,3.0,REG
2021020034,20212022,2,2021-10-17,2021-10-17T21:00:00Z,OFF,OTT,DAL,3.0,2.0,REG
2021020035,20212022,2,2021-10-18,2021-10-18T23:00:00Z,OFF,TOR,NYR,1.0,2.0,OT
2021020036,20212022,2,2021-10-18,2021-10-18T23:00:00Z,OFF,PHI,SEA,6.0,1.0,REG
2021020037,20212022,2,2021-10-18,2021-10-19T01:30:00Z,OFF,CGY,ANA,2.0,3.0,OT
2021020038,20212022,2,2021-10-18,2021-10-19T02:00:00Z,OFF,ARI,STL,4.0,7.0,REG
2021020039,20212022,2,2021-10-19,2021-10-19T23:00:00Z,OFF,BUF,VAN,5.0,2.0,REG
2021020040,20212022,2,2021-10-19,2021-10-19T23:00:00Z,OFF,MTL,SJS,0.0,5.0,REG
2021020042,20212022,2,2021-10-19,2021-10-19T23:00:00Z,OFF,TBL,FLA,1.0,4.0,REG
2021020043,20212022,2,2021-10-19,2021-10-19T23:00:00Z,OFF,NJD,SEA,4.0,2.0,REG
2021020044,20212022,2,2021-10-19,2021-10-19T23:00:00Z,OFF,PIT,DAL,1.0,2.0,SO
2021020045,20212022,2,2021-10-19,2021-10-19T23:00:00Z,OFF,WSH,COL,6.0,3.0,REG
2021020041,20212022,2,2021-10-19,2021-10-19T23:30:00Z,OFF,DET,CBJ,4.0,1.0,REG
2021020046,20212022,2,2021-10-19,2021-10-20T00:00:00Z,OFF,CHI,NYI,1.0,4.0,REG
2021020047,20212022,2,2021-10-19,2021-10-20T00:00:00Z,OFF,NSH,LAK,2.0,1.0,REG
2021020048,20212022,2,2021-10-19,2021-10-20T00:00:00Z,OFF,MIN,WPG,6.0,5.0,OT
2021020049,20212022,2,2021-10-19,2021-10-20T01:00:00Z,OFF,EDM,ANA,6.0,5.0,REG
2021020050,20212022,2,2021-10-20,2021-10-20T23:30:00Z,OFF,PHI,BOS,6.0,3.0,REG
2021020051,20212022,2,2021-10-20,2021-10-21T02:00:00Z,OFF,VGK,STL,1.0,3.0,REG
2021020052,20212022,2,2021-10-21,2021-10-21T23:00:00Z,OFF,MTL,CAR,1.0,4.0,REG
2021020053,20212022,2,2021-10-21,2021-10-21T23:00:00Z,OFF,OTT,SJS,1.0,2.0,REG
2021020055,20212022,2,2021-10-21,2021-10-21T23:00:00Z,OFF,FLA,COL,4.0,1.0,REG
2021020056,20212022,2,2021-10-21,2021-10-21T23:00:00Z,OFF,NJD,WSH,1.0,4.0,REG
2021020057,20212022,2,2021-10-21,2021-10-21T23:00:00Z,OFF,CBJ,NYI,3.0,2.0,OT
2021020054,20212022,2,2021-10-21,2021-10-21T23:30:00Z,OFF,DET,CGY,0.0,3.0,REG
2021020059,20212022,2,2021-10-21,2021-10-22T00:00:00Z,OFF,NSH,NYR,1.0,3.0,REG
2021020060,20212022,2,2021-10-21,2021-10-22T00:00:00Z,OFF,WPG,ANA,5.0,1.0,REG
2021020058,20212022,2,2021-10-21,2021-10-22T00:30:00Z,OFF,CHI,VAN,1.0,4.0,REG
2021020061,20212022,2,2021-10-21,2021-10-22T02:00:00Z,OFF,ARI,EDM,1.0,5.0,REG
2021020063,20212022,2,2021-10-22,2021-10-22T22:00:00Z,OFF,TOR,SJS,3.0,5.0,REG
2021020062,20212022,2,2021-10-22,2021-10-22T23:00:00Z,OFF,BUF,BOS,1.0,4.0,REG
2021020064,20212022,2,2021-10-22,2021-10-23T00:30:00Z,OFF,DAL,LAK,3.0,2.0,OT
2021020065,20212022,2,2021-10-22,2021-10-23T02:00:00Z,OFF,VGK,EDM,3.0,5.0,REG
2021020067,20212022,2,2021-10-23,2021-10-23T17:00:00Z,OFF,OTT,NYR,2.0,3.0,REG
2021020072,20212022,2,2021-10-23,2021-10-23T17:00:00Z,OFF,WSH,CGY,3.0,4.0,OT
2021020075,20212022,2,2021-10-23,2021-10-23T22:00:00Z,OFF,MIN,ANA,4.0,3.0,OT
2021020066,20212022,2,2021-10-23,2021-10-23T23:00:00Z,OFF,MTL,DET,6.0,1.0,REG
2021020068,20212022,2,2021-10-23,2021-10-23T23:00:00Z,OFF,TBL,COL,3.0,4.0,SO
2021020069,20212022,2,2021-10-23,2021-10-23T23:00:00Z,OFF,NJD,BUF,2.0,1.0,OT
2021020070,20212022,2,2021-10-23,2021-10-23T23:00:00Z,OFF,PHI,FLA,2.0,4.0,REG
2021020071,20212022,2,2021-10-23,2021-10-23T23:00:00Z,OFF,PIT,TOR,7.0,1.0,REG
2021020073,20212022,2,2021-10-23,2021-10-23T23:00:00Z,OFF,CBJ,CAR,1.0,5.0,REG
2021020076,20212022,2,2021-10-23,2021-10-23T23:00:00Z,OFF,WPG,NSH,6.0,4.0,REG
2021020074,20212022,2,2021-10-23,2021-10-24T00:00:00Z,OFF,STL,LAK,7.0,3.0,REG
2021020077,20212022,2,2021-10-23,2021-10-24T01:00:00Z,OFF,ARI,NYI,0.0,3.0,REG
2021020078,20212022,2,2021-10-23,2021-10-24T02:00:00Z,OFF,SEA,VAN,2.0,4.0,REG
2021020079,20212022,2,2021-10-24,2021-10-24T17:00:00Z,OFF,BOS,SJS,4.0,3.0,REG
2021020081,20212022,2,2021-10-24,2021-10-24T22:00:00Z,OFF,MIN,NSH,2.0,5.0,REG
2021020080,20212022,2,2021-10-24,2021-10-24T23:00:00Z,OFF,CHI,DET,3.0,6.0,REG
2021020082,20212022,2,2021-10-24,2021-10-25T02:00:00Z,OFF,VGK,NYI,0.0,2.0,REG
2021020083,20212022,2,2021-10-25,2021-10-25T23:00:00Z,OFF,BUF,TBL,5.0,1.0,REG
2021020084,20212022,2,2021-10-25,2021-10-25T23:00:00Z,OFF,OTT,WSH,5.0,7.0,REG
2021020085,20212022,2,2021-10-25,2021-10-25T23:00:00Z,OFF,FLA,ARI,5.0,3.0,REG
2021020086,20212022,2,2021-10-25,2021-10-25T23:00:00Z,OFF,NYR,CGY,1.0,5.0,REG
2021020087,20212022,2,2021-10-25,2021-10-25T23:00:00Z,OFF,CAR,TOR,4.0,1.0,REG
2021020088,20212022,2,2021-10-25,2021-10-25T23:00:00Z,OFF,CBJ,DAL,4.0,1.0,REG
2021020089,20212022,2,2021-10-25,2021-10-26T00:00:00Z,OFF,STL,LAK,3.0,0.0,REG
2021020090,20212022,2,2021-10-26,2021-10-26T23:00:00Z,OFF,NJD,CGY,3.0,5.0,REG
2021020091,20212022,2,2021-10-26,2021-10-26T23:00:00Z,OFF,PIT,TBL,1.0,5.0,REG
2021020093,20212022,2,2021-10-26,2021-10-27T00:00:00Z,OFF,COL,VGK,1.0,3.0,REG
2021020092,20212022,2,2021-10-26,2021-10-27T00:30:00Z,OFF,NSH,SJS,3.0,1.0,REG
2021020094,20212022,2,2021-10-26,2021-10-27T02:00:00Z,OFF,VAN,MIN,2.0,3.0,REG
2021020095,20212022,2,2021-10-26,2021-10-27T02:00:00Z,OFF,ANA,WPG,3.0,4.0,REG
2021020096,20212022,2,2021-10-26,2021-10-27T02:00:00Z,OFF,SEA,MTL,5.0,1.0,REG
2021020097,20212022,2,2021-10-27,2021-10-27T23:00:00Z,OFF,FLA,BOS,4.0,1.0,REG
2021020098,20212022,2,2021-10-27,2021-10-27T23:00:00Z,OFF,WSH,DET,2.0,3.0,OT
2021020099,20212022,2,2021-10-27,2021-10-27T23:30:00Z,OFF,CHI,TOR,2.0,3.0,OT
2021020100,20212022,2,2021-10-27,2021-10-28T00:30:00Z,OFF,DAL,VGK,2.0,3.0,OT
2021020101,20212022,2,2021-10-27,2021-10-28T02:00:00Z,OFF,EDM,PHI,3.0,5.0,REG
2021020102,20212022,2,2021-10-28,2021-10-28T23:00:00Z,OFF,TBL,ARI,5.0,1.0,REG
2021020103,20212022,2,2021-10-28,2021-10-28T23:00:00Z,OFF,PIT,CGY,0.0,4.0,REG
2021020104,20212022,2,2021-10-28,2021-10-28T23:00:00Z,OFF,CAR,BOS,3.0,0.0,REG
2021020105,20212022,2,2021-10-28,2021-10-29T00:00:00Z,OFF,STL,COL,3.0,4.0,REG
2021020106,20212022,2,2021-10-28,2021-10-29T02:00:00Z,OFF,VAN,PHI,1.0,2.0,REG
2021020107,20212022,2,2021-10-28,2021-10-29T02:00:00Z,OFF,ANA,BUF,3.0,4.0,OT
2021020110,20212022,2,2021-10-28,2021-10-29T02:00:00Z,OFF,SEA,MIN,4.0,1.0,REG
2021020108,20212022,2,2021-10-28,2021-10-29T02:30:00Z,OFF,LAK,WPG,2.0,3.0,REG
2021020109,20212022,2,2021-10-28,2021-10-29T02:30:00Z,OFF,SJS,MTL,0.0,4.0,REG
2021020111,20212022,2,2021-10-29,2021-10-29T23:00:00Z,OFF,DET,FLA,2.0,3.0,OT
2021020112,20212022,2,2021-10-29,2021-10-29T23:00:00Z,OFF,NYR,CBJ,4.0,0.0,REG
2021020113,20212022,2,2021-10-29,2021-10-29T23:00:00Z,OFF,WSH,ARI,2.0,0.0,REG
2021020114,20212022,2,2021-10-29,2021-10-29T23:00:00Z,OFF,CAR,CHI,6.0,3.0,REG
2021020116,20212022,2,2021-10-29,2021-10-30T00:00:00Z,OFF,VGK,ANA,5.0,4.0,SO
2021020115,20212022,2,2021-10-29,2021-10-30T00:30:00Z,OFF,DAL,OTT,1.0,4.0,REG
2021020121,20212022,2,2021-10-30,2021-10-30T17:30:00Z,OFF,NSH,NYI,3.0,2.0,SO
2021020125,20212022,2,2021-10-30,2021-10-30T20:00:00Z,OFF,LAK,MTL,5.0,2.0,REG
2021020117,20212022,2,2021-10-30,2021-10-30T23:00:00Z,OFF,BOS,FLA,3.0,2.0,SO
2021020118,20212022,2,2021-10-30,2021-10-30T23:00:00Z,OFF,TOR,DET,5.0,4.0,REG
2021020119,20212022,2,2021-10-30,2021-10-30T23:00:00Z,OFF,PIT,NJD,2.0,4.0,REG
2021020126,20212022,2,2021-10-30,2021-10-30T23:00:00Z,OFF,SJS,WPG,2.0,1.0,OT
2021020120,20212022,2,2021-10-30,2021-10-31T00:00:00Z,OFF,STL,CHI,1.0,0.0,REG
2021020122,20212022,2,2021-10-30,2021-10-31T01:00:00Z,OFF,COL,MIN,4.0,1.0,REG
2021020123,20212022,2,2021-10-30,2021-10-31T02:00:00Z,OFF,CGY,PHI,4.0,0.0,REG
2021020124,20212022,2,2021-10-30,2021-10-31T02:00:00Z,OFF,VAN,EDM,1.0,2.0,REG
2021020128,20212022,2,2021-10-31,2021-10-31T17:00:00Z,OFF,CAR,ARI,2.0,1.0,REG
2021020129,20212022,2,2021-10-31,2021-10-31T20:00:00Z,OFF,ANA,MTL,4.0,2.0,REG
2021020130,20212022,2,2021-10-31,2021-10-31T20:00:00Z,OFF,LAK,BUF,3.0,2.0,REG
2021020127,20212022,2,2021-10-31,2021-10-31T21:00:00Z,OFF,NJD,CBJ,3.0,4.0,SO
2021020131,20212022,2,2021-10-31,2021-11-01T01:00:00Z,OFF,SEA,NYR,1.0,3.0,REG
2021020132,20212022,2,2021-11-01,2021-11-01T23:00:00Z,OFF,TBL,WSH,3.0,2.0,REG
2021020133,20212022,2,2021-11-01,2021-11-02T00:00:00Z,OFF,CHI,OTT,5.0,1.0,REG
2021020134,20212022,2,2021-11-01,2021-11-02T01:30:00Z,OFF,EDM,SEA,5.0,2.0,REG
2021020135,20212022,2,2021-11-02,2021-11-02T23:00:00Z,OFF,TOR,VGK,4.0,0.0,REG
2021020136,20212022,2,2021-11-02,2021-11-02T23:00:00Z,OFF,MTL,DET,3.0,0.0,REG
2021020137,20212022,2,2021-11-02,2021-11-02T23:00:00Z,OFF,PHI,ARI,3.0,0.0,REG
2021020138,20212022,2,2021-11-02,2021-11-03T00:00:00Z,OFF,MIN,OTT,5.0,4.0,OT
2021020139,20212022,2,2021-11-02,2021-11-03T00:00:00Z,OFF,WPG,DAL,4.0,3.0,SO
2021020140,20212022,2,2021-11-02,2021-11-03T01:00:00Z,OFF,CGY,NSH,2.0,3.0,OT
2021020141,20212022,2,2021-11-02,2021-11-03T02:00:00Z,OFF,VAN,NYR,3.0,2.0,OT
2021020142,20212022,2,2021-11-02,2021-11-03T02:00:00Z,OFF,ANA,NJD,4.0,0.0,REG
2021020143,20212022,2,2021-11-02,2021-11-03T02:30:00Z,OFF,SJS,BUF,5.0,3.0,REG
2021020144,20212022,2,2021-11-03,2021-11-04T00:30:00Z,OFF,CHI,CAR,3.0,4.0,REG
2021020146,20212022,2,2021-11-03,2021-11-04T00:30:00Z,OFF,EDM,NSH,5.0,2.0,REG
2021020145,20212022,2,2021-11-03,2021-11-04T01:00:00Z,OFF,COL,CBJ,4.0,5.0,OT
2021020147,20212022,2,2021-11-03,2021-11-04T02:00:00Z,OFF,LAK,STL,3.0,2.0,SO
2021020148,20212022,2,2021-11-04,2021-11-04T23:00:00Z,OFF,BOS,DET,5.0,1.0,REG
2021020149,20212022,2,2021-11-04,2021-11-04T23:00:00Z,OFF,TOR,TBL,2.0,1.0,OT
2021020150,20212022,2,2021-11-04,2021-11-04T23:00:00Z,OFF,MTL,NYI,2.0,6.0,REG
2021020151,20212022,2,2021-11-04,2021-11-04T23:00:00Z,OFF,OTT,VGK,1.0,5.0,REG
2021020152,20212022,2,2021-11-04,2021-11-04T23:00:00Z,OFF,FLA,WSH,5.0,4.0,OT
2021020153,20212022,2,2021-11-04,2021-11-04T23:00:00Z,OFF,PIT,PHI,3.0,2.0,OT
2021020154,20212022,2,2021-11-04,2021-11-05T01:00:00Z,OFF,CGY,DAL,3.0,4.0,OT
2021020156,20212022,2,2021-11-04,2021-11-05T02:00:00Z,OFF,SEA,BUF,5.0,2.0,REG
2021020155,20212022,2,2021-11-04,2021-11-05T02:30:00Z,OFF,SJS,STL,3.0,5.0,REG
2021020157,20212022,2,2021-11-05,2021-11-06T00:00:00Z,OFF,WPG,CHI,5.0,1.0,REG
2021020158,20212022,2,2021-11-05,2021-11-06T01:30:00Z,OFF,EDM,NYR,6.0,5.0,OT
2021020159,20212022,2,2021-11-05,2021-11-06T02:00:00Z,OFF,VAN,NSH,2.0,3.0,REG
2021020160,20212022,2,2021-11-05,2021-11-06T02:00:00Z,OFF,ANA,ARI,3.0,1.0,REG
2021020161,20212022,2,2021-11-05,2021-11-06T02:30:00Z,OFF,LAK,NJD,3.0,2.0,OT
2021020165,20212022,2,2021-11-06,2021-11-06T18:00:00Z,OFF,OTT,TBL,3.0,5.0,REG
2021020166,20212022,2,2021-11-06,2021-11-06T22:00:00Z,OFF,FLA,CAR,5.0,2.0,REG
2021020162,20212022,2,2021-11-06,2021-11-06T23:00:00Z,OFF,BUF,DET,3.0,4.0,OT
2021020163,20212022,2,2021-11-06,2021-11-06T23:00:00Z,OFF,TOR,BOS,5.0,2.0,REG
2021020164,20212022,2,2021-11-06,2021-11-06T23:00:00Z,OFF,MTL,VGK,2.0,5.0,REG
2021020167,20212022,2,2021-11-06,2021-11-06T23:00:00Z,OFF,PIT,MIN,4.0,5.0,SO
2021020168,20212022,2,2021-11-06,2021-11-06T23:00:00Z,OFF,WSH,PHI,1.0,2.0,REG
2021020169,20212022,2,2021-11-06,2021-11-06T23:00:00Z,OFF,CBJ,COL,4.0,2.0,REG
2021020170,20212022,2,2021-11-06,2021-11-06T23:00:00Z,OFF,WPG,NYI,0.0,2.0,REG
2021020171,20212022,2,2021-11-06,2021-11-07T02:00:00Z,OFF,CGY,NYR,6.0,0.0,REG
2021020172,20212022,2,2021-11-06,2021-11-07T02:00:00Z,OFF,ARI,SEA,5.0,4.0,REG
2021020173,20212022,2,2021-11-06,2021-11-07T02:30:00Z,OFF,SJS,NJD,2.0,3.0,SO
2021020174,20212022,2,2021-11-07,2021-11-07T23:00:00Z,OFF,DET,VGK,5.0,2.0,REG
2021020175,20212022,2,2021-11-07,2021-11-08T00:00:00Z,OFF,CHI,NSH,2.0,1.0,OT
2021020176,20212022,2,2021-11-07,2021-11-08T01:00:00Z,OFF,MIN,NYI,5.0,2.0,REG
2021020178,20212022,2,2021-11-07,2021-11-08T01:00:00Z,OFF,ANA,STL,4.0,1.0,REG
2021020177,20212022,2,2021-11-07,2021-11-08T03:00:00Z,OFF,VAN,DAL,6.0,3.0,REG
2021020180,20212022,2,2021-11-08,2021-11-09T00:00:00Z,OFF,NYR,FLA,4.0,3.0,REG
2021020181,20212022,2,2021-11-08,2021-11-09T00:00:00Z,OFF,WSH,BUF,5.0,3.0,REG
2021020179,20212022,2,2021-11-08,2021-11-09T00:30:00Z,OFF,TOR,LAK,1.0,5.0,REG
2021020182,20212022,2,2021-11-09,2021-11-10T00:00:00Z,OFF,BOS,OTT,3.0,2.0,REG
2021020183,20212022,2,2021-11-09,2021-11-10T00:00:00Z,OFF,MTL,LAK,2.0,3.0,OT
2021020185,20212022,2,2021-11-09,2021-11-10T00:00:00Z,OFF,TBL,CAR,1.0,2.0,OT
2021020186,20212022,2,2021-11-09,2021-11-10T00:00:00Z,OFF,NJD,FLA,7.0,3.0,REG
2021020184,20212022,2,2021-11-09,2021-11-10T00:30:00Z,OFF,DET,EDM,4.0,2.0,REG
2021020188,20212022,2,2021-11-09,2021-11-10T01:00:00Z,OFF,WPG,STL,2.0,3.0,SO
2021020187,20212022,2,2021-11-09,2021-11-10T01:30:00Z,OFF,CHI,PIT,3.0,2.0,SO
2021020189,20212022,2,2021-11-09,2021-11-10T02:00:00Z,OFF,CGY,SJS,1.0,4.0,REG
2021020190,20212022,2,2021-11-09,2021-11-10T03:00:00Z,OFF,VAN,ANA,2.0,3.0,OT
2021020191,20212022,2,2021-11-09,2021-11-10T03:00:00Z,OFF,VGK,SEA,4.0,2.0,REG
2021020192,20212022,2,2021-11-10,2021-11-11T00:30:00Z,OFF,PHI,TOR,0.0,3.0,REG
2021020193,20212022,2,2021-11-10,2021-11-11T01:30:00Z,OFF,DAL,NSH,2.0,4.0,REG
2021020194,20212022,2,2021-11-10,2021-11-11T03:00:00Z,OFF,ARI,MIN,2.0,5.0,REG
2021020195,20212022,2,2021-11-11,2021-11-12T00:00:00Z,OFF,BOS,EDM,3.0,5.0,REG
2021020196,20212022,2,2021-11-11,2021-11-12T00:00:00Z,OFF,MTL,CGY,4.0,2.0,REG
2021020197,20212022,2,2021-11-11,2021-11-12T00:00:00Z,OFF,OTT,LAK,0.0,2.0,REG
2021020199,20212022,2,2021-11-11,2021-11-12T00:00:00Z,OFF,NJD,NYI,4.0,0.0,REG
2021020200,20212022,2,2021-11-11,2021-11-12T00:00:00Z,OFF,PIT,FLA,3.0,2.0,SO
2021020198,20212022,2,2021-11-11,2021-11-12T00:30:00Z,OFF,DET,WSH,0.0,2.0,REG
2021020201,20212022,2,2021-11-11,2021-11-12T01:00:00Z,OFF,STL,NSH,3.0,4.0,OT
2021020202,20212022,2,2021-11-11,2021-11-12T01:00:00Z,OFF,WPG,SJS,4.0,1.0,REG
2021020203,20212022,2,2021-11-11,2021-11-12T02:00:00Z,OFF,COL,VAN,7.0,1.0,REG
2021020204,20212022,2,2021-11-11,2021-11-12T03:00:00Z,OFF,VGK,MIN,3.0,2.0,REG
2021020205,20212022,2,2021-11-11,2021-11-12T03:00:00Z,OFF,SEA,ANA,4.0,7.0,REG
2021020206,20212022,2,2021-11-12,2021-11-13T00:00:00Z,OFF,BUF,EDM,3.0,2.0,REG
2021020207,20212022,2,2021-11-12,2021-11-13T00:00:00Z,OFF,TOR,CGY,2.0,1.0,OT
2021020208,20212022,2,2021-11-12,2021-11-13T00:00:00Z,OFF,CAR,PHI,1.0,2.0,REG
2021020209,20212022,2,2021-11-12,2021-11-13T00:00:00Z,OFF,CBJ,WSH,3.0,4.0,REG
2021020210,20212022,2,2021-11-12,2021-11-13T01:30:00Z,OFF,CHI,ARI,2.0,1.0,REG
2021020215,20212022,2,2021-11-13,2021-11-13T18:00:00Z,OFF,NJD,BOS,2.0,5.0,REG
2021020211,20212022,2,2021-11-13,2021-11-14T00:00:00Z,OFF,BUF,TOR,4.0,5.0,REG
2021020212,20212022,2,2021-11-13,2021-11-14T00:00:00Z,OFF,OTT,PIT,6.0,3.0,REG
2021020213,20212022,2,2021-11-13,2021-11-14T00:00:00Z,OFF,DET,MTL,3.0,2.0,OT
2021020214,20212022,2,2021-11-13,2021-11-14T00:00:00Z,OFF,TBL,FLA,3.0,2.0,OT
2021020217,20212022,2,2021-11-13,2021-11-14T00:00:00Z,OFF,CBJ,NYR,3.0,5.0,REG
2021020220,20212022,2,2021-11-13,2021-11-14T00:00:00Z,OFF,WPG,LAK,3.0,2.0,OT
2021020216,20212022,2,2021-11-13,2021-11-14T00:30:00Z,OFF,CAR,STL,3.0,2.0,REG
2021020218,20212022,2,2021-11-13,2021-11-14T01:00:00Z,OFF,NSH,ARI,4.0,1.0,REG
2021020219,20212022,2,2021-11-13,2021-11-14T01:00:00Z,OFF,DAL,PHI,5.0,2.0,REG
2021020221,20212022,2,2021-11-13,2021-11-14T02:00:00Z,OFF,COL,SJS,6.0,2.0,REG
2021020222,20212022,2,2021-11-13,2021-11-14T03:00:00Z,OFF,VGK,VAN,7.0,4.0,REG
2021020223,20212022,2,2021-11-13,2021-11-14T03:00:00Z,OFF,SEA,MIN,2.0,4.0,REG
2021020225,20212022,2,2021-11-14,2021-11-14T22:00:00Z,OFF,OTT,CGY,0.0,4.0,REG
2021020224,20212022,2,2021-11-14,2021-11-15T00:00:00Z,OFF,BOS,MTL,5.0,2.0,REG
2021020226,20212022,2,2021-11-14,2021-11-15T00:00:00Z,OFF,NYR,NJD,4.0,3.0,SO
2021020227,20212022,2,2021-11-14,2021-11-15T00:00:00Z,OFF,WSH,PIT,6.0,1.0,REG
2021020228,20212022,2,2021-11-14,2021-11-15T00:00:00Z,OFF,STL,EDM,4.0,5.0,REG
2021020229,20212022,2,2021-11-14,2021-11-15T01:00:00Z,OFF,ANA,VAN,5.0,1.0,REG
2021020230,20212022,2,2021-11-15,2021-11-16T00:00:00Z,OFF,TBL,NYI,4.0,1.0,REG
2021020231,20212022,2,2021-11-15,2021-11-16T00:00:00Z,OFF,CBJ,DET,5.0,3.0,REG
2021020232,20212022,2,2021-11-16,2021-11-17T00:00:00Z,OFF,TOR,NSH,3.0,0.0,REG
2021020233,20212022,2,2021-11-16,2021-11-17T00:00:00Z,OFF,FLA,NYI,6.0,1.0,REG
2021020235,20212022,2,2021-11-16,2021-11-17T00:00:00Z,OFF,NYR,MTL,3.0,2.0,REG
2021020236,20212022,2,2021-11-16,2021-11-17T00:00:00Z,OFF,PHI,CGY,2.0,1.0,OT
2021020237,20212022,2,2021-11-16,2021-11-17T00:00:00Z,OFF,PIT,BUF,1.0,2.0,REG
2021020238,20212022,2,2021-11-16,2021-11-17T01:00:00Z,OFF,STL,ARI,2.0,3.0,REG
2021020240,20212022,2,2021-11-16,2021-11-17T01:00:00Z,OFF,MIN,SJS,1.0,4.0,REG
2021020241,20212022,2,2021-11-16,2021-11-17T01:00:00Z,OFF,WPG,EDM,5.0,2.0,REG
2021020239,20212022,2,2021-11-16,2021-11-17T01:30:00Z,OFF,DAL,DET,5.0,2.0,REG
2021020242,20212022,2,2021-11-16,2021-11-17T03:00:00Z,OFF,VGK,CAR,2.0,4.0,REG
2021020243,20212022,2,2021-11-16,2021-11-17T03:00:00Z,OFF,ANA,WSH,3.0,2.0,OT
2021020244,20212022,2,2021-11-17,2021-11-18T02:00:00Z,OFF,VAN,COL,2.0,4.0,REG
2021020246,20212022,2,2021-11-17,2021-11-18T03:00:00Z,OFF,SEA,CHI,2.0,4.0,REG
2021020245,20212022,2,2021-11-17,2021-11-18T03:30:00Z,OFF,LAK,WSH,0.0,2.0,REG
2021020247,20212022,2,2021-11-18,2021-11-19T00:00:00Z,OFF,BUF,CGY,0.0,5.0,REG
2021020248,20212022,2,2021-11-18,2021-11-19T00:00:00Z,OFF,TOR,NYR,2.0,1.0,REG
2021020249,20212022,2,2021-11-18,2021-11-19T00:00:00Z,OFF,MTL,PIT,0.0,6.0,REG
2021020251,20212022,2,2021-11-18,2021-11-19T00:00:00Z,OFF,FLA,NJD,4.0,1.0,REG
2021020252,20212022,2,2021-11-18,2021-11-19T00:00:00Z,OFF,PHI,TBL,3.0,4.0,SO
2021020253,20212022,2,2021-11-18,2021-11-19T01:00:00Z,OFF,STL,SJS,4.0,1.0,REG
2021020254,20212022,2,2021-11-18,2021-11-19T01:00:00Z,OFF,MIN,DAL,7.0,2.0,REG
2021020255,20212022,2,2021-11-18,2021-11-19T02:00:00Z,OFF,EDM,WPG,2.0,1.0,SO
2021020256,20212022,2,2021-11-18,2021-11-19T02:00:00Z,OFF,ARI,CBJ,4.0,5.0,SO
2021020257,20212022,2,2021-11-18,2021-11-19T03:00:00Z,OFF,VGK,DET,5.0,2.0,REG
2021020258,20212022,2,2021-11-18,2021-11-19T03:00:00Z,OFF,ANA,CAR,1.0,2.0,REG
2021020259,20212022,2,2021-11-19,2021-11-20T03:00:00Z,OFF,VAN,WPG,3.0,2.0,REG
2021020260,20212022,2,2021-11-19,2021-11-20T03:00:00Z,OFF,SEA,COL,3.0,7.0,REG
2021020264,20212022,2,2021-11-20,2021-11-20T21:00:00Z,OFF,TBL,NJD,3.0,5.0,REG
2021020272,20212022,2,2021-11-20,2021-11-20T21:00:00Z,OFF,LAK,CAR,4.0,5.0,REG
2021020265,20212022,2,2021-11-20,2021-11-20T23:00:00Z,OFF,FLA,MIN,5.0,4.0,REG
2021020261,20212022,2,2021-11-20,2021-11-21T00:00:00Z,OFF,TOR,PIT,0.0,2.0,REG
2021020262,20212022,2,2021-11-20,2021-11-21T00:00:00Z,OFF,MTL,NSH,6.0,3.0,REG
2021020266,20212022,2,2021-11-20,2021-11-21T00:00:00Z,OFF,NYI,CGY,2.0,5.0,REG
2021020267,20212022,2,2021-11-20,2021-11-21T00:00:00Z,OFF,PHI,BOS,2.0,5.0,REG
2021020268,20212022,2,2021-11-20,2021-11-21T01:00:00Z,OFF,DAL,STL,4.0,1.0,REG
2021020270,20212022,2,2021-11-20,2021-11-21T01:00:00Z,OFF,ARI,DET,2.0,1.0,OT
2021020269,20212022,2,2021-11-20,2021-11-21T03:00:00Z,OFF,EDM,CHI,5.0,2.0,REG
2021020271,20212022,2,2021-11-20,2021-11-21T03:00:00Z,OFF,VGK,CBJ,3.0,2.0,REG
2021020273,20212022,2,2021-11-20,2021-11-21T03:30:00Z,OFF,SJS,WSH,0.0,4.0,REG
2021020275,20212022,2,2021-11-21,2021-11-21T22:00:00Z,OFF,TBL,MIN,5.0,4.0,SO
2021020277,20212022,2,2021-11-21,2021-11-21T23:00:00Z,OFF,NYR,BUF,5.0,4.0,REG
2021020274,20212022,2,2021-11-21,2021-11-22T00:00:00Z,OFF,BOS,CGY,0.0,4.0,REG
2021020276,20212022,2,2021-11-21,2021-11-22T00:30:00Z,OFF,NYI,TOR,0.0,3.0,REG
2021020278,20212022,2,2021-11-21,2021-11-22T01:00:00Z,OFF,VAN,CHI,0.0,1.0,REG
2021020280,20212022,2,2021-11-21,2021-11-22T02:00:00Z,OFF,SEA,WSH,5.0,2.0,REG
2021020279,20212022,2,2021-11-21,2021-11-22T03:00:00Z,OFF,LAK,ARI,1.0,2.0,OT
2021020281,20212022,2,2021-11-22,2021-11-23T00:00:00Z,OFF,BUF,CBJ,4.0,7.0,REG
2021020282,20212022,2,2021-11-22,2021-11-23T01:00:00Z,OFF,STL,VGK,5.0,2.0,REG
2021020283,20212022,2,2021-11-22,2021-11-23T01:00:00Z,OFF,NSH,ANA,3.0,2.0,REG
2021020284,20212022,2,2021-11-22,2021-11-23T01:30:00Z,OFF,WPG,PIT,1.0,3.0,REG
2021020285,20212022,2,2021-11-22,2021-11-23T01:30:00Z,OFF,COL,OTT,7.0,5.0,REG
2021020286,20212022,2,2021-11-22,2021-11-23T03:30:00Z,OFF,SJS,CAR,2.0,1.0,OT
2021020287,20212022,2,2021-11-23,2021-11-24T00:00:00Z,OFF,TBL,PHI,4.0,0.0,REG
2021020288,20212022,2,2021-11-23,2021-11-24T01:30:00Z,OFF,DAL,EDM,4.0,1.0,REG
2021020289,20212022,2,2021-11-23,2021-11-24T02:00:00Z,OFF,CGY,CHI,5.0,2.0,REG
2021020290,20212022,2,2021-11-24,2021-11-25T00:00:00Z,OFF,BUF,BOS,1.0,5.0,REG
2021020292,20212022,2,2021-11-24,2021-11-25T00:00:00Z,OFF,FLA,PHI,2.0,1.0,OT
2021020293,20212022,2,2021-11-24,2021-11-25T00:00:00Z,OFF,NJD,MIN,2.0,3.0,SO
2021020295,20212022,2,2021-11-24,2021-11-25T00:00:00Z,OFF,PIT,VAN,4.0,1.0,REG
2021020296,20212022,2,2021-11-24,2021-11-25T00:00:00Z,OFF,WSH,MTL,6.0,3.0,REG
2021020297,20212022,2,2021-11-24,2021-11-25T00:00:00Z,OFF,CBJ,WPG,3.0,0.0,REG
2021020291,20212022,2,2021-11-24,2021-11-25T00:30:00Z,OFF,DET,STL,4.0,2.0,REG
2021020294,20212022,2,2021-11-24,2021-11-25T00:30:00Z,OFF,NYI,NYR,1.0,4.0,REG
2021020298,20212022,2,2021-11-24,2021-11-25T01:00:00Z,OFF,NSH,VGK,2.0,5.0,REG
2021020299,20212022,2,2021-11-24,2021-11-25T02:00:00Z,OFF,COL,ANA,5.0,2.0,REG
2021020300,20212022,2,2021-11-24,2021-11-25T03:00:00Z,OFF,ARI,EDM,3.0,5.0,REG
2021020301,20212022,2,2021-11-24,2021-11-25T03:00:00Z,OFF,LAK,TOR,2.0,6.0,REG
2021020303,20212022,2,2021-11-24,2021-11-25T03:00:00Z,OFF,SEA,CAR,2.0,1.0,REG
2021020302,20212022,2,2021-11-24,2021-11-25T03:30:00Z,OFF,SJS,OTT,6.0,3.0,REG
2021020304,20212022,2,2021-11-26,2021-11-26T18:00:00Z,OFF,BOS,NYR,2.0,5.0,REG
2021020308,20212022,2,2021-11-26,2021-11-26T20:30:00Z,OFF,PHI,CAR,3.0,6.0,REG
2021020311,20212022,2,2021-11-26,2021-11-26T20:30:00Z,OFF,CHI,STL,3.0,2.0,OT
2021020314,20212022,2,2021-11-26,2021-11-26T20:30:00Z,OFF,MIN,WPG,7.0,1.0,REG
2021020315,20212022,2,2021-11-26,2021-11-26T21:00:00Z,OFF,ANA,OTT,4.0,0.0,REG
2021020309,20212022,2,2021-11-26,2021-11-26T22:00:00Z,OFF,WSH,FLA,4.0,3.0,REG
2021020312,20212022,2,2021-11-26,2021-11-26T23:00:00Z,OFF,NSH,NJD,4.0,2.0,REG
2021020305,20212022,2,2021-11-26,2021-11-27T00:00:00Z,OFF,BUF,MTL,4.0,1.0,REG
2021020306,20212022,2,2021-11-26,2021-11-27T00:00:00Z,OFF,TBL,SEA,3.0,0.0,REG
2021020310,20212022,2,2021-11-26,2021-11-27T00:00:00Z,OFF,CBJ,VAN,4.0,2.0,REG
2021020307,20212022,2,2021-11-26,2021-11-27T00:30:00Z,OFF,NYI,PIT,0.0,1.0,REG
2021020313,20212022,2,2021-11-26,2021-11-27T00:30:00Z,OFF,DAL,COL,3.0,1.0,REG
2021020316,20212022,2,2021-11-26,2021-11-27T03:30:00Z,OFF,SJS,TOR,1.0,4.0,REG
2021020318,20212022,2,2021-11-27,2021-11-27T23:00:00Z,OFF,FLA,SEA,1.0,4.0,REG
2021020317,20212022,2,2021-11-27,2021-11-28T00:00:00Z,OFF,DET,BUF,3.0,2.0,OT
2021020319,20212022,2,2021-11-27,2021-11-28T00:00:00Z,OFF,PIT,MTL,3.0,6.0,REG
2021020324,20212022,2,2021-11-27,2021-11-28T00:00:00Z,OFF,VGK,EDM,2.0,3.0,REG
2021020325,20212022,2,2021-11-27,2021-11-28T00:00:00Z,OFF,LAK,OTT,4.0,2.0,REG
2021020320,20212022,2,2021-11-27,2021-11-28T01:00:00Z,OFF,STL,CBJ,6.0,3.0,REG
2021020323,20212022,2,2021-11-27,2021-11-28T01:00:00Z,OFF,ARI,DAL,2.0,3.0,REG
2021020321,20212022,2,2021-11-27,2021-11-28T02:00:00Z,OFF,COL,NSH,6.0,2.0,REG
2021020322,20212022,2,2021-11-27,2021-11-28T03:00:00Z,OFF,CGY,WPG,2.0,4.0,REG
2021020329,20212022,2,2021-11-28,2021-11-28T18:00:00Z,OFF,CAR,WSH,2.0,4.0,REG
2021020331,20212022,2,2021-11-28,2021-11-28T19:00:00Z,OFF,MIN,TBL,4.0,2.0,REG
2021020326,20212022,2,2021-11-28,2021-11-29T00:00:00Z,OFF,BOS,VAN,3.0,2.0,REG
2021020327,20212022,2,2021-11-28,2021-11-29T00:00:00Z,OFF,NJD,PHI,5.0,2.0,REG
2021020330,20212022,2,2021-11-28,2021-11-29T00:00:00Z,OFF,CHI,SJS,0.0,2.0,REG
2021020332,20212022,2,2021-11-28,2021-11-29T01:00:00Z,OFF,ANA,TOR,1.0,5.0,REG
2021020333,20212022,2,2021-11-29,2021-11-30T00:00:00Z,OFF,BUF,SEA,4.0,7.0,REG
2021020334,20212022,2,2021-11-29,2021-11-30T00:30:00Z,OFF,MTL,VAN,1.0,2.0,REG
2021020335,20212022,2,2021-11-29,2021-11-30T00:30:00Z,OFF,WPG,ARI,0.0,1.0,REG
2021020336,20212022,2,2021-11-29,2021-11-30T02:00:00Z,OFF,CGY,PIT,2.0,1.0,SO
2021020337,20212022,2,2021-11-30,2021-12-01T00:00:00Z,OFF,BOS,DET,1.0,2.0,REG
2021020338,20212022,2,2021-11-30,2021-12-01T00:00:00Z,OFF,FLA,WSH,5.0,4.0,REG
2021020339,20212022,2,2021-11-30,2021-12-01T00:00:00Z,OFF,NJD,SJS,2.0,5.0,REG
2021020341,20212022,2,2021-11-30,2021-12-01T01:00:00Z,OFF,STL,TBL,4.0,3.0,SO
2021020342,20212022,2,2021-11-30,2021-12-01T01:00:00Z,OFF,NSH,CBJ,6.0,0.0,REG
2021020344,20212022,2,2021-11-30,2021-12-01T01:00:00Z,OFF,MIN,ARI,5.0,2.0,REG
2021020343,20212022,2,2021-11-30,2021-12-01T01:30:00Z,OFF,DAL,CAR,4.0,1.0,REG
2021020345,20212022,2,2021-11-30,2021-12-01T03:30:00Z,OFF,LAK,ANA,4.0,5.0,SO
2021020349,20212022,2,2021-12-01,2021-12-02T00:00:00Z,OFF,NYR,PHI,4.0,1.0,REG
2021020346,20212022,2,2021-12-01,2021-12-02T00:30:00Z,OFF,TOR,COL,8.0,3.0,REG
2021020347,20212022,2,2021-12-01,2021-12-02T00:30:00Z,OFF,OTT,VAN,2.0,6.0,REG
2021020348,20212022,2,2021-12-01,2021-12-02T00:30:00Z,OFF,DET,SEA,4.0,3.0,SO
2021020350,20212022,2,2021-12-01,2021-12-02T03:00:00Z,OFF,EDM,PIT,5.0,2.0,REG
2021020351,20212022,2,2021-12-01,2021-12-02T03:00:00Z,OFF,ANA,VGK,6.0,5.0,REG
2021020352,20212022,2,2021-12-02,2021-12-03T00:00:00Z,OFF,MTL,COL,1.0,4.0,REG
2021020353,20212022,2,2021-12-02,2021-12-03T00:00:00Z,OFF,TBL,STL,4.0,2.0,REG
2021020354,20212022,2,2021-12-02,2021-12-03T00:00:00Z,OFF,FLA,BUF,7.0,4.0,REG
2021020356,20212022,2,2021-12-02,2021-12-03T00:00:00Z,OFF,WSH,CHI,3.0,4.0,SO
2021020357,20212022,2,2021-12-02,2021-12-03T00:00:00Z,OFF,CAR,OTT,2.0,3.0,REG
2021020355,20212022,2,2021-12-02,2021-12-03T00:30:00Z,OFF,NYI,SJS,1.0,2.0,OT
2021020358,20212022,2,2021-12-02,2021-12-03T01:00:00Z,OFF,NSH,BOS,0.0,2.0,REG
2021020360,20212022,2,2021-12-02,2021-12-03T01:00:00Z,OFF,MIN,NJD,5.0,2.0,REG
2021020359,20212022,2,2021-12-02,2021-12-03T01:30:00Z,OFF,DAL,CBJ,3.0,2.0,REG
2021020361,20212022,2,2021-12-02,2021-12-03T03:30:00Z,OFF,LAK,CGY,2.0,3.0,REG
2021020362,20212022,2,2021-12-03,2021-12-04T00:00:00Z,OFF,NYR,SJS,1.0,0.0,REG
2021020363,20212022,2,2021-12-03,2021-12-04T01:00:00Z,OFF,WPG,NJD,8.0,4.0,REG
2021020364,20212022,2,2021-12-03,2021-12-04T02:30:00Z,OFF,ARI,VGK,1.0,7.0,REG
2021020365,20212022,2,2021-12-03,2021-12-04T03:00:00Z,OFF,ANA,CGY,3.0,4.0,SO
2021020366,20212022,2,2021-12-03,2021-12-04T03:00:00Z,OFF,SEA,EDM,4.0,3.0,REG
2021020370,20212022,2,2021-12-04,2021-12-04T18:00:00Z,OFF,FLA,STL,4.0,3.0,SO
2021020367,20212022,2,2021-12-04,2021-12-05T00:00:00Z,OFF,BOS,TBL,2.0,3.0,OT
2021020368,20212022,2,2021-12-04,2021-12-05T00:00:00Z,OFF,OTT,COL,6.0,5.0,OT
2021020369,20212022,2,2021-12-04,2021-12-05T00:00:00Z,OFF,DET,NYI,4.0,3.0,OT
2021020372,20212022,2,2021-12-04,2021-12-05T00:00:00Z,OFF,WSH,CBJ,3.0,1.0,REG
2021020374,20212022,2,2021-12-04,2021-12-05T00:00:00Z,OFF,NSH,MTL,4.0,3.0,OT
2021020375,20212022,2,2021-12-04,2021-12-05T00:00:00Z,OFF,MIN,TOR,4.0,3.0,SO
2021020373,20212022,2,2021-12-04,2021-12-05T00:30:00Z,OFF,CAR,BUF,6.0,2.0,REG
2021020371,20212022,2,2021-12-04,2021-12-05T01:00:00Z,OFF,NYR,CHI,3.0,2.0,REG
2021020376,20212022,2,2021-12-04,2021-12-05T03:00:00Z,OFF,VAN,PIT,1.0,4.0,REG
2021020378,20212022,2,2021-12-05,2021-12-05T23:00:00Z,OFF,PHI,TBL,1.0,7.0,REG
2021020379,20212022,2,2021-12-05,2021-12-05T23:00:00Z,OFF,CBJ,SJS,6.0,4.0,REG
2021020377,20212022,2,2021-12-05,2021-12-06T00:30:00Z,OFF,NYI,CHI,2.0,3.0,SO
2021020380,20212022,2,2021-12-05,2021-12-06T01:00:00Z,OFF,WPG,TOR,6.0,3.0,REG
2021020381,20212022,2,2021-12-05,2021-12-06T01:00:00Z,OFF,EDM,LAK,1.0,5.0,REG
2021020382,20212022,2,2021-12-05,2021-12-06T03:00:00Z,OFF,VGK,CGY,3.0,2.0,REG
2021020234,20212022,2,2021-12-06,2021-12-07T00:00:00Z,OFF,NJD,OTT,2.0,3.0,SO
2021020383,20212022,2,2021-12-06,2021-12-07T00:00:00Z,OFF,PHI,COL,5.0,7.0,REG
2021020384,20212022,2,2021-12-06,2021-12-07T00:00:00Z,OFF,WSH,ANA,4.0,3.0,SO
2021020385,20212022,2,2021-12-06,2021-12-07T01:30:00Z,OFF,DAL,ARI,4.0,1.0,REG
2021020386,20212022,2,2021-12-06,2021-12-07T03:00:00Z,OFF,VAN,LAK,4.0,0.0,REG
2021020387,20212022,2,2021-12-06,2021-12-07T03:00:00Z,OFF,SEA,PIT,1.0,6.0,REG
2021020389,20212022,2,2021-12-07,2021-12-08T00:00:00Z,OFF,TOR,CBJ,5.0,4.0,REG
2021020390,20212022,2,2021-12-07,2021-12-08T00:00:00Z,OFF,MTL,TBL,2.0,3.0,REG
2021020391,20212022,2,2021-12-07,2021-12-08T00:00:00Z,OFF,OTT,NYI,3.0,5.0,REG
2021020392,20212022,2,2021-12-07,2021-12-08T00:00:00Z,OFF,DET,NSH,2.0,5.0,REG
2021020388,20212022,2,2021-12-07,2021-12-08T00:30:00Z,OFF,BUF,ANA,0.0,2.0,REG
2021020394,20212022,2,2021-12-07,2021-12-08T01:00:00Z,OFF,STL,FLA,4.0,3.0,OT
2021020395,20212022,2,2021-12-07,2021-12-08T01:00:00Z,OFF,WPG,CAR,2.0,4.0,REG
2021020393,20212022,2,2021-12-07,2021-12-08T01:30:00Z,OFF,CHI,NYR,2.0,6.0,REG
2021020396,20212022,2,2021-12-07,2021-12-08T02:00:00Z,OFF,EDM,MIN,1.0,4.0,REG
2021020397,20212022,2,2021-12-07,2021-12-08T03:30:00Z,OFF,SJS,CGY,5.0,3.0,REG
2021020398,20212022,2,2021-12-08,2021-12-09T00:00:00Z,OFF,NJD,PHI,3.0,0.0,REG
2021020399,20212022,2,2021-12-08,2021-12-09T00:00:00Z,OFF,NYR,COL,3.0,7.0,REG
2021020400,20212022,2,2021-12-08,2021-12-09T02:00:00Z,OFF,VAN,BOS,2.0,1.0,SO
2021020401,20212022,2,2021-12-08,2021-12-09T03:00:00Z,OFF,VGK,DAL,5.0,4.0,REG
2021020402,20212022,2,2021-12-09,2021-12-10T00:00:00Z,OFF,TOR,TBL,3.0,5.0,REG
2021020403,20212022,2,2021-12-09,2021-12-10T00:00:00Z,OFF,MTL,CHI,0.0,2.0,REG
2021020405,20212022,2,2021-12-09,2021-12-10T00:00:00Z,OFF,CBJ,ANA,1.0,2.0,SO
2021020404,20212022,2,2021-12-09,2021-12-10T00:30:00Z,OFF,NYI,NSH,3.0,4.0,REG
2021020406,20212022,2,2021-12-09,2021-12-10T01:00:00Z,OFF,STL,DET,6.0,2.0,REG
2021020407,20212022,2,2021-12-09,2021-12-10T02:00:00Z,OFF,CGY,CAR,1.0,2.0,OT
2021020408,20212022,2,2021-12-09,2021-12-10T02:00:00Z,OFF,EDM,BOS,2.0,3.0,REG
2021020411,20212022,2,2021-12-09,2021-12-10T03:00:00Z,OFF,SEA,WPG,0.0,3.0,REG
2021020409,20212022,2,2021-12-09,2021-12-10T03:30:00Z,OFF,LAK,DAL,4.0,0.0,REG
2021020410,20212022,2,2021-12-09,2021-12-10T03:30:00Z,OFF,SJS,MIN,2.0,5.0,REG
2021020412,20212022,2,2021-12-10,2021-12-11T00:00:00Z,OFF,BUF,NYR,1.0,2.0,REG
2021020414,20212022,2,2021-12-10,2021-12-11T00:00:00Z,OFF,WSH,PIT,2.0,4.0,REG
2021020413,20212022,2,2021-12-10,2021-12-11T00:30:00Z,OFF,NJD,NSH,2.0,3.0,REG
2021020415,20212022,2,2021-12-10,2021-12-11T02:00:00Z,OFF,COL,DET,7.0,3.0,REG
2021020416,20212022,2,2021-12-10,2021-12-11T02:00:00Z,OFF,ARI,FLA,1.0,3.0,REG
2021020417,20212022,2,2021-12-10,2021-12-11T03:00:00Z,OFF,VAN,WPG,4.0,3.0,SO
2021020418,20212022,2,2021-12-10,2021-12-11T03:00:00Z,OFF,VGK,PHI,3.0,4.0,REG
2021020421,20212022,2,2021-12-11,2021-12-11T18:00:00Z,OFF,OTT,TBL,4.0,0.0,REG
2021020419,20212022,2,2021-12-11,2021-12-12T00:00:00Z,OFF,BUF,WSH,2.0,3.0,SO
2021020420,20212022,2,2021-12-11,2021-12-12T00:00:00Z,OFF,TOR,CHI,5.0,4.0,REG
2021020423,20212022,2,2021-12-11,2021-12-12T00:00:00Z,OFF,PIT,ANA,1.0,0.0,REG
2021020424,20212022,2,2021-12-11,2021-12-12T00:00:00Z,OFF,STL,MTL,4.0,1.0,REG
2021020422,20212022,2,2021-12-11,2021-12-12T00:30:00Z,OFF,NYI,NJD,4.0,2.0,REG
2021020427,20212022,2,2021-12-11,2021-12-12T02:00:00Z,OFF,ARI,PHI,3.0,5.0,REG
2021020425,20212022,2,2021-12-11,2021-12-12T03:00:00Z,OFF,CGY,BOS,2.0,4.0,REG
2021020426,20212022,2,2021-12-11,2021-12-12T03:00:00Z,OFF,EDM,CAR,1.0,3.0,REG
2021020430,20212022,2,2021-12-11,2021-12-12T03:00:00Z,OFF,SEA,CBJ,4.0,5.0,OT
2021020428,20212022,2,2021-12-11,2021-12-12T03:30:00Z,OFF,LAK,MIN,2.0,1.0,REG
2021020429,20212022,2,2021-12-11,2021-12-12T03:30:00Z,OFF,SJS,DAL,2.0,1.0,REG
2021020431,20212022,2,2021-12-12,2021-12-13T00:00:00Z,OFF,NYR,NSH,0.0,1.0,REG
2021020432,20212022,2,2021-12-12,2021-12-13T00:00:00Z,OFF,STL,ANA,2.0,3.0,OT
2021020433,20212022,2,2021-12-12,2021-12-13T01:00:00Z,OFF,COL,FLA,3.0,2.0,REG
2021020435,20212022,2,2021-12-12,2021-12-13T02:00:00Z,OFF,VGK,MIN,6.0,4.0,REG
2021020434,20212022,2,2021-12-12,2021-12-13T03:00:00Z,OFF,VAN,CAR,2.0,1.0,REG
2021020437,20212022,2,2021-12-14,2021-12-15T00:00:00Z,OFF,BOS,VGK,1.0,4.0,REG
2021020439,20212022,2,2021-12-14,2021-12-15T00:00:00Z,OFF,TBL,LAK,3.0,2.0,OT
2021020440,20212022,2,2021-12-14,2021-12-15T00:00:00Z,OFF,FLA,OTT,2.0,8.0,REG
2021020441,20212022,2,2021-12-14,2021-12-15T00:00:00Z,OFF,PHI,NJD,6.0,1.0,REG
2021020442,20212022,2,2021-12-14,2021-12-15T00:00:00Z,OFF,PIT,MTL,5.0,2.0,REG
2021020438,20212022,2,2021-12-14,2021-12-15T00:30:00Z,OFF,DET,NYI,2.0,1.0,REG
2021020446,20212022,2,2021-12-14,2021-12-15T01:00:00Z,OFF,WPG,BUF,2.0,4.0,REG
2021020444,20212022,2,2021-12-14,2021-12-15T01:30:00Z,OFF,DAL,STL,1.0,4.0,REG
2021020447,20212022,2,2021-12-14,2021-12-15T02:00:00Z,OFF,COL,NYR,4.0,2.0,REG
2021020448,20212022,2,2021-12-14,2021-12-15T02:00:00Z,OFF,EDM,TOR,1.0,5.0,REG
2021020449,20212022,2,2021-12-14,2021-12-15T03:00:00Z,OFF,VAN,CBJ,4.0,3.0,REG
2021020450,20212022,2,2021-12-14,2021-12-15T03:30:00Z,OFF,SJS,SEA,1.0,3.0,REG
2021020451,20212022,2,2021-12-15,2021-12-16T01:00:00Z,OFF,CHI,WSH,5.0,4.0,OT
2021020452,20212022,2,2021-12-15,2021-12-16T02:00:00Z,OFF,ARI,NYR,2.0,3.0,REG
2021020453,20212022,2,2021-12-15,2021-12-16T03:00:00Z,OFF,ANA,SEA,4.0,1.0,REG
2021020454,20212022,2,2021-12-16,2021-12-17T00:00:00Z,OFF,MTL,PHI,3.0,2.0,SO
2021020455,20212022,2,2021-12-16,2021-12-17T00:00:00Z,OFF,TBL,OTT,2.0,1.0,REG
2021020456,20212022,2,2021-12-16,2021-12-17T00:00:00Z,OFF,FLA,LAK,1.0,4.0,REG
2021020457,20212022,2,2021-12-16,2021-12-17T00:00:00Z,OFF,NJD,VGK,3.0,5.0,REG
2021020459,20212022,2,2021-12-16,2021-12-17T00:00:00Z,OFF,CAR,DET,5.0,3.0,REG
2021020458,20212022,2,2021-12-16,2021-12-17T00:30:00Z,OFF,NYI,BOS,3.0,1.0,REG
2021020460,20212022,2,2021-12-16,2021-12-17T01:00:00Z,OFF,NSH,COL,5.0,2.0,REG
2021020461,20212022,2,2021-12-16,2021-12-17T01:00:00Z,OFF,MIN,BUF,2.0,3.0,SO
2021020463,20212022,2,2021-12-16,2021-12-17T02:00:00Z,OFF,EDM,CBJ,5.0,2.0,REG
2021020464,20212022,2,2021-12-16,2021-12-17T03:30:00Z,OFF,SJS,VAN,2.0,5.0,REG
2021020465,20212022,2,2021-12-17,2021-12-18T00:00:00Z,OFF,NYR,VGK,2.0,3.0,SO
2021020466,20212022,2,2021-12-17,2021-12-18T00:00:00Z,OFF,PIT,BUF,3.0,2.0,OT
2021020468,20212022,2,2021-12-17,2021-12-18T01:00:00Z,OFF,STL,DAL,4.0,1.0,REG
2021020469,20212022,2,2021-12-17,2021-12-18T01:00:00Z,OFF,WPG,WSH,2.0,5.0,REG
2021020467,20212022,2,2021-12-17,2021-12-18T01:30:00Z,OFF,CHI,NSH,2.0,3.0,OT
2021020470,20212022,2,2021-12-17,2021-12-18T03:00:00Z,OFF,ANA,ARI,5.0,6.0,OT
2021020473,20212022,2,2021-12-18,2021-12-19T00:00:00Z,OFF,PHI,OTT,4.0,3.0,OT
2021020474,20212022,2,2021-12-18,2021-12-19T00:00:00Z,OFF,CAR,LAK,5.0,1.0,REG
2021020472,20212022,2,2021-12-18,2021-12-19T01:00:00Z,OFF,DET,NJD,5.0,2.0,REG
2021020475,20212022,2,2021-12-18,2021-12-19T01:00:00Z,OFF,DAL,CHI,4.0,3.0,OT
2021020480,20212022,2,2021-12-18,2021-12-19T03:00:00Z,OFF,SEA,EDM,3.0,5.0,REG
2021020483,20212022,2,2021-12-19,2021-12-19T19:00:00Z,OFF,NYI,VGK,3.0,4.0,SO
2021020486,20212022,2,2021-12-19,2021-12-19T20:00:00Z,OFF,WPG,STL,4.0,2.0,REG
2021020482,20212022,2,2021-12-19,2021-12-20T00:00:00Z,OFF,NJD,PIT,2.0,3.0,REG
2021020484,20212022,2,2021-12-19,2021-12-20T00:00:00Z,OFF,WSH,LAK,2.0,3.0,REG
2021020492,20212022,2,2021-12-20,2021-12-21T01:30:00Z,OFF,DAL,MIN,7.0,4.0,REG
2021020501,20212022,2,2021-12-21,2021-12-22T03:00:00Z,OFF,VGK,TBL,3.0,4.0,REG
2021020537,20212022,2,2021-12-28,2021-12-29T00:00:00Z,OFF,TBL,MTL,5.0,4.0,OT
2021020539,20212022,2,2021-12-28,2021-12-29T03:30:00Z,OFF,LAK,VGK,3.0,6.0,REG
2021020540,20212022,2,2021-12-28,2021-12-29T03:30:00Z,OFF,SJS,ARI,8.0,7.0,SO
2021020541,20212022,2,2021-12-29,2021-12-30T00:00:00Z,OFF,BUF,NJD,3.0,4.0,REG
2021020544,20212022,2,2021-12-29,2021-12-30T00:00:00Z,OFF,FLA,NYR,4.0,3.0,REG
2021020546,20212022,2,2021-12-29,2021-12-30T00:00:00Z,OFF,WSH,NSH,5.0,3.0,REG
2021020547,20212022,2,2021-12-29,2021-12-30T01:30:00Z,OFF,STL,EDM,4.0,2.0,REG
2021020551,20212022,2,2021-12-29,2021-12-30T03:00:00Z,OFF,SEA,PHI,2.0,3.0,OT
2021020550,20212022,2,2021-12-29,2021-12-30T03:30:00Z,OFF,ANA,VAN,1.0,2.0,OT
2021020552,20212022,2,2021-12-30,2021-12-31T00:00:00Z,OFF,FLA,TBL,9.0,3.0,REG
2021020554,20212022,2,2021-12-30,2021-12-31T00:00:00Z,OFF,CAR,MTL,4.0,0.0,REG
2021020555,20212022,2,2021-12-30,2021-12-31T00:00:00Z,OFF,CBJ,NSH,4.0,3.0,SO
2021020553,20212022,2,2021-12-30,2021-12-31T00:30:00Z,OFF,NYI,BUF,4.0,1.0,REG
2021020558,20212022,2,2021-12-30,2021-12-31T03:00:00Z,OFF,SEA,CGY,4.0,6.0,REG
2021020556,20212022,2,2021-12-30,2021-12-31T03:30:00Z,OFF,LAK,VAN,2.0,1.0,SO
2021020557,20212022,2,2021-12-30,2021-12-31T03:30:00Z,OFF,SJS,PHI,3.0,2.0,OT
2021020562,20212022,2,2021-12-31,2021-12-31T18:00:00Z,OFF,NJD,EDM,6.0,5.0,OT
2021020565,20212022,2,2021-12-31,2021-12-31T20:00:00Z,OFF,VGK,ANA,3.0,1.0,REG
2021020561,20212022,2,2021-12-31,2022-01-01T00:00:00Z,OFF,TBL,NYR,3.0,4.0,SO
2021020560,20212022,2,2021-12-31,2022-01-01T00:30:00Z,OFF,DET,WSH,1.0,3.0,REG
2021020566,20212022,2,2022-01-01,2022-01-01T18:00:00Z,OFF,BOS,BUF,4.0,3.0,OT
2021020568,20212022,2,2022-01-01,2022-01-01T18:00:00Z,OFF,FLA,MTL,5.0,2.0,REG
2021020570,20212022,2,2022-01-01,2022-01-01T18:00:00Z,OFF,CBJ,CAR,4.0,7.0,REG
2021020569,20212022,2,2022-01-01,2022-01-01T19:00:00Z,OFF,NYI,EDM,3.0,2.0,OT
2021020571,20212022,2,2022-01-01,2022-01-01T19:00:00Z,OFF,NSH,CHI,6.0,1.0,REG
2021020567,20212022,2,2022-01-01,2022-01-02T00:00:00Z,OFF,TOR,OTT,6.0,0.0,REG
2021020572,20212022,2,2022-01-01,2022-01-02T00:00:00Z,OFF,MIN,STL,4.0,6.0,REG
2021020574,20212022,2,2022-01-01,2022-01-02T03:00:00Z,OFF,SEA,VAN,2.0,5.0,REG
2021020573,20212022,2,2022-01-01,2022-01-02T03:30:00Z,OFF,LAK,PHI,6.0,3.0,REG
2021020576,20212022,2,2022-01-02,2022-01-02T17:30:00Z,OFF,NYR,TBL,4.0,0.0,REG
2021020575,20212022,2,2022-01-02,2022-01-02T18:00:00Z,OFF,DET,BOS,1.0,5.0,REG
2021020577,20212022,2,2022-01-02,2022-01-02T18:00:00Z,OFF,PIT,SJS,8.0,5.0,REG
2021020578,20212022,2,2022-01-02,2022-01-02T20:00:00Z,OFF,WSH,NJD,3.0,4.0,OT
2021020580,20212022,2,2022-01-02,2022-01-02T20:00:00Z,OFF,COL,ANA,4.0,2.0,REG
2021020582,20212022,2,2022-01-02,2022-01-02T21:00:00Z,OFF,VGK,WPG,4.0,5.0,OT
2021020579,20212022,2,2022-01-02,2022-01-03T00:00:00Z,OFF,CHI,CGY,1.0,5.0,REG
2021020585,20212022,2,2022-01-03,2022-01-04T00:00:00Z,OFF,NYR,EDM,4.0,1.0,REG
2021020586,20212022,2,2022-01-04,2022-01-05T00:00:00Z,OFF,BOS,NJD,5.0,3.0,REG
2021020589,20212022,2,2022-01-04,2022-01-05T00:00:00Z,OFF,FLA,CGY,6.0,2.0,REG
2021020590,20212022,2,2022-01-04,2022-01-05T00:00:00Z,OFF,CBJ,TBL,2.0,7.0,REG
2021020588,20212022,2,2022-01-04,2022-01-05T00:30:00Z,OFF,DET,SJS,6.0,2.0,REG
2021020591,20212022,2,2022-01-04,2022-01-05T01:30:00Z,OFF,CHI,COL,3.0,4.0,OT
2021020592,20212022,2,2022-01-04,2022-01-05T02:00:00Z,OFF,ARI,WPG,1.0,3.0,REG
2021020593,20212022,2,2022-01-04,2022-01-05T03:00:00Z,OFF,VGK,NSH,2.0,3.0,REG
2021020594,20212022,2,2022-01-04,2022-01-05T03:00:00Z,OFF,ANA,PHI,4.0,1.0,REG
2021020596,20212022,2,2022-01-05,2022-01-06T00:00:00Z,OFF,TOR,EDM,4.0,2.0,REG
2021020597,20212022,2,2022-01-05,2022-01-06T00:30:00Z,OFF,PIT,STL,5.0,3.0,REG
2021020599,20212022,2,2022-01-06,2022-01-07T00:00:00Z,OFF,BOS,MIN,2.0,3.0,REG
2021020600,20212022,2,2022-01-06,2022-01-07T00:00:00Z,OFF,BUF,SJS,2.0,3.0,REG
2021020602,20212022,2,2022-01-06,2022-01-07T00:00:00Z,OFF,TBL,CGY,4.0,1.0,REG
2021020603,20212022,2,2022-01-06,2022-01-07T00:00:00Z,OFF,NJD,CBJ,3.0,1.0,REG
2021020604,20212022,2,2022-01-06,2022-01-07T00:00:00Z,OFF,PHI,PIT,2.0,6.0,REG
2021020605,20212022,2,2022-01-06,2022-01-07T01:30:00Z,OFF,DAL,FLA,6.0,5.0,SO
2021020606,20212022,2,2022-01-06,2022-01-07T02:00:00Z,OFF,COL,WPG,7.0,1.0,REG
2021020607,20212022,2,2022-01-06,2022-01-07T02:00:00Z,OFF,ARI,CHI,6.0,4.0,REG
2021020608,20212022,2,2022-01-06,2022-01-07T03:00:00Z,OFF,VGK,NYR,5.0,1.0,REG
2021020610,20212022,2,2022-01-06,2022-01-07T03:30:00Z,OFF,LAK,NSH,2.0,4.0,REG
2021020612,20212022,2,2022-01-07,2022-01-08T00:00:00Z,OFF,CAR,CGY,6.0,3.0,REG
2021020613,20212022,2,2022-01-07,2022-01-08T01:00:00Z,OFF,STL,WSH,5.0,1.0,REG
2021020619,20212022,2,2022-01-08,2022-01-08T19:00:00Z,OFF,DAL,PIT,3.0,2.0,REG
2021020615,20212022,2,2022-01-08,2022-01-09T00:00:00Z,OFF,TBL,BOS,2.0,5.0,REG
2021020616,20212022,2,2022-01-08,2022-01-09T00:00:00Z,OFF,PHI,SJS,2.0,3.0,OT
2021020617,20212022,2,2022-01-08,2022-01-09T00:00:00Z,OFF,CAR,FLA,3.0,4.0,OT
2021020618,20212022,2,2022-01-08,2022-01-09T00:00:00Z,OFF,CBJ,NJD,4.0,3.0,REG
2021020622,20212022,2,2022-01-08,2022-01-09T00:00:00Z,OFF,COL,TOR,5.0,4.0,OT
2021020620,20212022,2,2022-01-08,2022-01-09T01:00:00Z,OFF,MIN,WSH,3.0,2.0,SO
2021020624,20212022,2,2022-01-08,2022-01-09T01:00:00Z,OFF,ARI,NSH,2.0,4.0,REG
2021020626,20212022,2,2022-01-08,2022-01-09T03:00:00Z,OFF,VGK,CHI,1.0,2.0,REG
2021020627,20212022,2,2022-01-08,2022-01-09T03:00:00Z,OFF,ANA,NYR,1.0,4.0,REG
2021020628,20212022,2,2022-01-08,2022-01-09T03:30:00Z,OFF,LAK,DET,4.0,0.0,REG
2021020629,20212022,2,2022-01-09,2022-01-09T19:00:00Z,OFF,STL,DAL,2.0,1.0,REG
2021020609,20212022,2,2022-01-09,2022-01-10T01:00:00Z,OFF,ANA,DET,4.0,3.0,SO
2021020632,20212022,2,2022-01-10,2022-01-11T00:00:00Z,OFF,WSH,BOS,3.0,7.0,REG
2021020634,20212022,2,2022-01-10,2022-01-11T02:00:00Z,OFF,COL,SEA,4.0,3.0,REG
2021020636,20212022,2,2022-01-10,2022-01-11T03:30:00Z,OFF,LAK,NYR,3.0,1.0,REG
2021020637,20212022,2,2022-01-11,2022-01-12T00:00:00Z,OFF,BUF,TBL,1.0,6.0,REG
2021020638,20212022,2,2022-01-11,2022-01-12T00:00:00Z,OFF,FLA,VAN,5.0,2.0,REG
2021020640,20212022,2,2022-01-11,2022-01-12T00:00:00Z,OFF,CBJ,CHI,2.0,4.0,REG
2021020641,20212022,2,2022-01-11,2022-01-12T01:00:00Z,OFF,NSH,COL,5.0,4.0,OT
2021020643,20212022,2,2022-01-11,2022-01-12T03:00:00Z,OFF,VGK,TOR,3.0,4.0,SO
2021020644,20212022,2,2022-01-11,2022-01-12T03:00:00Z,OFF,ANA,PIT,1.0,4.0,REG
2021020645,20212022,2,2022-01-11,2022-01-12T03:30:00Z,OFF,SJS,DET,3.0,2.0,OT
2021021000,20212022,2,2022-01-12,2022-01-13T00:00:00Z,OFF,BOS,MTL,5.0,1.0,REG
2021020647,20212022,2,2022-01-12,2022-01-13T01:30:00Z,OFF,DAL,SEA,5.0,2.0,REG
2021020649,20212022,2,2022-01-12,2022-01-13T03:00:00Z,OFF,ARI,TOR,2.0,1.0,REG
2021020650,20212022,2,2022-01-13,2022-01-14T00:00:00Z,OFF,BOS,PHI,3.0,2.0,REG
2021020652,20212022,2,2022-01-13,2022-01-14T00:00:00Z,OFF,TBL,VAN,4.0,2.0,REG
2021020654,20212022,2,2022-01-13,2022-01-14T00:00:00Z,OFF,CAR,CBJ,0.0,6.0,REG
2021020651,20212022,2,2022-01-13,2022-01-14T00:30:00Z,OFF,DET,WPG,0.0,3.0,REG
2021020653,20212022,2,2022-01-13,2022-01-14T00:30:00Z,OFF,NYI,NJD,3.0,2.0,REG
2021020656,20212022,2,2022-01-13,2022-01-14T01:00:00Z,OFF,STL,SEA,2.0,1.0,REG
2021020657,20212022,2,2022-01-13,2022-01-14T01:00:00Z,OFF,NSH,BUF,1.0,4.0,REG
2021020655,20212022,2,2022-01-13,2022-01-14T01:30:00Z,OFF,CHI,MTL,3.0,2.0,OT
2021020658,20212022,2,2022-01-13,2022-01-14T02:00:00Z,OFF,CGY,OTT,1.0,4.0,REG
2021020659,20212022,2,2022-01-13,2022-01-14T03:30:00Z,OFF,LAK,PIT,6.0,2.0,REG
2021020660,20212022,2,2022-01-13,2022-01-14T03:30:00Z,OFF,SJS,NYR,0.0,3.0,REG
2021020661,20212022,2,2022-01-14,2022-01-15T00:00:00Z,OFF,FLA,DAL,7.0,1.0,REG
2021020662,20212022,2,2022-01-14,2022-01-15T01:00:00Z,OFF,MIN,ANA,7.0,3.0,REG
2021020663,20212022,2,2022-01-14,2022-01-15T02:00:00Z,OFF,COL,ARI,4.0,3.0,SO
2021020665,20212022,2,2022-01-15,2022-01-15T18:00:00Z,OFF,BOS,NSH,4.0,3.0,OT
2021020672,20212022,2,2022-01-15,2022-01-15T18:00:00Z,OFF,CAR,VAN,4.0,1.0,REG
2021020670,20212022,2,2022-01-15,2022-01-15T19:00:00Z,OFF,NYI,WSH,0.0,2.0,REG
2021020669,20212022,2,2022-01-15,2022-01-15T23:00:00Z,OFF,FLA,CBJ,9.0,2.0,REG
2021020667,20212022,2,2022-01-15,2022-01-16T00:00:00Z,OFF,DET,BUF,4.0,0.0,REG
2021020668,20212022,2,2022-01-15,2022-01-16T00:00:00Z,OFF,TBL,DAL,3.0,1.0,REG
2021020671,20212022,2,2022-01-15,2022-01-16T00:00:00Z,OFF,PHI,NYR,2.0,3.0,REG
2021020674,20212022,2,2022-01-15,2022-01-16T00:00:00Z,OFF,STL,TOR,5.0,6.0,REG
2021020673,20212022,2,2022-01-15,2022-01-16T01:30:00Z,OFF,CHI,ANA,3.0,0.0,REG
2021020677,20212022,2,2022-01-15,2022-01-16T02:00:00Z,OFF,ARI,COL,0.0,5.0,REG
2021020635,20212022,2,2022-01-15,2022-01-16T03:00:00Z,OFF,EDM,OTT,4.0,6.0,REG
2021020679,20212022,2,2022-01-15,2022-01-16T03:00:00Z,OFF,SEA,LAK,1.0,3.0,REG
2021020678,20212022,2,2022-01-15,2022-01-16T03:30:00Z,OFF,SJS,PIT,1.0,2.0,OT
2021020680,20212022,2,2022-01-16,2022-01-16T19:00:00Z,OFF,WSH,VAN,2.0,4.0,REG
2021020682,20212022,2,2022-01-17,2022-01-17T18:00:00Z,OFF,BUF,DET,2.0,3.0,OT
2021020686,20212022,2,2022-01-17,2022-01-17T20:00:00Z,OFF,COL,MIN,4.0,3.0,SO
2021020687,20212022,2,2022-01-17,2022-01-17T21:00:00Z,OFF,ARI,MTL,5.0,2.0,REG
2021020689,20212022,2,2022-01-17,2022-01-17T21:00:00Z,OFF,SJS,LAK,6.0,2.0,REG
2021020690,20212022,2,2022-01-17,2022-01-17T22:00:00Z,OFF,SEA,CHI,3.0,2.0,SO
2021020684,20212022,2,2022-01-17,2022-01-18T00:30:00Z,OFF,NYI,PHI,4.0,1.0,REG
2021020685,20212022,2,2022-01-17,2022-01-18T01:00:00Z,OFF,STL,NSH,5.0,3.0,REG
2021020688,20212022,2,2022-01-17,2022-01-18T03:00:00Z,OFF,VGK,PIT,3.0,5.0,REG
2021020340,20212022,2,2022-01-18,2022-01-19T00:00:00Z,OFF,PHI,NYI,3.0,4.0,SO
2021020691,20212022,2,2022-01-18,2022-01-19T00:00:00Z,OFF,BOS,CAR,1.0,7.0,REG
2021020692,20212022,2,2022-01-18,2022-01-19T00:00:00Z,OFF,OTT,BUF,1.0,3.0,REG
2021020695,20212022,2,2022-01-18,2022-01-19T00:00:00Z,OFF,WSH,WPG,4.0,3.0,OT
2021020696,20212022,2,2022-01-18,2022-01-19T01:00:00Z,OFF,NSH,VAN,1.0,3.0,REG
2021020697,20212022,2,2022-01-18,2022-01-19T01:30:00Z,OFF,DAL,MTL,3.0,5.0,REG
2021020698,20212022,2,2022-01-18,2022-01-19T02:00:00Z,OFF,CGY,FLA,5.0,1.0,REG
2021020700,20212022,2,2022-01-18,2022-01-19T03:30:00Z,OFF,LAK,TBL,4.0,6.0,REG
2021020701,20212022,2,2022-01-19,2022-01-20T00:00:00Z,OFF,NJD,ARI,1.0,4.0,REG
2021020702,20212022,2,2022-01-19,2022-01-20T00:30:00Z,OFF,NYR,TOR,6.0,3.0,REG
2021020703,20212022,2,2022-01-19,2022-01-20T03:00:00Z,OFF,ANA,COL,0.0,2.0,REG
2021020704,20212022,2,2022-01-20,2022-01-21T00:00:00Z,OFF,BOS,WSH,4.0,3.0,REG
2021020705,20212022,2,2022-01-20,2022-01-21T00:00:00Z,OFF,BUF,DAL,4.0,5.0,REG
2021020706,20212022,2,2022-01-20,2022-01-21T00:00:00Z,OFF,PHI,CBJ,1.0,2.0,REG
2021020707,20212022,2,2022-01-20,2022-01-21T00:00:00Z,OFF,PIT,OTT,6.0,4.0,REG
2021020708,20212022,2,2022-01-20,2022-01-21T01:00:00Z,OFF,NSH,WPG,5.0,2.0,REG
2021020709,20212022,2,2022-01-20,2022-01-21T02:00:00Z,OFF,EDM,FLA,0.0,6.0,REG
2021020711,20212022,2,2022-01-20,2022-01-21T02:30:00Z,OFF,LAK,COL,1.0,4.0,REG
2021020710,20212022,2,2022-01-20,2022-01-21T03:00:00Z,OFF,VGK,MTL,4.0,3.0,OT
2021020712,20212022,2,2022-01-20,2022-01-21T03:00:00Z,OFF,SEA,SJS,3.0,2.0,REG
2021020715,20212022,2,2022-01-21,2022-01-22T00:00:00Z,OFF,CAR,NYR,6.0,3.0,REG
2021020716,20212022,2,2022-01-21,2022-01-22T00:00:00Z,OFF,CBJ,PIT,2.0,5.0,REG
2021020713,20212022,2,2022-01-21,2022-01-22T00:30:00Z,OFF,DET,DAL,4.0,5.0,OT
2021020714,20212022,2,2022-01-21,2022-01-22T00:30:00Z,OFF,NYI,ARI,4.0,0.0,REG
2021020717,20212022,2,2022-01-21,2022-01-22T01:30:00Z,OFF,CHI,MIN,1.0,5.0,REG
2021020718,20212022,2,2022-01-21,2022-01-22T03:00:00Z,OFF,VAN,FLA,1.0,2.0,SO
2021020719,20212022,2,2022-01-21,2022-01-22T03:00:00Z,OFF,ANA,TBL,5.0,1.0,REG
2021020720,20212022,2,2022-01-21,2022-01-22T03:00:00Z,OFF,SEA,STL,0.0,5.0,REG
2021020722,20212022,2,2022-01-22,2022-01-22T18:00:00Z,OFF,BUF,PHI,6.0,3.0,REG
2021020721,20212022,2,2022-01-22,2022-01-22T20:00:00Z,OFF,BOS,WPG,3.0,2.0,REG
2021020724,20212022,2,2022-01-22,2022-01-23T00:00:00Z,OFF,NJD,CAR,7.0,4.0,REG
2021020725,20212022,2,2022-01-22,2022-01-23T00:00:00Z,OFF,NYR,ARI,7.0,3.0,REG
2021020726,20212022,2,2022-01-22,2022-01-23T00:00:00Z,OFF,WSH,OTT,3.0,2.0,OT
2021020729,20212022,2,2022-01-22,2022-01-23T00:00:00Z,OFF,COL,MTL,3.0,2.0,OT
2021021211,20212022,2,2022-01-22,2022-01-23T00:00:00Z,OFF,NYI,TOR,1.0,3.0,REG
2021020727,20212022,2,2022-01-22,2022-01-23T01:30:00Z,OFF,NSH,DET,4.0,1.0,REG
2021020728,20212022,2,2022-01-22,2022-01-23T02:00:00Z,OFF,MIN,CHI,4.0,3.0,OT
2021020730,20212022,2,2022-01-22,2022-01-23T03:00:00Z,OFF,EDM,CGY,5.0,3.0,REG
2021020731,20212022,2,2022-01-22,2022-01-23T03:30:00Z,OFF,SJS,TBL,1.0,7.0,REG
2021020733,20212022,2,2022-01-23,2022-01-23T18:00:00Z,OFF,PIT,WPG,3.0,2.0,SO
2021020734,20212022,2,2022-01-23,2022-01-23T23:00:00Z,OFF,CBJ,OTT,1.0,2.0,REG
2021020732,20212022,2,2022-01-23,2022-01-24T00:00:00Z,OFF,NJD,LAK,2.0,3.0,REG
2021020736,20212022,2,2022-01-23,2022-01-24T02:00:00Z,OFF,SEA,FLA,5.0,3.0,REG
2021020735,20212022,2,2022-01-23,2022-01-24T03:00:00Z,OFF,VAN,STL,1.0,3.0,REG
2021020737,20212022,2,2022-01-24,2022-01-25T00:00:00Z,OFF,BOS,ANA,3.0,5.0,REG
2021020738,20212022,2,2022-01-24,2022-01-25T00:00:00Z,OFF,NYR,LAK,3.0,2.0,SO
2021020739,20212022,2,2022-01-24,2022-01-25T00:00:00Z,OFF,PHI,DAL,1.0,3.0,REG
2021020740,20212022,2,2022-01-24,2022-01-25T00:00:00Z,OFF,WSH,VGK,0.0,1.0,REG
2021020741,20212022,2,2022-01-24,2022-01-25T01:00:00Z,OFF,MIN,MTL,8.0,2.0,REG
2021020742,20212022,2,2022-01-24,2022-01-25T02:00:00Z,OFF,COL,CHI,2.0,0.0,REG
2021020743,20212022,2,2022-01-24,2022-01-25T02:00:00Z,OFF,CGY,STL,7.0,1.0,REG
2021020744,20212022,2,2022-01-25,2022-01-26T00:00:00Z,OFF,OTT,BUF,5.0,0.0,REG
2021020745,20212022,2,2022-01-25,2022-01-26T00:00:00Z,OFF,NJD,DAL,1.0,5.0,REG
2021020747,20212022,2,2022-01-25,2022-01-26T00:00:00Z,OFF,PIT,ARI,6.0,3.0,REG
2021020748,20212022,2,2022-01-25,2022-01-26T00:00:00Z,OFF,CAR,VGK,4.0,3.0,OT
2021020746,20212022,2,2022-01-25,2022-01-26T00:30:00Z,OFF,NYI,PHI,4.0,3.0,REG
2021020749,20212022,2,2022-01-25,2022-01-26T01:00:00Z,OFF,WPG,FLA,3.0,5.0,REG
2021020750,20212022,2,2022-01-25,2022-01-26T03:00:00Z,OFF,VAN,EDM,2.0,3.0,OT
2021020751,20212022,2,2022-01-25,2022-01-26T03:00:00Z,OFF,SEA,NSH,2.0,4.0,REG
2021020752,20212022,2,2022-01-26,2022-01-27T00:00:00Z,OFF,TOR,ANA,4.0,3.0,SO
2021020754,20212022,2,2022-01-26,2022-01-27T00:00:00Z,OFF,WSH,SJS,1.0,4.0,REG
2021020755,20212022,2,2022-01-26,2022-01-27T00:00:00Z,OFF,CBJ,CGY,0.0,6.0,REG
2021020753,20212022,2,2022-01-26,2022-01-27T00:30:00Z,OFF,DET,CHI,5.0,8.0,REG
2021020756,20212022,2,2022-01-26,2022-01-27T03:00:00Z,OFF,COL,BOS,4.0,3.0,OT
2021020757,20212022,2,2022-01-27,2022-01-28T00:00:00Z,OFF,MTL,ANA,4.0,5.0,REG
2021020758,20212022,2,2022-01-27,2022-01-28T00:00:00Z,OFF,OTT,CAR,2.0,3.0,SO
2021020759,20212022,2,2022-01-27,2022-01-28T00:00:00Z,OFF,TBL,NJD,3.0,2.0,REG
2021020760,20212022,2,2022-01-27,2022-01-28T00:00:00Z,OFF,FLA,VGK,4.0,1.0,REG
2021020761,20212022,2,2022-01-27,2022-01-28T00:00:00Z,OFF,NYI,LAK,2.0,3.0,REG
2021020762,20212022,2,2022-01-27,2022-01-28T00:00:00Z,OFF,PIT,SEA,1.0,2.0,OT
2021020763,20212022,2,2022-01-27,2022-01-28T00:00:00Z,OFF,CBJ,NYR,5.0,3.0,REG
2021020764,20212022,2,2022-01-27,2022-01-28T01:00:00Z,OFF,STL,CGY,5.0,1.0,REG
2021020765,20212022,2,2022-01-27,2022-01-28T01:00:00Z,OFF,WPG,VAN,1.0,5.0,REG
2021020766,20212022,2,2022-01-27,2022-01-28T02:00:00Z,OFF,EDM,NSH,3.0,2.0,SO
2021020768,20212022,2,2022-01-28,2022-01-29T00:00:00Z,OFF,PIT,DET,2.0,3.0,SO
2021020767,20212022,2,2022-01-28,2022-01-29T01:00:00Z,OFF,NYR,MIN,2.0,3.0,REG
2021020769,20212022,2,2022-01-28,2022-01-29T01:30:00Z,OFF,CHI,COL,4.0,6.0,REG
2021020770,20212022,2,2022-01-28,2022-01-29T02:00:00Z,OFF,DAL,WSH,0.0,5.0,REG
2021020771,20212022,2,2022-01-28,2022-01-29T02:00:00Z,OFF,ARI,BOS,1.0,2.0,REG
2021020773,20212022,2,2022-01-29,2022-01-29T17:30:00Z,OFF,OTT,ANA,1.0,2.0,REG
2021020778,20212022,2,2022-01-29,2022-01-29T18:00:00Z,OFF,PHI,LAK,4.0,3.0,OT
2021020780,20212022,2,2022-01-29,2022-01-29T20:00:00Z,OFF,STL,WPG,1.0,4.0,REG
2021020776,20212022,2,2022-01-29,2022-01-29T23:00:00Z,OFF,FLA,SJS,5.0,4.0,OT
2021020772,20212022,2,2022-01-29,2022-01-30T00:00:00Z,OFF,MTL,EDM,2.0,7.0,REG
2021020774,20212022,2,2022-01-29,2022-01-30T00:00:00Z,OFF,DET,TOR,4.0,7.0,REG
2021020775,20212022,2,2022-01-29,2022-01-30T00:00:00Z,OFF,TBL,VGK,2.0,3.0,SO
2021020779,20212022,2,2022-01-29,2022-01-30T00:00:00Z,OFF,CAR,NJD,2.0,1.0,REG
2021020782,20212022,2,2022-01-29,2022-01-30T02:00:00Z,OFF,ARI,BUF,1.0,3.0,REG
2021020781,20212022,2,2022-01-29,2022-01-30T03:00:00Z,OFF,CGY,VAN,1.0,0.0,OT
2021020785,20212022,2,2022-01-30,2022-01-30T18:00:00Z,OFF,NYR,SEA,3.0,2.0,REG
2021020786,20212022,2,2022-01-30,2022-01-30T18:00:00Z,OFF,PIT,LAK,3.0,4.0,REG
2021020787,20212022,2,2022-01-30,2022-01-30T22:00:00Z,OFF,CAR,SJS,2.0,1.0,REG
2021020783,20212022,2,2022-01-30,2022-01-31T00:00:00Z,OFF,MTL,CBJ,3.0,6.0,REG
2021020789,20212022,2,2022-01-30,2022-01-31T00:00:00Z,OFF,DAL,BOS,6.0,1.0,REG
2021020784,20212022,2,2022-01-30,2022-01-31T00:30:00Z,OFF,NYI,MIN,3.0,4.0,REG
2021020790,20212022,2,2022-01-30,2022-01-31T01:00:00Z,OFF,COL,BUF,4.0,1.0,REG
2021020793,20212022,2,2022-01-31,2022-02-01T00:00:00Z,OFF,CBJ,FLA,4.0,8.0,REG
2021020683,20212022,2,2022-01-31,2022-02-01T00:30:00Z,OFF,TOR,NJD,6.0,4.0,REG
2021020791,20212022,2,2022-01-31,2022-02-01T00:30:00Z,OFF,OTT,EDM,3.0,2.0,OT
2021020792,20212022,2,2022-01-31,2022-02-01T00:30:00Z,OFF,DET,ANA,2.0,1.0,OT
2021020794,20212022,2,2022-01-31,2022-02-01T00:30:00Z,OFF,CHI,VAN,1.0,3.0,REG
2021020795,20212022,2,2022-02-01,2022-02-02T00:00:00Z,OFF,BOS,SEA,3.0,2.0,REG
2021020797,20212022,2,2022-02-01,2022-02-02T00:00:00Z,OFF,TBL,SJS,3.0,2.0,OT
2021020798,20212022,2,2022-02-01,2022-02-02T00:00:00Z,OFF,NJD,TOR,1.0,7.0,REG
2021020800,20212022,2,2022-02-01,2022-02-02T00:00:00Z,OFF,NYR,FLA,5.0,2.0,REG
2021020801,20212022,2,2022-02-01,2022-02-02T00:00:00Z,OFF,PHI,WPG,3.0,1.0,REG
2021020802,20212022,2,2022-02-01,2022-02-02T00:00:00Z,OFF,PIT,WSH,3.0,4.0,OT
2021020799,20212022,2,2022-02-01,2022-02-02T00:30:00Z,OFF,NYI,OTT,4.0,1.0,REG
2021020803,20212022,2,2022-02-01,2022-02-02T01:00:00Z,OFF,NSH,VAN,4.0,2.0,REG
2021020804,20212022,2,2022-02-01,2022-02-02T01:30:00Z,OFF,DAL,CGY,3.0,4.0,REG
2021020805,20212022,2,2022-02-01,2022-02-02T02:00:00Z,OFF,COL,ARI,2.0,3.0,SO
2021020806,20212022,2,2022-02-01,2022-02-02T03:00:00Z,OFF,VGK,BUF,5.0,2.0,REG
2021020777,20212022,2,2022-02-02,2022-02-03T00:00:00Z,OFF,NYI,SEA,0.0,3.0,REG
2021020808,20212022,2,2022-02-02,2022-02-03T00:00:00Z,OFF,WSH,EDM,3.0,5.0,REG
2021020807,20212022,2,2022-02-02,2022-02-03T00:30:00Z,OFF,DET,LAK,3.0,5.0,REG
2021020809,20212022,2,2022-02-02,2022-02-03T02:30:00Z,OFF,CHI,MIN,0.0,5.0,REG
2021020810,20212022,2,2022-02-02,2022-02-03T02:30:00Z,OFF,ARI,CGY,2.0,4.0,REG
2021020583,20212022,2,2022-02-07,2022-02-08T00:00:00Z,OFF,TOR,CAR,4.0,3.0,OT
2021021128,20212022,2,2022-02-07,2022-02-08T00:00:00Z,OFF,OTT,NJD,4.0,1.0,REG
2021020510,20212022,2,2022-02-08,2022-02-09T00:00:00Z,OFF,OTT,CAR,4.0,3.0,REG
2021020523,20212022,2,2022-02-08,2022-02-09T00:00:00Z,OFF,BOS,PIT,2.0,4.0,REG
2021020666,20212022,2,2022-02-08,2022-02-09T00:00:00Z,OFF,MTL,NJD,1.0,7.0,REG
2021021293,20212022,2,2022-02-08,2022-02-09T00:00:00Z,OFF,WSH,CBJ,4.0,5.0,REG
2021020531,20212022,2,2022-02-08,2022-02-09T01:00:00Z,OFF,WPG,MIN,2.0,0.0,REG
2021020664,20212022,2,2022-02-08,2022-02-09T02:00:00Z,OFF,EDM,VGK,0.0,4.0,REG
2021020487,20212022,2,2022-02-08,2022-02-09T03:00:00Z,OFF,VAN,ARI,5.0,1.0,REG
2021020694,20212022,2,2022-02-09,2022-02-10T00:00:00Z,OFF,PHI,DET,3.0,6.0,REG
2021020530,20212022,2,2022-02-09,2022-02-10T01:00:00Z,OFF,DAL,NSH,4.0,3.0,REG
2021020699,20212022,2,2022-02-09,2022-02-10T01:00:00Z,OFF,EDM,CHI,1.0,4.0,REG
2021020676,20212022,2,2022-02-09,2022-02-10T02:30:00Z,OFF,CGY,VGK,6.0,0.0,REG
2021020503,20212022,2,2022-02-09,2022-02-10T03:00:00Z,OFF,SEA,ARI,2.0,5.0,REG
2021020598,20212022,2,2022-02-09,2022-02-10T03:30:00Z,OFF,VAN,NYI,3.0,6.0,REG
2021020489,20212022,2,2022-02-10,2022-02-11T00:00:00Z,OFF,BUF,CBJ,3.0,4.0,OT
2021020494,20212022,2,2022-02-10,2022-02-11T00:00:00Z,OFF,BOS,CAR,0.0,6.0,REG
2021020559,20212022,2,2022-02-10,2022-02-11T00:00:00Z,OFF,OTT,PIT,0.0,2.0,REG
2021020587,20212022,2,2022-02-10,2022-02-11T00:00:00Z,OFF,MTL,WSH,2.0,5.0,REG
2021020529,20212022,2,2022-02-10,2022-02-11T01:00:00Z,OFF,STL,NJD,4.0,7.0,REG
2021020462,20212022,2,2022-02-10,2022-02-11T02:00:00Z,OFF,CGY,TOR,5.0,2.0,REG
2021020477,20212022,2,2022-02-10,2022-02-11T02:00:00Z,OFF,COL,TBL,3.0,2.0,REG
2021020506,20212022,2,2022-02-11,2022-02-12T01:30:00Z,OFF,DAL,WPG,4.0,3.0,OT
2021020623,20212022,2,2022-02-11,2022-02-12T02:00:00Z,OFF,EDM,NYI,3.0,1.0,REG
2021020519,20212022,2,2022-02-11,2022-02-12T02:30:00Z,OFF,ARI,TBL,3.0,4.0,REG
2021021033,20212022,2,2022-02-11,2022-02-12T03:00:00Z,OFF,ANA,SEA,3.0,4.0,REG
2021020811,20212022,2,2022-02-12,2022-02-12T17:00:00Z,OFF,DET,PHI,4.0,2.0,REG
2021020543,20212022,2,2022-02-12,2022-02-12T17:30:00Z,OFF,OTT,BOS,0.0,2.0,REG
2021020630,20212022,2,2022-02-12,2022-02-12T17:30:00Z,OFF,MTL,CBJ,1.0,2.0,REG
2021020479,20212022,2,2022-02-12,2022-02-13T00:00:00Z,OFF,VAN,TOR,3.0,2.0,REG
2021020499,20212022,2,2022-02-12,2022-02-13T00:00:00Z,OFF,NSH,WPG,2.0,5.0,REG
2021020445,20212022,2,2022-02-12,2022-02-13T01:00:00Z,OFF,MIN,CAR,3.0,2.0,REG
2021020788,20212022,2,2022-02-12,2022-02-13T01:00:00Z,OFF,STL,CHI,5.0,1.0,REG
2021020642,20212022,2,2022-02-12,2022-02-13T03:00:00Z,OFF,CGY,NYI,5.0,2.0,REG
2021020526,20212022,2,2022-02-13,2022-02-13T17:30:00Z,OFF,WSH,OTT,1.0,4.0,REG
2021020614,20212022,2,2022-02-13,2022-02-13T17:30:00Z,OFF,MTL,BUF,3.0,5.0,REG
2021020817,20212022,2,2022-02-13,2022-02-13T18:30:00Z,OFF,NJD,PIT,2.0,4.0,REG
2021020563,20212022,2,2022-02-13,2022-02-13T19:00:00Z,OFF,DAL,COL,0.0,4.0,REG
2021020517,20212022,2,2022-02-14,2022-02-15T01:00:00Z,OFF,MIN,DET,7.0,4.0,REG
2021020488,20212022,2,2022-02-14,2022-02-15T02:00:00Z,OFF,SEA,TOR,2.0,6.0,REG
2021020548,20212022,2,2022-02-14,2022-02-15T02:00:00Z,OFF,WPG,CHI,1.0,3.0,REG
2021020522,20212022,2,2022-02-14,2022-02-15T03:30:00Z,OFF,SJS,EDM,0.0,3.0,REG
2021020495,20212022,2,2022-02-15,2022-02-16T00:00:00Z,OFF,OTT,STL,2.0,5.0,REG
2021020514,20212022,2,2022-02-15,2022-02-16T00:00:00Z,OFF,PIT,PHI,5.0,4.0,OT
2021020524,20212022,2,2022-02-15,2022-02-16T00:00:00Z,OFF,BUF,NYI,6.0,3.0,REG
2021020631,20212022,2,2022-02-15,2022-02-16T00:00:00Z,OFF,NJD,TBL,3.0,6.0,REG
2021021263,20212022,2,2022-02-15,2022-02-16T00:00:00Z,OFF,NYR,BOS,2.0,1.0,SO
2021021095,20212022,2,2022-02-15,2022-02-16T01:00:00Z,OFF,NSH,WSH,1.0,4.0,REG
2021020478,20212022,2,2022-02-15,2022-02-16T02:00:00Z,OFF,CGY,CBJ,6.0,2.0,REG
2021020549,20212022,2,2022-02-15,2022-02-16T02:00:00Z,OFF,COL,DAL,1.0,4.0,REG
2021020507,20212022,2,2022-02-15,2022-02-16T03:30:00Z,OFF,LAK,EDM,2.0,5.0,REG
2021020633,20212022,2,2022-02-16,2022-02-17T00:00:00Z,OFF,WPG,MIN,6.0,3.0,REG
2021020527,20212022,2,2022-02-16,2022-02-17T00:30:00Z,OFF,CAR,FLA,2.0,3.0,OT
2021020500,20212022,2,2022-02-16,2022-02-17T02:30:00Z,OFF,CGY,ANA,6.0,2.0,REG
2021020535,20212022,2,2022-02-16,2022-02-17T03:00:00Z,OFF,VGK,COL,0.0,2.0,REG
2021020496,20212022,2,2022-02-17,2022-02-18T00:00:00Z,OFF,PHI,WSH,3.0,5.0,REG
2021020525,20212022,2,2022-02-17,2022-02-18T00:00:00Z,OFF,NYR,DET,2.0,3.0,SO
2021020542,20212022,2,2022-02-17,2022-02-18T00:00:00Z,OFF,TOR,PIT,4.0,1.0,REG
2021020796,20212022,2,2022-02-17,2022-02-18T00:00:00Z,OFF,MTL,STL,3.0,2.0,OT
2021021228,20212022,2,2022-02-17,2022-02-18T00:00:00Z,OFF,BUF,OTT,1.0,3.0,REG
2021021006,20212022,2,2022-02-17,2022-02-18T00:30:00Z,OFF,NYI,BOS,4.0,1.0,REG
2021020621,20212022,2,2022-02-17,2022-02-18T01:00:00Z,OFF,WPG,SEA,5.0,3.0,REG
2021020538,20212022,2,2022-02-17,2022-02-18T01:30:00Z,OFF,CHI,CBJ,4.0,7.0,REG
2021020493,20212022,2,2022-02-17,2022-02-18T02:00:00Z,OFF,EDM,ANA,7.0,3.0,REG
2021020502,20212022,2,2022-02-17,2022-02-18T03:30:00Z,OFF,SJS,VAN,4.0,5.0,OT
2021020485,20212022,2,2022-02-18,2022-02-19T00:00:00Z,OFF,CAR,NSH,5.0,3.0,REG
2021020476,20212022,2,2022-02-18,2022-02-19T01:00:00Z,OFF,MIN,FLA,2.0,6.0,REG
2021020516,20212022,2,2022-02-18,2022-02-19T01:30:00Z,OFF,CHI,DAL,0.0,1.0,SO
2021020521,20212022,2,2022-02-18,2022-02-19T03:00:00Z,OFF,VGK,LAK,3.0,4.0,OT
2021020504,20212022,2,2022-02-19,2022-02-19T18:00:00Z,OFF,BUF,COL,3.0,5.0,REG
2021020681,20212022,2,2022-02-19,2022-02-19T21:00:00Z,OFF,WPG,EDM,2.0,4.0,REG
2021020481,20212022,2,2022-02-19,2022-02-20T00:00:00Z,OFF,OTT,BOS,2.0,3.0,OT
2021020509,20212022,2,2022-02-19,2022-02-20T00:00:00Z,OFF,TOR,STL,3.0,6.0,REG
2021020533,20212022,2,2022-02-19,2022-02-20T02:00:00Z,OFF,ARI,LAK,3.0,5.0,REG
2021020518,20212022,2,2022-02-19,2022-02-20T03:00:00Z,OFF,CGY,SEA,2.0,1.0,REG
2021020520,20212022,2,2022-02-19,2022-02-20T03:00:00Z,OFF,VAN,ANA,4.0,7.0,REG
2021021304,20212022,2,2022-02-20,2022-02-20T18:00:00Z,OFF,PIT,CAR,3.0,4.0,REG
2021020491,20212022,2,2022-02-20,2022-02-20T19:00:00Z,OFF,NYI,MTL,2.0,3.0,SO
2021020498,20212022,2,2022-02-20,2022-02-20T20:00:00Z,OFF,CHI,FLA,2.0,5.0,REG
2021020263,20212022,2,2022-02-20,2022-02-20T22:00:00Z,OFF,OTT,NYR,1.0,2.0,REG
2021020515,20212022,2,2022-02-20,2022-02-20T23:00:00Z,OFF,CBJ,BUF,7.0,3.0,REG
2021020581,20212022,2,2022-02-20,2022-02-21T00:00:00Z,OFF,ARI,DAL,3.0,1.0,REG
2021020648,20212022,2,2022-02-20,2022-02-21T01:00:00Z,OFF,EDM,MIN,3.0,7.0,REG
2021021161,20212022,2,2022-02-20,2022-02-21T01:00:00Z,OFF,SJS,VGK,1.0,4.0,REG
2021020508,20212022,2,2022-02-21,2022-02-21T18:00:00Z,OFF,BOS,COL,5.0,1.0,REG
2021020639,20212022,2,2022-02-21,2022-02-21T20:00:00Z,OFF,PHI,CAR,3.0,4.0,OT
2021020564,20212022,2,2022-02-21,2022-02-21T21:00:00Z,OFF,CGY,WPG,3.0,1.0,REG
2021020601,20212022,2,2022-02-21,2022-02-22T00:00:00Z,OFF,MTL,TOR,5.0,2.0,REG
2021020534,20212022,2,2022-02-21,2022-02-22T03:00:00Z,OFF,VAN,SEA,5.0,2.0,REG
2021020511,20212022,2,2022-02-22,2022-02-23T00:00:00Z,OFF,FLA,NSH,4.0,6.0,REG
2021020528,20212022,2,2022-02-22,2022-02-23T00:00:00Z,OFF,CBJ,TOR,4.0,3.0,OT
2021020584,20212022,2,2022-02-22,2022-02-23T00:00:00Z,OFF,OTT,MIN,4.0,3.0,REG
2021020848,20212022,2,2022-02-22,2022-02-23T00:00:00Z,OFF,PHI,STL,1.0,4.0,REG
2021020536,20212022,2,2022-02-22,2022-02-23T03:00:00Z,OFF,ANA,SJS,4.0,3.0,SO
2021020595,20212022,2,2022-02-22,2022-02-23T03:00:00Z,OFF,SEA,NYI,2.0,5.0,REG
2021020490,20212022,2,2022-02-23,2022-02-24T00:30:00Z,OFF,DET,COL,2.0,5.0,REG
2021020812,20212022,2,2022-02-23,2022-02-24T00:30:00Z,OFF,TBL,EDM,5.0,3.0,REG
2021020813,20212022,2,2022-02-23,2022-02-24T00:30:00Z,OFF,DAL,WPG,3.0,2.0,OT
2021021273,20212022,2,2022-02-23,2022-02-24T00:30:00Z,OFF,MTL,BUF,4.0,0.0,REG
2021020814,20212022,2,2022-02-23,2022-02-24T03:00:00Z,OFF,ARI,LAK,2.0,3.0,REG
2021020497,20212022,2,2022-02-24,2022-02-25T00:00:00Z,OFF,PIT,NJD,1.0,6.0,REG
2021020815,20212022,2,2022-02-24,2022-02-25T00:00:00Z,OFF,TOR,MIN,3.0,1.0,REG
2021020816,20212022,2,2022-02-24,2022-02-25T00:00:00Z,OFF,FLA,CBJ,3.0,6.0,REG
2021020818,20212022,2,2022-02-24,2022-02-25T00:00:00Z,OFF,NYR,WSH,4.0,1.0,REG
2021020819,20212022,2,2022-02-24,2022-02-25T01:30:00Z,OFF,NSH,DAL,2.0,1.0,SO
2021020820,20212022,2,2022-02-24,2022-02-25T03:00:00Z,OFF,VAN,CGY,7.0,1.0,REG
2021020822,20212022,2,2022-02-24,2022-02-25T03:00:00Z,OFF,SEA,BOS,2.0,3.0,OT
2021020821,20212022,2,2022-02-24,2022-02-25T03:30:00Z,OFF,SJS,NYI,4.0,3.0,SO
2021020823,20212022,2,2022-02-25,2022-02-26T00:00:00Z,OFF,CAR,CBJ,4.0,0.0,REG
2021020825,20212022,2,2022-02-25,2022-02-26T01:00:00Z,OFF,STL,BUF,5.0,3.0,REG
2021020824,20212022,2,2022-02-25,2022-02-26T01:30:00Z,OFF,CHI,NJD,8.0,5.0,REG
2021020826,20212022,2,2022-02-25,2022-02-26T02:00:00Z,OFF,COL,WPG,6.0,3.0,REG
2021020827,20212022,2,2022-02-25,2022-02-26T02:30:00Z,OFF,ARI,VGK,3.0,1.0,REG
2021020828,20212022,2,2022-02-25,2022-02-26T03:00:00Z,OFF,ANA,LAK,1.0,4.0,REG
2021020831,20212022,2,2022-02-26,2022-02-26T17:30:00Z,OFF,FLA,EDM,3.0,4.0,REG
2021020832,20212022,2,2022-02-26,2022-02-26T17:30:00Z,OFF,PHI,WSH,2.0,1.0,REG
2021020833,20212022,2,2022-02-26,2022-02-26T20:00:00Z,OFF,PIT,NYR,1.0,0.0,REG
2021020830,20212022,2,2022-02-26,2022-02-27T00:00:00Z,OFF,OTT,MTL,1.0,2.0,REG
2021020834,20212022,2,2022-02-26,2022-02-27T00:30:00Z,OFF,NSH,TBL,2.0,3.0,REG
2021021275,20212022,2,2022-02-26,2022-02-27T00:30:00Z,OFF,DET,TOR,7.0,10.0,REG
2021020835,20212022,2,2022-02-26,2022-02-27T03:00:00Z,OFF,CGY,MIN,7.0,3.0,REG
2021020836,20212022,2,2022-02-26,2022-02-27T03:00:00Z,OFF,VGK,COL,2.0,3.0,REG
2021020838,20212022,2,2022-02-26,2022-02-27T03:00:00Z,OFF,SJS,BOS,1.0,3.0,REG
2021020837,20212022,2,2022-02-26,2022-02-27T03:30:00Z,OFF,LAK,NYI,5.0,2.0,REG
2021020840,20212022,2,2022-02-27,2022-02-27T18:00:00Z,OFF,CAR,EDM,2.0,1.0,REG
2021020843,20212022,2,2022-02-27,2022-02-27T19:00:00Z,OFF,DAL,BUF,4.0,2.0,REG
2021020842,20212022,2,2022-02-27,2022-02-27T20:00:00Z,OFF,CHI,STL,0.0,4.0,REG
2021020844,20212022,2,2022-02-27,2022-02-27T21:00:00Z,OFF,ARI,WPG,3.0,5.0,REG
2021020841,20212022,2,2022-02-27,2022-02-27T23:00:00Z,OFF,CBJ,PIT,2.0,3.0,REG
2021020839,20212022,2,2022-02-27,2022-02-28T00:30:00Z,OFF,NYR,VAN,2.0,5.0,REG
2021020845,20212022,2,2022-02-27,2022-02-28T01:30:00Z,OFF,ANA,NYI,0.0,4.0,REG
2021020846,20212022,2,2022-02-27,2022-02-28T03:00:00Z,OFF,SJS,SEA,3.0,1.0,REG
2021020847,20212022,2,2022-02-28,2022-03-01T00:30:00Z,OFF,NJD,VAN,7.0,2.0,REG
2021020849,20212022,2,2022-02-28,2022-03-01T00:30:00Z,OFF,WSH,TOR,3.0,5.0,REG
2021020850,20212022,2,2022-02-28,2022-03-01T03:30:00Z,OFF,LAK,BOS,0.0,7.0,REG
2021020852,20212022,2,2022-03-01,2022-03-02T00:00:00Z,OFF,TBL,OTT,5.0,2.0,REG
2021020853,20212022,2,2022-03-01,2022-03-02T00:00:00Z,OFF,PHI,EDM,0.0,3.0,REG
2021020854,20212022,2,2022-03-01,2022-03-02T00:00:00Z,OFF,CBJ,NJD,4.0,3.0,REG
2021020851,20212022,2,2022-03-01,2022-03-02T00:30:00Z,OFF,DET,CAR,4.0,3.0,OT
2021020855,20212022,2,2022-03-01,2022-03-02T01:00:00Z,OFF,MIN,CGY,1.0,5.0,REG
2021020856,20212022,2,2022-03-01,2022-03-02T01:00:00Z,OFF,WPG,MTL,8.0,4.0,REG
2021020857,20212022,2,2022-03-01,2022-03-02T02:00:00Z,OFF,COL,NYI,5.0,3.0,REG
2021020858,20212022,2,2022-03-01,2022-03-02T03:00:00Z,OFF,VGK,SJS,3.0,1.0,REG
2021020859,20212022,2,2022-03-01,2022-03-02T03:00:00Z,OFF,ANA,BOS,4.0,3.0,REG
2021020860,20212022,2,2022-03-02,2022-03-03T00:30:00Z,OFF,TOR,BUF,1.0,5.0,REG
2021020861,20212022,2,2022-03-02,2022-03-03T00:30:00Z,OFF,NYR,STL,5.0,3.0,REG
2021020862,20212022,2,2022-03-02,2022-03-03T01:30:00Z,OFF,DAL,LAK,4.0,3.0,REG
2021020863,20212022,2,2022-03-02,2022-03-03T03:00:00Z,OFF,SEA,NSH,4.0,3.0,REG
2021020864,20212022,2,2022-03-03,2022-03-04T00:00:00Z,OFF,TBL,PIT,1.0,5.0,REG
2021020865,20212022,2,2022-03-03,2022-03-04T00:00:00Z,OFF,FLA,OTT,3.0,0.0,REG
2021020867,20212022,2,2022-03-03,2022-03-04T00:00:00Z,OFF,PHI,MIN,4.0,5.0,REG
2021020868,20212022,2,2022-03-03,2022-03-04T00:00:00Z,OFF,WSH,CAR,4.0,0.0,REG
2021020866,20212022,2,2022-03-03,2022-03-04T00:30:00Z,OFF,NYI,VAN,3.0,4.0,REG
2021020869,20212022,2,2022-03-03,2022-03-04T01:30:00Z,OFF,CHI,EDM,4.0,3.0,OT
2021020870,20212022,2,2022-03-03,2022-03-04T02:00:00Z,OFF,CGY,MTL,4.0,5.0,OT
2021020871,20212022,2,2022-03-03,2022-03-04T02:00:00Z,OFF,ARI,COL,2.0,1.0,REG
2021020872,20212022,2,2022-03-03,2022-03-04T02:00:00Z,OFF,VGK,BOS,2.0,5.0,REG
2021020873,20212022,2,2022-03-04,2022-03-05T00:00:00Z,OFF,BUF,MIN,5.0,4.0,REG
2021020874,20212022,2,2022-03-04,2022-03-05T00:00:00Z,OFF,TBL,DET,3.0,1.0,REG
2021020875,20212022,2,2022-03-04,2022-03-05T00:00:00Z,OFF,NYR,NJD,3.0,1.0,REG
2021020876,20212022,2,2022-03-04,2022-03-05T00:00:00Z,OFF,CAR,PIT,3.0,2.0,OT
2021020877,20212022,2,2022-03-04,2022-03-05T00:00:00Z,OFF,CBJ,LAK,3.0,4.0,OT
2021020878,20212022,2,2022-03-04,2022-03-05T01:00:00Z,OFF,WPG,DAL,3.0,4.0,OT
2021020879,20212022,2,2022-03-04,2022-03-05T03:00:00Z,OFF,ANA,VGK,4.0,5.0,REG
2021020882,20212022,2,2022-03-05,2022-03-05T17:30:00Z,OFF,NYI,STL,2.0,1.0,REG
2021020883,20212022,2,2022-03-05,2022-03-05T20:00:00Z,OFF,PHI,CHI,4.0,3.0,REG
2021020888,20212022,2,2022-03-05,2022-03-05T21:00:00Z,OFF,ARI,OTT,8.0,5.0,REG
2021020881,20212022,2,2022-03-05,2022-03-05T23:00:00Z,OFF,FLA,DET,6.0,2.0,REG
2021020880,20212022,2,2022-03-05,2022-03-06T00:00:00Z,OFF,TOR,VAN,4.0,6.0,REG
2021020884,20212022,2,2022-03-05,2022-03-06T00:00:00Z,OFF,WSH,SEA,5.0,2.0,REG
2021020885,20212022,2,2022-03-05,2022-03-06T00:00:00Z,OFF,CBJ,BOS,4.0,5.0,SO
2021020887,20212022,2,2022-03-05,2022-03-06T00:00:00Z,OFF,EDM,MTL,2.0,5.0,REG
2021020889,20212022,2,2022-03-05,2022-03-06T01:00:00Z,OFF,SJS,NSH,0.0,8.0,REG
2021020886,20212022,2,2022-03-05,2022-03-06T03:00:00Z,OFF,COL,CGY,3.0,4.0,OT
2021020890,20212022,2,2022-03-06,2022-03-06T18:00:00Z,OFF,BUF,LAK,0.0,3.0,REG
2021020891,20212022,2,2022-03-06,2022-03-06T18:00:00Z,OFF,NJD,STL,3.0,2.0,OT
2021020894,20212022,2,2022-03-06,2022-03-06T21:00:00Z,OFF,MIN,DAL,3.0,6.0,REG
2021020892,20212022,2,2022-03-06,2022-03-07T00:00:00Z,OFF,CAR,SEA,3.0,2.0,REG
2021020893,20212022,2,2022-03-06,2022-03-07T00:00:00Z,OFF,CHI,TBL,3.0,6.0,REG
2021020895,20212022,2,2022-03-06,2022-03-07T00:00:00Z,OFF,WPG,NYR,1.0,4.0,REG
2021020896,20212022,2,2022-03-06,2022-03-07T01:00:00Z,OFF,VGK,OTT,2.0,1.0,REG
2021020897,20212022,2,2022-03-06,2022-03-07T01:00:00Z,OFF,ANA,SJS,3.0,2.0,OT
2021020898,20212022,2,2022-03-07,2022-03-08T00:00:00Z,OFF,BOS,LAK,2.0,3.0,OT
2021020899,20212022,2,2022-03-07,2022-03-08T00:00:00Z,OFF,BUF,FLA,1.0,6.0,REG
2021020901,20212022,2,2022-03-07,2022-03-08T00:00:00Z,OFF,CBJ,TOR,4.0,5.0,REG
2021020900,20212022,2,2022-03-07,2022-03-08T00:30:00Z,OFF,NYI,COL,4.0,5.0,REG
2021020532,20212022,2,2022-03-07,2022-03-08T02:30:00Z,OFF,CGY,EDM,3.0,1.0,REG
2021020904,20212022,2,2022-03-08,2022-03-09T00:00:00Z,OFF,NJD,COL,5.0,3.0,REG
2021020905,20212022,2,2022-03-08,2022-03-09T00:00:00Z,OFF,PHI,VGK,2.0,1.0,REG
2021020906,20212022,2,2022-03-08,2022-03-09T00:00:00Z,OFF,PIT,FLA,3.0,4.0,REG
2021020902,20212022,2,2022-03-08,2022-03-09T00:30:00Z,OFF,TOR,SEA,6.0,4.0,REG
2021020903,20212022,2,2022-03-08,2022-03-09T00:30:00Z,OFF,DET,ARI,2.0,9.0,REG
2021020908,20212022,2,2022-03-08,2022-03-09T01:00:00Z,OFF,STL,OTT,1.0,4.0,REG
2021020909,20212022,2,2022-03-08,2022-03-09T01:00:00Z,OFF,NSH,DAL,2.0,1.0,REG
2021020910,20212022,2,2022-03-08,2022-03-09T01:00:00Z,OFF,MIN,NYR,5.0,2.0,REG
2021020911,20212022,2,2022-03-08,2022-03-09T01:00:00Z,OFF,WPG,TBL,7.0,4.0,REG
2021020907,20212022,2,2022-03-08,2022-03-09T01:30:00Z,OFF,CHI,ANA,8.0,3.0,REG
2021020912,20212022,2,2022-03-08,2022-03-09T02:00:00Z,OFF,CGY,WSH,4.0,5.0,REG
2021020913,20212022,2,2022-03-09,2022-03-10T01:00:00Z,OFF,EDM,WSH,4.0,3.0,OT
2021020914,20212022,2,2022-03-09,2022-03-10T03:30:00Z,OFF,VAN,MTL,5.0,3.0,REG
2021020915,20212022,2,2022-03-10,2022-03-11T00:00:00Z,OFF,BOS,CHI,4.0,3.0,REG
2021020916,20212022,2,2022-03-10,2022-03-11T00:00:00Z,OFF,BUF,VGK,3.0,1.0,REG
2021020917,20212022,2,2022-03-10,2022-03-11T00:00:00Z,OFF,TOR,ARI,4.0,5.0,OT
2021020918,20212022,2,2022-03-10,2022-03-11T00:00:00Z,OFF,OTT,SEA,4.0,3.0,OT
2021020919,20212022,2,2022-03-10,2022-03-11T00:00:00Z,OFF,DET,MIN,5.0,6.0,SO
2021020920,20212022,2,2022-03-10,2022-03-11T00:00:00Z,OFF,FLA,PHI,6.0,3.0,REG
2021020921,20212022,2,2022-03-10,2022-03-11T00:00:00Z,OFF,NJD,WPG,1.0,2.0,REG
2021020923,20212022,2,2022-03-10,2022-03-11T00:00:00Z,OFF,CAR,COL,2.0,0.0,REG
2021020693,20212022,2,2022-03-10,2022-03-11T00:30:00Z,OFF,NYI,CBJ,6.0,0.0,REG
2021020924,20212022,2,2022-03-10,2022-03-11T01:00:00Z,OFF,STL,NYR,6.0,2.0,REG
2021020925,20212022,2,2022-03-10,2022-03-11T01:00:00Z,OFF,NSH,ANA,4.0,1.0,REG
2021020926,20212022,2,2022-03-10,2022-03-11T02:00:00Z,OFF,CGY,TBL,4.0,1.0,REG
2021020927,20212022,2,2022-03-10,2022-03-11T03:30:00Z,OFF,LAK,SJS,3.0,4.0,OT
2021020929,20212022,2,2022-03-11,2022-03-12T00:00:00Z,OFF,PIT,VGK,5.0,2.0,REG
2021020930,20212022,2,2022-03-11,2022-03-12T00:00:00Z,OFF,CBJ,MIN,3.0,2.0,SO
2021020928,20212022,2,2022-03-11,2022-03-12T00:30:00Z,OFF,NYI,WPG,5.0,2.0,REG
2021020931,20212022,2,2022-03-11,2022-03-12T03:00:00Z,OFF,VAN,WSH,3.0,4.0,OT
2021020937,20212022,2,2022-03-12,2022-03-12T17:30:00Z,OFF,NSH,STL,4.0,7.0,REG
2021020936,20212022,2,2022-03-12,2022-03-12T20:00:00Z,OFF,CAR,PHI,3.0,1.0,REG
2021020932,20212022,2,2022-03-12,2022-03-13T00:00:00Z,OFF,BOS,ARI,3.0,2.0,REG
2021020933,20212022,2,2022-03-12,2022-03-13T00:00:00Z,OFF,MTL,SEA,3.0,4.0,SO
2021020934,20212022,2,2022-03-12,2022-03-13T00:00:00Z,OFF,OTT,CHI,3.0,6.0,REG
2021020935,20212022,2,2022-03-12,2022-03-13T00:00:00Z,OFF,NJD,ANA,2.0,1.0,SO
2021020939,20212022,2,2022-03-12,2022-03-13T00:00:00Z,OFF,CGY,DET,3.0,0.0,REG
2021020938,20212022,2,2022-03-12,2022-03-13T01:00:00Z,OFF,DAL,NYR,4.0,7.0,REG
2021020941,20212022,2,2022-03-12,2022-03-13T02:30:00Z,OFF,SJS,LAK,5.0,0.0,REG
2021020940,20212022,2,2022-03-12,2022-03-13T03:00:00Z,OFF,EDM,TBL,4.0,1.0,REG
2021020945,20212022,2,2022-03-13,2022-03-13T17:00:00Z,OFF,PIT,CAR,4.0,2.0,REG
2021020942,20212022,2,2022-03-13,2022-03-13T20:00:00Z,OFF,BUF,TOR,5.0,2.0,REG
2021020944,20212022,2,2022-03-13,2022-03-13T23:00:00Z,OFF,PHI,MTL,3.0,4.0,OT
2021020946,20212022,2,2022-03-13,2022-03-13T23:00:00Z,OFF,CBJ,VGK,6.0,4.0,REG
2021020947,20212022,2,2022-03-13,2022-03-13T23:00:00Z,OFF,STL,WPG,3.0,4.0,OT
2021020948,20212022,2,2022-03-13,2022-03-13T23:00:00Z,OFF,MIN,NSH,2.0,6.0,REG
2021020943,20212022,2,2022-03-13,2022-03-13T23:30:00Z,OFF,NYI,ANA,4.0,3.0,REG
2021020949,20212022,2,2022-03-13,2022-03-14T00:00:00Z,OFF,COL,CGY,3.0,0.0,REG
2021020950,20212022,2,2022-03-13,2022-03-14T02:00:00Z,OFF,VAN,TBL,1.0,2.0,REG
2021020951,20212022,2,2022-03-13,2022-03-14T02:00:00Z,OFF,LAK,FLA,3.0,2.0,SO
2021020952,20212022,2,2022-03-14,2022-03-14T23:30:00Z,OFF,OTT,ARI,3.0,5.0,REG
2021020953,20212022,2,2022-03-15,2022-03-15T23:00:00Z,OFF,TOR,DAL,4.0,0.0,REG
2021020954,20212022,2,2022-03-15,2022-03-15T23:00:00Z,OFF,MTL,ARI,3.0,6.0,REG
2021020955,20212022,2,2022-03-15,2022-03-15T23:00:00Z,OFF,NYR,ANA,4.0,3.0,OT
2021020956,20212022,2,2022-03-15,2022-03-15T23:00:00Z,OFF,WSH,NYI,4.0,3.0,SO
2021020958,20212022,2,2022-03-15,2022-03-16T00:00:00Z,OFF,NSH,PIT,4.0,1.0,REG
2021020959,20212022,2,2022-03-15,2022-03-16T00:00:00Z,OFF,WPG,VGK,7.0,3.0,REG
2021020957,20212022,2,2022-03-15,2022-03-16T00:30:00Z,OFF,CHI,BOS,1.0,2.0,OT
2021020960,20212022,2,2022-03-15,2022-03-16T01:00:00Z,OFF,EDM,DET,7.0,5.0,REG
2021020961,20212022,2,2022-03-15,2022-03-16T02:00:00Z,OFF,VAN,NJD,6.0,3.0,REG
2021020962,20212022,2,2022-03-15,2022-03-16T02:30:00Z,OFF,LAK,COL,0.0,3.0,REG
2021020963,20212022,2,2022-03-15,2022-03-16T02:30:00Z,OFF,SJS,FLA,2.0,3.0,OT
2021020964,20212022,2,2022-03-16,2022-03-16T23:30:00Z,OFF,OTT,CBJ,1.0,4.0,REG
2021020965,20212022,2,2022-03-16,2022-03-16T23:30:00Z,OFF,MIN,BOS,4.0,2.0,REG
2021020966,20212022,2,2022-03-16,2022-03-17T02:00:00Z,OFF,CGY,NJD,6.0,3.0,REG
2021020967,20212022,2,2022-03-16,2022-03-17T02:00:00Z,OFF,SEA,TBL,1.0,4.0,REG
2021020328,20212022,2,2022-03-17,2022-03-17T23:00:00Z,OFF,NYR,NYI,1.0,2.0,REG
2021020968,20212022,2,2022-03-17,2022-03-17T23:00:00Z,OFF,TOR,CAR,3.0,2.0,REG
2021020969,20212022,2,2022-03-17,2022-03-17T23:00:00Z,OFF,MTL,DAL,3.0,4.0,OT
2021020970,20212022,2,2022-03-17,2022-03-17T23:00:00Z,OFF,PHI,NSH,5.0,4.0,REG
2021020971,20212022,2,2022-03-17,2022-03-17T23:00:00Z,OFF,CBJ,WSH,2.0,7.0,REG
2021020972,20212022,2,2022-03-17,2022-03-18T00:00:00Z,OFF,STL,PIT,2.0,3.0,SO
2021020973,20212022,2,2022-03-17,2022-03-18T01:00:00Z,OFF,EDM,BUF,6.0,1.0,REG
2021020974,20212022,2,2022-03-17,2022-03-18T02:00:00Z,OFF,VAN,DET,0.0,1.0,REG
2021020976,20212022,2,2022-03-17,2022-03-18T02:00:00Z,OFF,LAK,SJS,3.0,0.0,REG
2021020975,20212022,2,2022-03-17,2022-03-18T02:30:00Z,OFF,VGK,FLA,5.0,3.0,REG
2021020977,20212022,2,2022-03-18,2022-03-18T23:00:00Z,OFF,OTT,PHI,3.0,1.0,REG
2021020978,20212022,2,2022-03-18,2022-03-18T23:00:00Z,OFF,CAR,WSH,3.0,4.0,SO
2021020979,20212022,2,2022-03-18,2022-03-19T00:00:00Z,OFF,WPG,BOS,2.0,4.0,REG
2021020980,20212022,2,2022-03-18,2022-03-19T01:00:00Z,OFF,CGY,BUF,0.0,1.0,OT
2021020981,20212022,2,2022-03-18,2022-03-19T02:00:00Z,OFF,ANA,FLA,0.0,3.0,REG
2021020982,20212022,2,2022-03-18,2022-03-19T02:30:00Z,OFF,SJS,COL,3.0,5.0,REG
2021020985,20212022,2,2022-03-19,2022-03-19T18:00:00Z,OFF,NYI,DAL,4.0,2.0,REG
2021020988,20212022,2,2022-03-19,2022-03-19T18:00:00Z,OFF,MIN,CHI,3.0,1.0,REG
2021020989,20212022,2,2022-03-19,2022-03-19T19:00:00Z,OFF,EDM,NJD,6.0,3.0,REG
2021020992,20212022,2,2022-03-19,2022-03-19T20:00:00Z,OFF,VGK,LAK,5.0,1.0,REG
2021020986,20212022,2,2022-03-19,2022-03-19T21:00:00Z,OFF,CBJ,STL,5.0,4.0,REG
2021020991,20212022,2,2022-03-19,2022-03-19T21:00:00Z,OFF,ARI,PIT,1.0,4.0,REG
2021020983,20212022,2,2022-03-19,2022-03-19T23:00:00Z,OFF,MTL,OTT,5.0,1.0,REG
2021020987,20212022,2,2022-03-19,2022-03-19T23:00:00Z,OFF,NSH,TOR,6.0,3.0,REG
2021020984,20212022,2,2022-03-19,2022-03-20T00:00:00Z,OFF,TBL,NYR,1.0,2.0,REG
2021020990,20212022,2,2022-03-19,2022-03-20T02:00:00Z,OFF,VAN,CGY,2.0,5.0,REG
2021020993,20212022,2,2022-03-19,2022-03-20T02:00:00Z,OFF,SEA,DET,4.0,2.0,REG
2021020994,20212022,2,2022-03-20,2022-03-20T18:00:00Z,OFF,PHI,NYI,2.0,1.0,REG
2021020995,20212022,2,2022-03-20,2022-03-20T21:00:00Z,OFF,WSH,DAL,2.0,3.0,REG
2021020996,20212022,2,2022-03-20,2022-03-20T22:00:00Z,OFF,CAR,NYR,0.0,2.0,REG
2021020997,20212022,2,2022-03-20,2022-03-20T23:00:00Z,OFF,CHI,WPG,4.0,6.0,REG
2021020999,20212022,2,2022-03-20,2022-03-20T23:00:00Z,OFF,SJS,ARI,4.0,2.0,REG
2021020998,20212022,2,2022-03-20,2022-03-21T02:00:00Z,OFF,VAN,BUF,2.0,3.0,OT
2021020646,20212022,2,2022-03-21,2022-03-21T23:00:00Z,OFF,MTL,BOS,2.0,3.0,OT
2021021001,20212022,2,2022-03-21,2022-03-22T00:00:00Z,OFF,MIN,VGK,3.0,0.0,REG
2021021002,20212022,2,2022-03-21,2022-03-22T01:30:00Z,OFF,COL,EDM,3.0,2.0,OT
2021021003,20212022,2,2022-03-21,2022-03-22T02:00:00Z,OFF,ANA,NSH,3.0,6.0,REG
2021021005,20212022,2,2022-03-22,2022-03-22T23:00:00Z,OFF,NJD,NYR,7.0,4.0,REG
2021021007,20212022,2,2022-03-22,2022-03-22T23:00:00Z,OFF,PIT,CBJ,5.0,1.0,REG
2021021008,20212022,2,2022-03-22,2022-03-22T23:00:00Z,OFF,WSH,STL,2.0,5.0,REG
2021021009,20212022,2,2022-03-22,2022-03-22T23:00:00Z,OFF,CAR,TBL,3.0,2.0,REG
2021021004,20212022,2,2022-03-22,2022-03-22T23:30:00Z,OFF,DET,PHI,6.0,3.0,REG
2021021021,20212022,2,2022-03-22,2022-03-22T23:30:00Z,OFF,NYI,OTT,3.0,0.0,REG
2021021011,20212022,2,2022-03-22,2022-03-23T00:00:00Z,OFF,WPG,VGK,4.0,0.0,REG
2021021010,20212022,2,2022-03-22,2022-03-23T00:30:00Z,OFF,DAL,EDM,5.0,3.0,REG
2021021012,20212022,2,2022-03-22,2022-03-23T01:00:00Z,OFF,CGY,SJS,3.0,4.0,REG
2021021017,20212022,2,2022-03-22,2022-03-23T02:00:00Z,OFF,ARI,SEA,2.0,4.0,REG
2021021013,20212022,2,2022-03-22,2022-03-23T02:30:00Z,OFF,LAK,NSH,6.0,1.0,REG
2021021015,20212022,2,2022-03-23,2022-03-23T23:00:00Z,OFF,TOR,NJD,3.0,2.0,REG
2021021014,20212022,2,2022-03-23,2022-03-23T23:30:00Z,OFF,BUF,PIT,4.0,3.0,SO
2021021016,20212022,2,2022-03-23,2022-03-24T01:30:00Z,OFF,COL,VAN,1.0,3.0,REG
2021021018,20212022,2,2022-03-23,2022-03-24T02:00:00Z,OFF,ANA,CHI,2.0,4.0,REG
2021021019,20212022,2,2022-03-24,2022-03-24T23:00:00Z,OFF,BOS,TBL,3.0,2.0,REG
2021021020,20212022,2,2022-03-24,2022-03-24T23:00:00Z,OFF,MTL,FLA,3.0,4.0,REG
2021021022,20212022,2,2022-03-24,2022-03-24T23:00:00Z,OFF,CAR,DAL,3.0,4.0,SO
2021020545,20212022,2,2022-03-24,2022-03-24T23:30:00Z,OFF,NYI,DET,5.0,2.0,REG
2021020675,20212022,2,2022-03-24,2022-03-25T00:00:00Z,OFF,WPG,OTT,2.0,5.0,REG
2021021023,20212022,2,2022-03-24,2022-03-25T00:00:00Z,OFF,STL,PHI,2.0,5.0,REG
2021021024,20212022,2,2022-03-24,2022-03-25T00:00:00Z,OFF,MIN,VAN,3.0,2.0,OT
2021021025,20212022,2,2022-03-24,2022-03-25T01:00:00Z,OFF,EDM,SJS,5.0,2.0,REG
2021021026,20212022,2,2022-03-24,2022-03-25T02:00:00Z,OFF,VGK,NSH,6.0,1.0,REG
2021021027,20212022,2,2022-03-24,2022-03-25T02:00:00Z,OFF,LAK,CHI,3.0,4.0,SO
2021021028,20212022,2,2022-03-25,2022-03-25T23:00:00Z,OFF,BUF,WSH,3.0,4.0,SO
2021021029,20212022,2,2022-03-25,2022-03-25T23:00:00Z,OFF,NYR,PIT,5.0,1.0,REG
2021021030,20212022,2,2022-03-25,2022-03-26T00:00:00Z,OFF,WPG,CBJ,4.0,3.0,OT
2021021031,20212022,2,2022-03-25,2022-03-26T01:00:00Z,OFF,COL,PHI,6.0,3.0,REG
2021021032,20212022,2,2022-03-25,2022-03-26T01:00:00Z,OFF,CGY,ARI,4.0,2.0,REG
2021021034,20212022,2,2022-03-26,2022-03-26T16:30:00Z,OFF,BOS,NYI,6.0,3.0,REG
2021021037,20212022,2,2022-03-26,2022-03-26T16:30:00Z,OFF,DET,TBL,1.0,2.0,OT
2021021043,20212022,2,2022-03-26,2022-03-26T19:00:00Z,OFF,VGK,CHI,5.0,4.0,OT
2021021035,20212022,2,2022-03-26,2022-03-26T23:00:00Z,OFF,MTL,TOR,4.0,2.0,REG
2021021036,20212022,2,2022-03-26,2022-03-26T23:00:00Z,OFF,OTT,FLA,3.0,4.0,SO
2021021038,20212022,2,2022-03-26,2022-03-26T23:00:00Z,OFF,WSH,NJD,4.0,3.0,REG
2021021040,20212022,2,2022-03-26,2022-03-26T23:00:00Z,OFF,DAL,VAN,1.0,4.0,REG
2021021039,20212022,2,2022-03-26,2022-03-27T00:00:00Z,OFF,STL,CAR,2.0,7.0,REG
2021021041,20212022,2,2022-03-26,2022-03-27T00:00:00Z,OFF,MIN,CBJ,3.0,2.0,OT
2021021042,20212022,2,2022-03-26,2022-03-27T02:00:00Z,OFF,CGY,EDM,9.0,5.0,REG
2021021044,20212022,2,2022-03-26,2022-03-27T02:30:00Z,OFF,LAK,SEA,4.0,2.0,REG
2021021045,20212022,2,2022-03-26,2022-03-27T02:30:00Z,OFF,SJS,ANA,4.0,1.0,REG
2021021048,20212022,2,2022-03-27,2022-03-27T18:00:00Z,OFF,NYI,TBL,1.0,4.0,REG
2021021049,20212022,2,2022-03-27,2022-03-27T21:00:00Z,OFF,NYR,BUF,5.0,4.0,OT
2021021050,20212022,2,2022-03-27,2022-03-27T21:00:00Z,OFF,PIT,DET,11.0,2.0,REG
2021021051,20212022,2,2022-03-27,2022-03-27T22:00:00Z,OFF,NSH,PHI,5.0,4.0,REG
2021021052,20212022,2,2022-03-27,2022-03-27T22:00:00Z,OFF,MIN,COL,3.0,2.0,OT
2021021046,20212022,2,2022-03-27,2022-03-27T23:00:00Z,OFF,TOR,FLA,5.0,2.0,REG
2021021047,20212022,2,2022-03-27,2022-03-27T23:00:00Z,OFF,NJD,MTL,3.0,2.0,SO
2021021053,20212022,2,2022-03-27,2022-03-27T23:00:00Z,OFF,WPG,ARI,2.0,1.0,OT
2021021054,20212022,2,2022-03-28,2022-03-28T23:00:00Z,OFF,WSH,CAR,1.0,6.0,REG
2021021056,20212022,2,2022-03-28,2022-03-28T23:30:00Z,OFF,STL,VAN,4.0,1.0,REG
2021021055,20212022,2,2022-03-28,2022-03-29T00:30:00Z,OFF,CHI,BUF,5.0,6.0,REG
2021021057,20212022,2,2022-03-28,2022-03-29T01:30:00Z,OFF,EDM,ARI,6.0,1.0,REG
2021021058,20212022,2,2022-03-28,2022-03-29T02:30:00Z,OFF,LAK,SEA,1.0,6.0,REG
2021021059,20212022,2,2022-03-29,2022-03-29T23:00:00Z,OFF,BOS,TOR,4.0,6.0,REG
2021021060,20212022,2,2022-03-29,2022-03-29T23:00:00Z,OFF,TBL,CAR,4.0,3.0,OT
2021021061,20212022,2,2022-03-29,2022-03-29T23:00:00Z,OFF,FLA,MTL,7.0,4.0,REG
2021021062,20212022,2,2022-03-29,2022-03-29T23:00:00Z,OFF,PIT,NYR,2.0,3.0,REG
2021021063,20212022,2,2022-03-29,2022-03-29T23:00:00Z,OFF,CBJ,NYI,3.0,4.0,REG
2021021064,20212022,2,2022-03-29,2022-03-30T00:00:00Z,OFF,NSH,OTT,4.0,1.0,REG
2021021065,20212022,2,2022-03-29,2022-03-30T00:00:00Z,OFF,MIN,PHI,4.0,1.0,REG
2021021066,20212022,2,2022-03-29,2022-03-30T01:00:00Z,OFF,CGY,COL,1.0,2.0,REG
2021021067,20212022,2,2022-03-29,2022-03-30T02:00:00Z,OFF,ANA,DAL,2.0,3.0,REG
2021021068,20212022,2,2022-03-30,2022-03-30T23:00:00Z,OFF,BUF,WPG,2.0,3.0,SO
2021021069,20212022,2,2022-03-30,2022-03-30T23:30:00Z,OFF,DET,NYR,4.0,5.0,OT
2021021070,20212022,2,2022-03-30,2022-03-31T01:30:00Z,OFF,EDM,LAK,4.0,3.0,SO
2021021071,20212022,2,2022-03-30,2022-03-31T02:00:00Z,OFF,VAN,STL,3.0,4.0,REG
2021021072,20212022,2,2022-03-30,2022-03-31T02:00:00Z,OFF,ARI,SJS,5.0,2.0,REG
2021021073,20212022,2,2022-03-30,2022-03-31T02:00:00Z,OFF,SEA,VGK,0.0,3.0,REG
2021021074,20212022,2,2022-03-31,2022-03-31T23:00:00Z,OFF,BOS,NJD,8.0,1.0,REG
2021021075,20212022,2,2022-03-31,2022-03-31T23:00:00Z,OFF,TOR,WPG,7.0,3.0,REG
2021021076,20212022,2,2022-03-31,2022-03-31T23:00:00Z,OFF,FLA,CHI,4.0,0.0,REG
2021021077,20212022,2,2022-03-31,2022-03-31T23:00:00Z,OFF,NYI,CBJ,5.0,2.0,REG
2021021078,20212022,2,2022-03-31,2022-03-31T23:00:00Z,OFF,CAR,MTL,4.0,0.0,REG
2021021079,20212022,2,2022-03-31,2022-04-01T00:00:00Z,OFF,MIN,PIT,3.0,4.0,OT
2021021080,20212022,2,2022-03-31,2022-04-01T01:00:00Z,OFF,COL,SJS,4.0,2.0,REG
2021021081,20212022,2,2022-03-31,2022-04-01T01:00:00Z,OFF,CGY,LAK,2.0,3.0,SO
2021021082,20212022,2,2022-03-31,2022-04-01T02:00:00Z,OFF,ANA,DAL,2.0,3.0,OT
2021021083,20212022,2,2022-04-01,2022-04-01T23:00:00Z,OFF,BUF,NSH,4.0,3.0,REG
2021021085,20212022,2,2022-04-01,2022-04-01T23:00:00Z,OFF,TBL,CHI,5.0,2.0,REG
2021021086,20212022,2,2022-04-01,2022-04-01T23:00:00Z,OFF,NYR,NYI,0.0,3.0,REG
2021021084,20212022,2,2022-04-01,2022-04-01T23:30:00Z,OFF,DET,OTT,2.0,5.0,REG
2021021087,20212022,2,2022-04-01,2022-04-02T01:00:00Z,OFF,EDM,STL,6.0,5.0,OT
2021021089,20212022,2,2022-04-01,2022-04-02T02:00:00Z,OFF,SEA,VGK,2.0,5.0,REG
2021021088,20212022,2,2022-04-01,2022-04-02T02:30:00Z,OFF,ARI,ANA,0.0,5.0,REG
2021021092,20212022,2,2022-04-02,2022-04-02T16:30:00Z,OFF,NJD,FLA,6.0,7.0,OT
2021021097,20212022,2,2022-04-02,2022-04-02T19:00:00Z,OFF,COL,PIT,3.0,2.0,REG
2021021090,20212022,2,2022-04-02,2022-04-02T23:00:00Z,OFF,BOS,CBJ,5.0,2.0,REG
2021021091,20212022,2,2022-04-02,2022-04-02T23:00:00Z,OFF,TBL,MTL,4.0,5.0,SO
2021021093,20212022,2,2022-04-02,2022-04-02T23:00:00Z,OFF,PHI,TOR,3.0,6.0,REG
2021021094,20212022,2,2022-04-02,2022-04-02T23:00:00Z,OFF,CAR,MIN,1.0,3.0,REG
2021021096,20212022,2,2022-04-02,2022-04-02T23:00:00Z,OFF,WPG,LAK,2.0,3.0,REG
2021021098,20212022,2,2022-04-02,2022-04-03T02:00:00Z,OFF,CGY,STL,4.0,6.0,REG
2021021099,20212022,2,2022-04-02,2022-04-03T02:30:00Z,OFF,SJS,DAL,4.0,5.0,REG
2021021100,20212022,2,2022-04-03,2022-04-03T17:00:00Z,OFF,BUF,FLA,3.0,5.0,REG
2021021101,20212022,2,2022-04-03,2022-04-03T17:00:00Z,OFF,OTT,DET,5.0,2.0,REG
2021021102,20212022,2,2022-04-03,2022-04-03T20:00:00Z,OFF,NJD,NYI,3.0,4.0,REG
2021021103,20212022,2,2022-04-03,2022-04-03T23:00:00Z,OFF,NYR,PHI,3.0,4.0,SO
2021021104,20212022,2,2022-04-03,2022-04-03T23:00:00Z,OFF,WSH,MIN,1.0,5.0,REG
2021021105,20212022,2,2022-04-03,2022-04-03T23:00:00Z,OFF,CHI,ARI,2.0,3.0,OT
2021021106,20212022,2,2022-04-03,2022-04-03T23:00:00Z,OFF,VAN,VGK,2.0,3.0,OT
2021021107,20212022,2,2022-04-03,2022-04-04T00:00:00Z,OFF,ANA,EDM,1.0,6.0,REG
2021021108,20212022,2,2022-04-03,2022-04-04T01:00:00Z,OFF,SEA,DAL,4.0,1.0,REG
2021021110,20212022,2,2022-04-04,2022-04-04T23:00:00Z,OFF,CBJ,BOS,2.0,3.0,OT
2021021109,20212022,2,2022-04-04,2022-04-04T23:30:00Z,OFF,TBL,TOR,2.0,6.0,REG
2021021111,20212022,2,2022-04-04,2022-04-05T00:00:00Z,OFF,STL,ARI,5.0,1.0,REG
2021021112,20212022,2,2022-04-04,2022-04-05T02:30:00Z,OFF,LAK,CGY,2.0,3.0,REG
2021021113,20212022,2,2022-04-05,2022-04-05T23:00:00Z,OFF,BUF,CAR,4.0,2.0,REG
2021021114,20212022,2,2022-04-05,2022-04-05T23:00:00Z,OFF,MTL,OTT,3.0,6.0,REG
2021021116,20212022,2,2022-04-05,2022-04-05T23:00:00Z,OFF,FLA,TOR,7.0,6.0,OT
2021021117,20212022,2,2022-04-05,2022-04-05T23:00:00Z,OFF,NJD,NYR,1.0,3.0,REG
2021021118,20212022,2,2022-04-05,2022-04-05T23:00:00Z,OFF,PHI,CBJ,2.0,4.0,REG
2021021119,20212022,2,2022-04-05,2022-04-05T23:00:00Z,OFF,PIT,COL,4.0,6.0,REG
2021021115,20212022,2,2022-04-05,2022-04-05T23:30:00Z,OFF,DET,BOS,5.0,3.0,REG
2021021120,20212022,2,2022-04-05,2022-04-06T00:00:00Z,OFF,NSH,MIN,6.0,2.0,REG
2021021121,20212022,2,2022-04-05,2022-04-06T00:30:00Z,OFF,DAL,NYI,3.0,2.0,REG
2021021122,20212022,2,2022-04-05,2022-04-06T02:30:00Z,OFF,SJS,EDM,1.0,2.0,OT
2021021123,20212022,2,2022-04-06,2022-04-06T23:30:00Z,OFF,WSH,TBL,4.0,3.0,REG
2021021125,20212022,2,2022-04-06,2022-04-06T23:30:00Z,OFF,WPG,DET,1.0,3.0,REG
2021021124,20212022,2,2022-04-06,2022-04-07T00:00:00Z,OFF,STL,SEA,4.0,1.0,REG
2021021126,20212022,2,2022-04-06,2022-04-07T02:00:00Z,OFF,VGK,VAN,1.0,5.0,REG
2021021127,20212022,2,2022-04-06,2022-04-07T02:00:00Z,OFF,ANA,CGY,2.0,4.0,REG
2021020250,20212022,2,2022-04-07,2022-04-07T23:00:00Z,OFF,OTT,NSH,2.0,3.0,REG
2021020512,20212022,2,2022-04-07,2022-04-07T23:00:00Z,OFF,NJD,MTL,4.0,7.0,REG
2021021129,20212022,2,2022-04-07,2022-04-07T23:00:00Z,OFF,NYR,PIT,3.0,0.0,REG
2021021131,20212022,2,2022-04-07,2022-04-07T23:00:00Z,OFF,CBJ,PHI,1.0,4.0,REG
2021021130,20212022,2,2022-04-07,2022-04-07T23:30:00Z,OFF,CAR,BUF,5.0,3.0,REG
2021021132,20212022,2,2022-04-07,2022-04-08T00:30:00Z,OFF,CHI,SEA,0.0,2.0,REG
2021021133,20212022,2,2022-04-07,2022-04-08T00:30:00Z,OFF,DAL,TOR,3.0,4.0,OT
2021021134,20212022,2,2022-04-07,2022-04-08T02:00:00Z,OFF,ARI,VAN,1.0,5.0,REG
2021021135,20212022,2,2022-04-07,2022-04-08T02:30:00Z,OFF,LAK,EDM,2.0,3.0,REG
2021021136,20212022,2,2022-04-07,2022-04-08T02:30:00Z,OFF,SJS,CGY,2.0,4.0,REG
2021021137,20212022,2,2022-04-08,2022-04-08T23:00:00Z,OFF,TBL,BOS,1.0,2.0,OT
2021021138,20212022,2,2022-04-08,2022-04-08T23:00:00Z,OFF,FLA,BUF,4.0,3.0,REG
2021021139,20212022,2,2022-04-08,2022-04-08T23:00:00Z,OFF,CAR,NYI,1.0,2.0,REG
2021021140,20212022,2,2022-04-08,2022-04-09T00:00:00Z,OFF,STL,MIN,4.0,3.0,OT
2021021141,20212022,2,2022-04-08,2022-04-09T00:00:00Z,OFF,WPG,COL,4.0,5.0,OT
2021021149,20212022,2,2022-04-09,2022-04-09T18:00:00Z,OFF,DAL,NJD,1.0,3.0,REG
2021021146,20212022,2,2022-04-09,2022-04-09T19:00:00Z,OFF,PIT,WSH,3.0,6.0,REG
2021021148,20212022,2,2022-04-09,2022-04-09T22:00:00Z,OFF,NSH,FLA,1.0,4.0,REG
2021021142,20212022,2,2022-04-09,2022-04-09T23:00:00Z,OFF,TOR,MTL,3.0,2.0,REG
2021021143,20212022,2,2022-04-09,2022-04-09T23:00:00Z,OFF,DET,CBJ,4.0,5.0,OT
2021021144,20212022,2,2022-04-09,2022-04-09T23:00:00Z,OFF,NYR,OTT,5.0,1.0,REG
2021021154,20212022,2,2022-04-09,2022-04-09T23:00:00Z,OFF,SEA,CGY,1.0,4.0,REG
2021021145,20212022,2,2022-04-09,2022-04-09T23:30:00Z,OFF,PHI,ANA,3.0,5.0,REG
2021021147,20212022,2,2022-04-09,2022-04-10T00:00:00Z,OFF,STL,NYI,6.0,1.0,REG
2021021151,20212022,2,2022-04-09,2022-04-10T02:00:00Z,OFF,EDM,COL,1.0,2.0,SO
2021021152,20212022,2,2022-04-09,2022-04-10T02:00:00Z,OFF,VAN,SJS,4.0,2.0,REG
2021021153,20212022,2,2022-04-09,2022-04-10T02:00:00Z,OFF,VGK,ARI,6.0,1.0,REG
2021021158,20212022,2,2022-04-10,2022-04-10T17:30:00Z,OFF,WSH,BOS,4.0,2.0,REG
2021021157,20212022,2,2022-04-10,2022-04-10T20:00:00Z,OFF,PIT,NSH,3.0,2.0,OT
2021021150,20212022,2,2022-04-10,2022-04-10T21:00:00Z,OFF,MIN,LAK,6.0,3.0,REG
2021021156,20212022,2,2022-04-10,2022-04-10T21:00:00Z,OFF,TBL,BUF,5.0,0.0,REG
2021021159,20212022,2,2022-04-10,2022-04-10T22:00:00Z,OFF,CAR,ANA,5.0,2.0,REG
2021021160,20212022,2,2022-04-10,2022-04-10T23:00:00Z,OFF,CHI,DAL,4.0,6.0,REG
2021021155,20212022,2,2022-04-10,2022-04-10T23:30:00Z,OFF,OTT,WPG,3.0,4.0,REG
2021021162,20212022,2,2022-04-11,2022-04-11T23:00:00Z,OFF,MTL,WPG,2.0,4.0,REG
2021021164,20212022,2,2022-04-12,2022-04-12T23:00:00Z,OFF,BOS,STL,2.0,4.0,REG
2021021165,20212022,2,2022-04-12,2022-04-12T23:00:00Z,OFF,TOR,BUF,2.0,5.0,REG
2021021167,20212022,2,2022-04-12,2022-04-12T23:00:00Z,OFF,FLA,ANA,3.0,2.0,OT
2021021168,20212022,2,2022-04-12,2022-04-12T23:00:00Z,OFF,NYR,CAR,2.0,4.0,REG
2021021170,20212022,2,2022-04-12,2022-04-12T23:00:00Z,OFF,WSH,PHI,9.0,2.0,REG
2021020922,20212022,2,2022-04-12,2022-04-12T23:30:00Z,OFF,NYI,PIT,5.0,4.0,SO
2021021166,20212022,2,2022-04-12,2022-04-12T23:30:00Z,OFF,DET,OTT,1.0,4.0,REG
2021021163,20212022,2,2022-04-12,2022-04-13T00:00:00Z,OFF,MIN,EDM,5.0,1.0,REG
2021021188,20212022,2,2022-04-12,2022-04-13T00:00:00Z,OFF,NSH,SJS,1.0,0.0,OT
2021021187,20212022,2,2022-04-12,2022-04-13T00:30:00Z,OFF,CHI,LAK,2.0,5.0,REG
2021021174,20212022,2,2022-04-12,2022-04-13T01:00:00Z,OFF,CGY,SEA,5.0,3.0,REG
2021021173,20212022,2,2022-04-12,2022-04-13T01:30:00Z,OFF,DAL,TBL,1.0,0.0,REG
2021021175,20212022,2,2022-04-12,2022-04-13T02:00:00Z,OFF,VAN,VGK,5.0,4.0,OT
2021021176,20212022,2,2022-04-12,2022-04-13T02:00:00Z,OFF,ARI,NJD,2.0,6.0,REG
2021021177,20212022,2,2022-04-13,2022-04-13T23:00:00Z,OFF,PHI,NYR,0.0,4.0,REG
2021021178,20212022,2,2022-04-13,2022-04-13T23:00:00Z,OFF,CBJ,MTL,5.0,1.0,REG
2021021180,20212022,2,2022-04-13,2022-04-14T01:30:00Z,OFF,COL,LAK,9.0,3.0,REG
2021021181,20212022,2,2022-04-14,2022-04-14T23:00:00Z,OFF,BOS,OTT,2.0,3.0,REG
2021021182,20212022,2,2022-04-14,2022-04-14T23:00:00Z,OFF,BUF,STL,2.0,6.0,REG
2021021183,20212022,2,2022-04-14,2022-04-14T23:00:00Z,OFF,TOR,WSH,7.0,3.0,REG
2021021184,20212022,2,2022-04-14,2022-04-14T23:00:00Z,OFF,TBL,ANA,4.0,3.0,OT
2021021185,20212022,2,2022-04-14,2022-04-14T23:00:00Z,OFF,PIT,NYI,6.0,3.0,REG
2021021186,20212022,2,2022-04-14,2022-04-14T23:00:00Z,OFF,CAR,DET,0.0,3.0,REG
2021021172,20212022,2,2022-04-14,2022-04-15T00:00:00Z,OFF,NSH,EDM,0.0,4.0,REG
2021021189,20212022,2,2022-04-14,2022-04-15T00:00:00Z,OFF,DAL,MIN,2.0,3.0,OT
2021021171,20212022,2,2022-04-14,2022-04-15T00:30:00Z,OFF,CHI,SJS,5.0,4.0,SO
2021021190,20212022,2,2022-04-14,2022-04-15T01:00:00Z,OFF,COL,NJD,3.0,1.0,REG
2021021191,20212022,2,2022-04-14,2022-04-15T01:00:00Z,OFF,CGY,VGK,1.0,6.0,REG
2021021192,20212022,2,2022-04-14,2022-04-15T02:00:00Z,OFF,VAN,ARI,7.0,1.0,REG
2021021193,20212022,2,2022-04-15,2022-04-15T23:00:00Z,OFF,MTL,NYI,0.0,3.0,REG
2021021194,20212022,2,2022-04-15,2022-04-15T23:00:00Z,OFF,FLA,WPG,6.0,1.0,REG
2021021196,20212022,2,2022-04-16,2022-04-16T16:30:00Z,OFF,BOS,PIT,2.0,1.0,REG
2021021201,20212022,2,2022-04-16,2022-04-16T16:30:00Z,OFF,NYR,DET,4.0,0.0,REG
2021021203,20212022,2,2022-04-16,2022-04-16T16:30:00Z,OFF,NSH,CHI,4.0,3.0,REG
2021021202,20212022,2,2022-04-16,2022-04-16T19:00:00Z,OFF,STL,MIN,6.0,5.0,OT
2021021195,20212022,2,2022-04-16,2022-04-16T20:00:00Z,OFF,EDM,VGK,4.0,0.0,REG
2021021197,20212022,2,2022-04-16,2022-04-16T23:00:00Z,OFF,BUF,PHI,4.0,3.0,REG
2021021198,20212022,2,2022-04-16,2022-04-16T23:00:00Z,OFF,MTL,WSH,4.0,8.0,REG
2021021199,20212022,2,2022-04-16,2022-04-16T23:00:00Z,OFF,OTT,TOR,4.0,5.0,OT
2021021200,20212022,2,2022-04-16,2022-04-16T23:00:00Z,OFF,TBL,WPG,7.0,4.0,REG
2021021204,20212022,2,2022-04-16,2022-04-17T00:00:00Z,OFF,DAL,SJS,2.0,1.0,REG
2021021205,20212022,2,2022-04-16,2022-04-17T01:00:00Z,OFF,COL,CAR,7.0,4.0,REG
2021021206,20212022,2,2022-04-16,2022-04-17T02:00:00Z,OFF,CGY,ARI,9.0,1.0,REG
2021021209,20212022,2,2022-04-16,2022-04-17T02:00:00Z,OFF,SEA,NJD,4.0,3.0,SO
2021021208,20212022,2,2022-04-16,2022-04-17T02:30:00Z,OFF,LAK,CBJ,2.0,1.0,REG
2021021210,20212022,2,2022-04-17,2022-04-17T17:00:00Z,OFF,DET,FLA,1.0,6.0,REG
2021021212,20212022,2,2022-04-17,2022-04-17T21:00:00Z,OFF,PHI,BUF,3.0,5.0,REG
2021021213,20212022,2,2022-04-17,2022-04-17T22:00:00Z,OFF,NSH,STL,3.0,8.0,REG
2021021214,20212022,2,2022-04-17,2022-04-17T22:00:00Z,OFF,MIN,SJS,5.0,4.0,OT
2021020723,20212022,2,2022-04-17,2022-04-17T23:30:00Z,OFF,TOR,NYI,4.0,2.0,REG
2021021215,20212022,2,2022-04-17,2022-04-18T00:30:00Z,OFF,ANA,CBJ,6.0,4.0,REG
2021020436,20212022,2,2022-04-18,2022-04-19T00:00:00Z,OFF,CHI,CGY,2.0,5.0,REG
2021021216,20212022,2,2022-04-18,2022-04-19T01:00:00Z,OFF,COL,WSH,2.0,3.0,REG
2021020611,20212022,2,2022-04-18,2022-04-19T02:00:00Z,OFF,SEA,OTT,4.0,2.0,REG
2021021218,20212022,2,2022-04-18,2022-04-19T02:00:00Z,OFF,ARI,CAR,3.0,5.0,REG
2021021219,20212022,2,2022-04-18,2022-04-19T02:00:00Z,OFF,VGK,NJD,2.0,3.0,REG
2021021217,20212022,2,2022-04-18,2022-04-19T02:30:00Z,OFF,VAN,DAL,6.0,2.0,REG
2021021220,20212022,2,2022-04-19,2022-04-19T23:00:00Z,OFF,TOR,PHI,5.0,2.0,REG
2021021221,20212022,2,2022-04-19,2022-04-19T23:00:00Z,OFF,MTL,MIN,0.0,2.0,REG
2021021222,20212022,2,2022-04-19,2022-04-19T23:00:00Z,OFF,TBL,DET,3.0,4.0,REG
2021021224,20212022,2,2022-04-19,2022-04-19T23:00:00Z,OFF,NYR,WPG,3.0,0.0,REG
2021021223,20212022,2,2022-04-19,2022-04-19T23:30:00Z,OFF,NYI,FLA,2.0,3.0,OT
2021020443,20212022,2,2022-04-19,2022-04-20T00:00:00Z,OFF,NSH,CGY,3.0,2.0,SO
2021021225,20212022,2,2022-04-19,2022-04-20T00:00:00Z,OFF,STL,BOS,2.0,3.0,OT
2021020625,20212022,2,2022-04-19,2022-04-20T02:00:00Z,OFF,VAN,OTT,3.0,4.0,SO
2021021226,20212022,2,2022-04-19,2022-04-20T02:00:00Z,OFF,ANA,LAK,1.0,2.0,REG
2021021227,20212022,2,2022-04-19,2022-04-20T02:30:00Z,OFF,SJS,CBJ,3.0,2.0,REG
2021021229,20212022,2,2022-04-20,2022-04-21T00:30:00Z,OFF,EDM,DAL,5.0,2.0,REG
2021021230,20212022,2,2022-04-20,2022-04-21T02:00:00Z,OFF,ARI,CHI,3.0,4.0,OT
2021021231,20212022,2,2022-04-20,2022-04-21T02:00:00Z,OFF,VGK,WSH,4.0,3.0,OT
2021021232,20212022,2,2022-04-20,2022-04-21T02:00:00Z,OFF,SEA,COL,3.0,2.0,REG
2021021233,20212022,2,2022-04-21,2022-04-21T23:00:00Z,OFF,MTL,PHI,3.0,6.0,REG
2021021235,20212022,2,2022-04-21,2022-04-21T23:00:00Z,OFF,FLA,DET,5.0,2.0,REG
2021021236,20212022,2,2022-04-21,2022-04-21T23:00:00Z,OFF,NJD,BUF,2.0,5.0,REG
2021021238,20212022,2,2022-04-21,2022-04-21T23:00:00Z,OFF,PIT,BOS,4.0,0.0,REG
2021021239,20212022,2,2022-04-21,2022-04-21T23:00:00Z,OFF,CAR,WPG,4.0,2.0,REG
2021021237,20212022,2,2022-04-21,2022-04-21T23:30:00Z,OFF,NYI,NYR,3.0,6.0,REG
2021021234,20212022,2,2022-04-21,2022-04-22T00:00:00Z,OFF,TBL,TOR,8.0,1.0,REG
2021021240,20212022,2,2022-04-21,2022-04-22T00:00:00Z,OFF,MIN,VAN,6.0,3.0,REG
2021021241,20212022,2,2022-04-21,2022-04-22T01:00:00Z,OFF,CGY,DAL,4.0,2.0,REG
2021021242,20212022,2,2022-04-21,2022-04-22T02:30:00Z,OFF,LAK,CHI,4.0,1.0,REG
2021021243,20212022,2,2022-04-21,2022-04-22T02:30:00Z,OFF,SJS,STL,1.0,3.0,REG
2021021244,20212022,2,2022-04-22,2022-04-22T23:00:00Z,OFF,CBJ,OTT,1.0,2.0,SO
2021021245,20212022,2,2022-04-22,2022-04-23T00:00:00Z,OFF,MIN,SEA,6.0,3.0,REG
2021021246,20212022,2,2022-04-22,2022-04-23T01:00:00Z,OFF,EDM,COL,6.0,3.0,REG
2021021247,20212022,2,2022-04-22,2022-04-23T02:30:00Z,OFF,ARI,WSH,0.0,2.0,REG
2021021249,20212022,2,2022-04-23,2022-04-23T16:30:00Z,OFF,BUF,NYI,5.0,3.0,REG
2021021251,20212022,2,2022-04-23,2022-04-23T16:30:00Z,OFF,DET,PIT,2.0,7.0,REG
2021021254,20212022,2,2022-04-23,2022-04-23T16:30:00Z,OFF,NJD,CAR,2.0,3.0,OT
2021021248,20212022,2,2022-04-23,2022-04-23T19:00:00Z,OFF,BOS,NYR,3.0,1.0,REG
2021021250,20212022,2,2022-04-23,2022-04-23T23:00:00Z,OFF,OTT,MTL,6.0,4.0,REG
2021021252,20212022,2,2022-04-23,2022-04-23T23:00:00Z,OFF,TBL,NSH,6.0,2.0,REG
2021021253,20212022,2,2022-04-23,2022-04-23T23:00:00Z,OFF,FLA,TOR,3.0,2.0,OT
2021021255,20212022,2,2022-04-23,2022-04-24T00:00:00Z,OFF,DAL,SEA,3.0,2.0,REG
2021021259,20212022,2,2022-04-23,2022-04-24T00:00:00Z,OFF,SJS,CHI,4.0,1.0,REG
2021021256,20212022,2,2022-04-23,2022-04-24T02:00:00Z,OFF,CGY,VAN,6.0,3.0,REG
2021021257,20212022,2,2022-04-23,2022-04-24T02:00:00Z,OFF,ARI,STL,4.0,5.0,OT
2021021258,20212022,2,2022-04-23,2022-04-24T02:30:00Z,OFF,LAK,ANA,4.0,2.0,REG
2021021261,20212022,2,2022-04-24,2022-04-24T17:00:00Z,OFF,NJD,DET,0.0,3.0,REG
2021021262,20212022,2,2022-04-24,2022-04-24T17:00:00Z,OFF,NYI,CAR,2.0,5.0,REG
2021021266,20212022,2,2022-04-24,2022-04-24T17:00:00Z,OFF,CBJ,EDM,5.0,2.0,REG
2021021264,20212022,2,2022-04-24,2022-04-24T20:00:00Z,OFF,PHI,PIT,4.0,1.0,REG
2021020471,20212022,2,2022-04-24,2022-04-24T23:00:00Z,OFF,MTL,BOS,3.0,5.0,REG
2021021260,20212022,2,2022-04-24,2022-04-24T23:00:00Z,OFF,FLA,TBL,4.0,8.0,REG
2021021265,20212022,2,2022-04-24,2022-04-24T23:00:00Z,OFF,WSH,TOR,3.0,4.0,SO
2021021268,20212022,2,2022-04-24,2022-04-24T23:00:00Z,OFF,WPG,COL,4.0,1.0,REG
2021021267,20212022,2,2022-04-24,2022-04-25T00:00:00Z,OFF,NSH,MIN,4.0,5.0,OT
2021021270,20212022,2,2022-04-24,2022-04-25T00:30:00Z,OFF,ANA,STL,3.0,6.0,REG
2021021269,20212022,2,2022-04-24,2022-04-25T02:00:00Z,OFF,VGK,SJS,4.0,5.0,SO
2021021271,20212022,2,2022-04-25,2022-04-26T00:00:00Z,OFF,CHI,PHI,3.0,1.0,REG
2021020829,20212022,2,2022-04-26,2022-04-26T23:00:00Z,OFF,TOR,DET,3.0,0.0,REG
2021021272,20212022,2,2022-04-26,2022-04-26T23:00:00Z,OFF,BOS,FLA,4.0,2.0,REG
2021021274,20212022,2,2022-04-26,2022-04-26T23:00:00Z,OFF,OTT,NJD,5.0,4.0,OT
2021021276,20212022,2,2022-04-26,2022-04-26T23:00:00Z,OFF,TBL,CBJ,4.0,1.0,REG
2021021277,20212022,2,2022-04-26,2022-04-26T23:00:00Z,OFF,NYR,CAR,3.0,4.0,REG
2021021278,20212022,2,2022-04-26,2022-04-26T23:00:00Z,OFF,PIT,EDM,1.0,5.0,REG
2021021279,20212022,2,2022-04-26,2022-04-26T23:00:00Z,OFF,WSH,NYI,1.0,4.0,REG
2021021280,20212022,2,2022-04-26,2022-04-27T00:00:00Z,OFF,NSH,CGY,4.0,5.0,OT
2021021282,20212022,2,2022-04-26,2022-04-27T00:00:00Z,OFF,MIN,ARI,3.0,5.0,REG
2021021281,20212022,2,2022-04-26,2022-04-27T00:30:00Z,OFF,DAL,VGK,3.0,2.0,SO
2021021283,20212022,2,2022-04-26,2022-04-27T01:30:00Z,OFF,COL,STL,5.0,3.0,REG
2021021284,20212022,2,2022-04-26,2022-04-27T02:00:00Z,OFF,VAN,SEA,5.0,2.0,REG
2021021285,20212022,2,2022-04-26,2022-04-27T02:30:00Z,OFF,SJS,ANA,2.0,5.0,REG
2021020505,20212022,2,2022-04-27,2022-04-27T23:30:00Z,OFF,NYR,MTL,3.0,4.0,REG
2021021288,20212022,2,2022-04-27,2022-04-27T23:30:00Z,OFF,WPG,PHI,4.0,0.0,REG
2021021286,20212022,2,2022-04-27,2022-04-28T00:30:00Z,OFF,CHI,VGK,4.0,3.0,SO
2021021287,20212022,2,2022-04-27,2022-04-28T00:30:00Z,OFF,DAL,ARI,3.0,4.0,OT
2021021289,20212022,2,2022-04-27,2022-04-28T02:00:00Z,OFF,SEA,LAK,3.0,5.0,REG
2021020513,20212022,2,2022-04-28,2022-04-28T23:00:00Z,OFF,NYI,WSH,5.0,1.0,REG
2021021290,20212022,2,2022-04-28,2022-04-28T23:00:00Z,OFF,BOS,BUF,5.0,0.0,REG
2021021291,20212022,2,2022-04-28,2022-04-28T23:00:00Z,OFF,OTT,FLA,0.0,4.0,REG
2021021294,20212022,2,2022-04-28,2022-04-28T23:00:00Z,OFF,CAR,NJD,6.0,3.0,REG
2021021305,20212022,2,2022-04-28,2022-04-28T23:00:00Z,OFF,CBJ,TBL,5.0,2.0,REG
2021021295,20212022,2,2022-04-28,2022-04-29T00:00:00Z,OFF,MIN,CGY,3.0,2.0,OT
2021021296,20212022,2,2022-04-28,2022-04-29T01:00:00Z,OFF,COL,NSH,4.0,5.0,SO
2021021297,20212022,2,2022-04-28,2022-04-29T01:00:00Z,OFF,EDM,SJS,5.0,4.0,OT
2021021310,20212022,2,2022-04-28,2022-04-29T02:00:00Z,OFF,VAN,LAK,3.0,2.0,OT
2021021169,20212022,2,2022-04-29,2022-04-29T23:00:00Z,OFF,PIT,CBJ,5.0,3.0,REG
2021021298,20212022,2,2022-04-29,2022-04-29T23:00:00Z,OFF,BUF,CHI,3.0,2.0,OT
2021021299,20212022,2,2022-04-29,2022-04-29T23:00:00Z,OFF,TOR,BOS,5.0,2.0,REG
2021021300,20212022,2,2022-04-29,2022-04-29T23:00:00Z,OFF,MTL,FLA,10.0,2.0,REG
2021021301,20212022,2,2022-04-29,2022-04-29T23:00:00Z,OFF,NJD,DET,3.0,5.0,REG
2021021302,20212022,2,2022-04-29,2022-04-29T23:00:00Z,OFF,NYR,WSH,3.0,2.0,REG
2021021303,20212022,2,2022-04-29,2022-04-29T23:00:00Z,OFF,PHI,OTT,2.0,4.0,REG
2021021292,20212022,2,2022-04-29,2022-04-29T23:30:00Z,OFF,NYI,TBL,4.0,6.0,REG
2021021306,20212022,2,2022-04-29,2022-04-30T00:00:00Z,OFF,STL,VGK,4.0,7.0,REG
2021021308,20212022,2,2022-04-29,2022-04-30T00:00:00Z,OFF,MIN,COL,4.0,1.0,REG
2021021309,20212022,2,2022-04-29,2022-04-30T00:00:00Z,OFF,WPG,CGY,3.0,1.0,REG
2021021307,20212022,2,2022-04-29,2022-04-30T00:30:00Z,OFF,DAL,ANA,4.0,2.0,REG
2021021207,20212022,2,2022-04-29,2022-04-30T01:00:00Z,OFF,EDM,VAN,3.0,2.0,SO
2021021312,20212022,2,2022-04-29,2022-04-30T02:00:00Z,OFF,SEA,SJS,3.0,0.0,REG
2021021311,20212022,2,2022-04-29,2022-04-30T02:30:00Z,OFF,ARI,NSH,5.0,4.0,REG
2021021179,20212022,2,2022-05-01,2022-05-01T18:00:00Z,OFF,WPG,SEA,4.0,3.0,REG
2021030131,20212022,3,2022-05-02,2022-05-02T23:00:00Z,OFF,CAR,BOS,5.0,1.0,REG
2021030121,20212022,3,2022-05-02,2022-05-02T23:30:00Z,OFF,TOR,TBL,5.0,0.0,REG
2021030161,20212022,3,2022-05-02,2022-05-03T01:30:00Z,OFF,MIN,STL,0.0,4.0,REG
2021030181,20212022,3,2022-05-02,2022-05-03T02:00:00Z,OFF,EDM,LAK,3.0,4.0,REG
2021030141,20212022,3,2022-05-03,2022-05-03T23:00:00Z,OFF,NYR,PIT,3.0,4.0,OT
2021030111,20212022,3,2022-05-03,2022-05-03T23:30:00Z,OFF,FLA,WSH,2.0,4.0,REG
2021030151,20212022,3,2022-05-03,2022-05-04T01:30:00Z,OFF,COL,NSH,7.0,2.0,REG
2021030171,20212022,3,2022-05-03,2022-05-04T02:00:00Z,OFF,CGY,DAL,1.0,0.0,REG
2021030132,20212022,3,2022-05-04,2022-05-04T23:00:00Z,OFF,CAR,BOS,5.0,2.0,REG
2021030122,20212022,3,2022-05-04,2022-05-04T23:30:00Z,OFF,TOR,TBL,3.0,5.0,REG
2021030162,20212022,3,2022-05-04,2022-05-05T01:30:00Z,OFF,MIN,STL,6.0,2.0,REG
2021030182,20212022,3,2022-05-04,2022-05-05T02:00:00Z,OFF,EDM,LAK,6.0,0.0,REG
2021030142,20212022,3,2022-05-05,2022-05-05T23:00:00Z,OFF,NYR,PIT,5.0,2.0,REG
2021030112,20212022,3,2022-05-05,2022-05-05T23:30:00Z,OFF,FLA,WSH,5.0,1.0,REG
2021030152,20212022,3,2022-05-05,2022-05-06T01:30:00Z,OFF,COL,NSH,2.0,1.0,OT
2021030172,20212022,3,2022-05-05,2022-05-06T02:00:00Z,OFF,CGY,DAL,0.0,2.0,REG
2021030133,20212022,3,2022-05-06,2022-05-06T23:00:00Z,OFF,BOS,CAR,4.0,2.0,REG
2021030123,20212022,3,2022-05-06,2022-05-06T23:30:00Z,OFF,TBL,TOR,2.0,5.0,REG
2021030163,20212022,3,2022-05-06,2022-05-07T01:30:00Z,OFF,STL,MIN,1.0,5.0,REG
2021030183,20212022,3,2022-05-06,2022-05-07T02:00:00Z,OFF,LAK,EDM,2.0,8.0,REG
2021030113,20212022,3,2022-05-07,2022-05-07T17:00:00Z,OFF,WSH,FLA,6.0,1.0,REG
2021030153,20212022,3,2022-05-07,2022-05-07T20:30:00Z,OFF,NSH,COL,3.0,7.0,REG
2021030143,20212022,3,2022-05-07,2022-05-07T23:00:00Z,OFF,PIT,NYR,7.0,4.0,REG
2021030173,20212022,3,2022-05-07,2022-05-08T01:30:00Z,OFF,DAL,CGY,4.0,2.0,REG
2021030134,20212022,3,2022-05-08,2022-05-08T16:30:00Z,OFF,BOS,CAR,5.0,2.0,REG
2021030164,20212022,3,2022-05-08,2022-05-08T20:30:00Z,OFF,STL,MIN,5.0,2.0,REG
2021030124,20212022,3,2022-05-08,2022-05-08T23:00:00Z,OFF,TBL,TOR,7.0,3.0,REG
2021030184,20212022,3,2022-05-08,2022-05-09T02:00:00Z,OFF,LAK,EDM,4.0,0.0,REG
2021030114,20212022,3,2022-05-09,2022-05-09T23:00:00Z,OFF,WSH,FLA,2.0,3.0,OT
2021030144,20212022,3,2022-05-09,2022-05-09T23:00:00Z,OFF,PIT,NYR,7.0,2.0,REG
2021030154,20212022,3,2022-05-09,2022-05-10T01:30:00Z,OFF,NSH,COL,3.0,5.0,REG
2021030174,20212022,3,2022-05-09,2022-05-10T01:30:00Z,OFF,DAL,CGY,1.0,4.0,REG
2021030135,20212022,3,2022-05-10,2022-05-10T23:00:00Z,OFF,CAR,BOS,5.0,1.0,REG
2021030125,20212022,3,2022-05-10,2022-05-10T23:30:00Z,OFF,TOR,TBL,4.0,3.0,REG
2021030165,20212022,3,2022-05-10,2022-05-11T01:30:00Z,OFF,MIN,STL,2.0,5.0,REG
2021030185,20212022,3,2022-05-10,2022-05-11T02:00:00Z,OFF,EDM,LAK,4.0,5.0,OT
2021030145,20212022,3,2022-05-11,2022-05-11T23:00:00Z,OFF,NYR,PIT,5.0,3.0,REG
2021030115,20212022,3,2022-05-11,2022-05-11T23:30:00Z,OFF,FLA,WSH,5.0,3.0,REG
2021030175,20212022,3,2022-05-11,2022-05-12T01:30:00Z,OFF,CGY,DAL,3.0,1.0,REG
2021030136,20212022,3,2022-05-12,2022-05-12T23:00:00Z,OFF,BOS,CAR,5.0,2.0,REG
2021030126,20212022,3,2022-05-12,2022-05-12T23:30:00Z,OFF,TBL,TOR,4.0,3.0,OT
2021030166,20212022,3,2022-05-12,2022-05-13T01:30:00Z,OFF,STL,MIN,5.0,1.0,REG
2021030186,20212022,3,2022-05-12,2022-05-13T02:00:00Z,OFF,LAK,EDM,2.0,4.0,REG
2021030146,20212022,3,2022-05-13,2022-05-13T23:00:00Z,OFF,PIT,NYR,3.0,5.0,REG
2021030116,20212022,3,2022-05-13,2022-05-13T23:30:00Z,OFF,WSH,FLA,3.0,4.0,OT
2021030176,20212022,3,2022-05-13,2022-05-14T01:30:00Z,OFF,DAL,CGY,4.0,2.0,REG
2021030137,20212022,3,2022-05-14,2022-05-14T20:30:00Z,OFF,CAR,BOS,3.0,2.0,REG
2021030127,20212022,3,2022-05-14,2022-05-14T23:00:00Z,OFF,TOR,TBL,1.0,2.0,REG
2021030187,20212022,3,2022-05-14,2022-05-15T02:00:00Z,OFF,EDM,LAK,2.0,0.0,REG
2021030147,20212022,3,2022-05-15,2022-05-15T23:00:00Z,OFF,NYR,PIT,4.0,3.0,OT
2021030177,20212022,3,2022-05-15,2022-05-16T01:30:00Z,OFF,CGY,DAL,3.0,2.0,OT
2021030211,20212022,3,2022-05-17,2022-05-17T23:00:00Z,OFF,FLA,TBL,1.0,4.0,REG
2021030231,20212022,3,2022-05-17,2022-05-18T01:30:00Z,OFF,COL,STL,3.0,2.0,OT
2021030221,20212022,3,2022-05-18,2022-05-18T23:00:00Z,OFF,CAR,NYR,2.0,1.0,OT
2021030241,20212022,3,2022-05-18,2022-05-19T01:30:00Z,OFF,CGY,EDM,9.0,6.0,REG
2021030212,20212022,3,2022-05-19,2022-05-19T23:00:00Z,OFF,FLA,TBL,1.0,2.0,REG
2021030232,20212022,3,2022-05-19,2022-05-20T01:30:00Z,OFF,COL,STL,1.0,4.0,REG
2021030222,20212022,3,2022-05-20,2022-05-21T00:00:00Z,OFF,CAR,NYR,2.0,0.0,REG
2021030242,20212022,3,2022-05-20,2022-05-21T02:30:00Z,OFF,CGY,EDM,3.0,5.0,REG
2021030233,20212022,3,2022-05-21,2022-05-22T00:00:00Z,OFF,STL,COL,2.0,5.0,REG
2021030213,20212022,3,2022-05-22,2022-05-22T17:30:00Z,OFF,TBL,FLA,5.0,1.0,REG
2021030223,20212022,3,2022-05-22,2022-05-22T19:30:00Z,OFF,NYR,CAR,3.0,1.0,REG
2021030243,20212022,3,2022-05-22,2022-05-23T00:00:00Z,OFF,EDM,CGY,4.0,1.0,REG
2021030214,20212022,3,2022-05-23,2022-05-23T23:00:00Z,OFF,TBL,FLA,2.0,0.0,REG
2021030234,20212022,3,2022-05-23,2022-05-24T01:30:00Z,OFF,STL,COL,3.0,6.0,REG
2021030224,20212022,3,2022-05-24,2022-05-24T23:00:00Z,OFF,NYR,CAR,4.0,1.0,REG
2021030244,20212022,3,2022-05-24,2022-05-25T01:30:00Z,OFF,EDM,CGY,5.0,3.0,REG
2021030235,20212022,3,2022-05-25,2022-05-26T00:00:00Z,OFF,COL,STL,4.0,5.0,OT
2021030225,20212022,3,2022-05-26,2022-05-26T23:00:00Z,OFF,CAR,NYR,3.0,1.0,REG
2021030245,20212022,3,2022-05-26,2022-05-27T01:30:00Z,OFF,CGY,EDM,4.0,5.0,OT
2021030236,20212022,3,2022-05-27,2022-05-28T00:00:00Z,OFF,STL,COL,2.0,3.0,REG
2021030226,20212022,3,2022-05-28,2022-05-29T00:00:00Z,OFF,NYR,CAR,5.0,2.0,REG
2021030227,20212022,3,2022-05-30,2022-05-31T00:00:00Z,OFF,CAR,NYR,2.0,6.0,REG
2021030321,20212022,3,2022-05-31,2022-06-01T00:00:00Z,OFF,COL,EDM,8.0,6.0,REG
2021030311,20212022,3,2022-06-01,2022-06-02T00:00:00Z,OFF,NYR,TBL,6.0,2.0,REG
2021030322,20212022,3,2022-06-02,2022-06-03T00:00:00Z,OFF,COL,EDM,4.0,0.0,REG
2021030312,20212022,3,2022-06-03,2022-06-04T00:00:00Z,OFF,NYR,TBL,3.0,2.0,REG
2021030323,20212022,3,2022-06-04,2022-06-05T00:00:00Z,OFF,EDM,COL,2.0,4.0,REG
2021030313,20212022,3,2022-06-05,2022-06-05T19:00:00Z,OFF,TBL,NYR,3.0,2.0,REG
2021030324,20212022,3,2022-06-06,2022-06-07T00:00:00Z,OFF,EDM,COL,5.0,6.0,OT
2021030314,20212022,3,2022-06-07,2022-06-08T00:00:00Z,OFF,TBL,NYR,4.0,1.0,REG
2021030315,20212022,3,2022-06-09,2022-06-10T00:00:00Z,OFF,NYR,TBL,1.0,3.0,REG
2021030316,20212022,3,2022-06-11,2022-06-12T00:00:00Z,OFF,TBL,NYR,2.0,1.0,REG
2021030411,20212022,3,2022-06-15,2022-06-16T00:00:00Z,OFF,COL,TBL,4.0,3.0,OT
2021030412,20212022,3,2022-06-18,2022-06-19T00:00:00Z,OFF,COL,TBL,7.0,0.0,REG
2021030413,20212022,3,2022-06-20,2022-06-21T00:00:00Z,OFF,TBL,COL,6.0,2.0,REG
2021030414,20212022,3,2022-06-22,2022-06-23T00:00:00Z,OFF,TBL,COL,2.0,3.0,OT
2021030415,20212022,3,2022-06-24,2022-06-25T00:00:00Z,OFF,COL,TBL,2.0,3.0,REG
2021030416,20212022,3,2022-06-26,2022-06-27T00:00:00Z,OFF,TBL,COL,1.0,2.0,REG
2022020001,20222023,2,2022-10-07,2022-10-07T18:00:00Z,OFF,NSH,SJS,4.0,1.0,REG
2022020002,20222023,2,2022-10-08,2022-10-08T18:00:00Z,OFF,SJS,NSH,2.0,3.0,REG
2022020003,20222023,2,2022-10-11,2022-10-11T23:30:00Z,OFF,NYR,TBL,3.0,1.0,REG
2022020004,20222023,2,2022-10-11,2022-10-12T02:00:00Z,OFF,LAK,VGK,3.0,4.0,REG
2022020005,20222023,2,2022-10-12,2022-10-12T23:00:00Z,OFF,WSH,BOS,2.0,5.0,REG
2022020006,20222023,2,2022-10-12,2022-10-12T23:00:00Z,OFF,CAR,CBJ,4.0,1.0,REG
2022020007,20222023,2,2022-10-12,2022-10-12T23:00:00Z,OFF,MTL,TOR,4.0,3.0,REG
2022020008,20222023,2,2022-10-12,2022-10-13T01:30:00Z,OFF,COL,CHI,5.0,2.0,REG
2022020009,20222023,2,2022-10-12,2022-10-13T02:00:00Z,OFF,ANA,SEA,5.0,4.0,OT
2022020010,20222023,2,2022-10-12,2022-10-13T02:00:00Z,OFF,EDM,VAN,5.0,3.0,REG
2022020011,20222023,2,2022-10-13,2022-10-13T23:00:00Z,OFF,PIT,ARI,6.0,2.0,REG
2022020012,20222023,2,2022-10-13,2022-10-13T23:00:00Z,OFF,PHI,NJD,5.0,2.0,REG
2022020013,20222023,2,2022-10-13,2022-10-13T23:00:00Z,OFF,BUF,OTT,4.0,1.0,REG
2022020014,20222023,2,2022-10-13,2022-10-13T23:30:00Z,OFF,NYI,FLA,1.0,3.0,REG
2022020015,20222023,2,2022-10-13,2022-10-13T23:30:00Z,OFF,TOR,WSH,3.0,2.0,REG
2022020017,20222023,2,2022-10-13,2022-10-14T00:00:00Z,OFF,MIN,NYR,3.0,7.0,REG
2022020016,20222023,2,2022-10-13,2022-10-14T00:30:00Z,OFF,NSH,DAL,1.0,4.0,REG
2022020018,20222023,2,2022-10-13,2022-10-14T01:30:00Z,OFF,CGY,COL,5.0,3.0,REG
2022020019,20222023,2,2022-10-13,2022-10-14T02:00:00Z,OFF,VGK,CHI,1.0,0.0,REG
2022020020,20222023,2,2022-10-13,2022-10-14T02:30:00Z,OFF,LAK,SEA,1.0,4.0,REG
2022020021,20222023,2,2022-10-14,2022-10-14T23:00:00Z,OFF,CBJ,TBL,2.0,5.0,REG
2022020022,20222023,2,2022-10-14,2022-10-14T23:00:00Z,OFF,DET,MTL,3.0,0.0,REG
2022020023,20222023,2,2022-10-14,2022-10-15T00:00:00Z,OFF,WPG,NYR,4.0,1.0,REG
2022020024,20222023,2,2022-10-14,2022-10-15T02:30:00Z,OFF,SJS,CAR,1.0,2.0,REG
2022020025,20222023,2,2022-10-15,2022-10-15T17:00:00Z,OFF,BUF,FLA,3.0,4.0,REG
2022020026,20222023,2,2022-10-15,2022-10-15T20:00:00Z,OFF,PHI,VAN,3.0,2.0,REG
2022020027,20222023,2,2022-10-15,2022-10-15T23:00:00Z,OFF,BOS,ARI,6.0,3.0,REG
2022020028,20222023,2,2022-10-15,2022-10-15T23:00:00Z,OFF,NJD,DET,2.0,5.0,REG
2022020029,20222023,2,2022-10-15,2022-10-15T23:00:00Z,OFF,WSH,MTL,3.0,1.0,REG
2022020030,20222023,2,2022-10-15,2022-10-15T23:00:00Z,OFF,TOR,OTT,3.0,2.0,REG
2022020031,20222023,2,2022-10-15,2022-10-15T23:00:00Z,OFF,PIT,TBL,6.0,2.0,REG
2022020032,20222023,2,2022-10-15,2022-10-15T23:30:00Z,OFF,NYI,ANA,7.0,1.0,REG
2022020033,20222023,2,2022-10-15,2022-10-16T00:00:00Z,OFF,STL,CBJ,5.0,2.0,REG
2022020034,20222023,2,2022-10-15,2022-10-16T00:00:00Z,OFF,MIN,LAK,6.0,7.0,REG
2022020035,20222023,2,2022-10-15,2022-10-16T00:00:00Z,OFF,DAL,NSH,5.0,1.0,REG
2022020036,20222023,2,2022-10-15,2022-10-16T02:00:00Z,OFF,EDM,CGY,3.0,4.0,REG
2022020037,20222023,2,2022-10-15,2022-10-16T02:00:00Z,OFF,SEA,VGK,2.0,5.0,REG
2022020038,20222023,2,2022-10-15,2022-10-16T02:00:00Z,OFF,SJS,CHI,2.0,5.0,REG
2022020039,20222023,2,2022-10-17,2022-10-17T23:00:00Z,OFF,NYR,ANA,6.0,4.0,REG
2022020040,20222023,2,2022-10-17,2022-10-17T23:00:00Z,OFF,TOR,ARI,2.0,4.0,REG
2022020041,20222023,2,2022-10-17,2022-10-17T23:00:00Z,OFF,BOS,FLA,5.0,3.0,REG
2022020042,20222023,2,2022-10-17,2022-10-17T23:00:00Z,OFF,MTL,PIT,3.0,2.0,OT
2022020043,20222023,2,2022-10-17,2022-10-17T23:00:00Z,OFF,WSH,VAN,6.0,4.0,REG
2022020044,20222023,2,2022-10-17,2022-10-17T23:00:00Z,OFF,DET,LAK,4.0,5.0,OT
2022020045,20222023,2,2022-10-17,2022-10-18T00:00:00Z,OFF,MIN,COL,3.0,6.0,REG
2022020046,20222023,2,2022-10-17,2022-10-18T00:30:00Z,OFF,DAL,WPG,4.0,1.0,REG
2022020047,20222023,2,2022-10-17,2022-10-18T02:00:00Z,OFF,SEA,CAR,1.0,5.0,REG
2022020048,20222023,2,2022-10-18,2022-10-18T23:00:00Z,OFF,NJD,ANA,4.0,2.0,REG
2022020049,20222023,2,2022-10-18,2022-10-18T23:00:00Z,OFF,OTT,BOS,7.0,5.0,REG
2022020050,20222023,2,2022-10-18,2022-10-18T23:00:00Z,OFF,CBJ,VAN,4.0,3.0,OT
2022020053,20222023,2,2022-10-18,2022-10-18T23:00:00Z,OFF,TBL,PHI,2.0,3.0,REG
2022020051,20222023,2,2022-10-18,2022-10-18T23:30:00Z,OFF,NYI,SJS,5.0,2.0,REG
2022020054,20222023,2,2022-10-18,2022-10-19T01:00:00Z,OFF,EDM,BUF,2.0,4.0,REG
2022020055,20222023,2,2022-10-18,2022-10-19T01:00:00Z,OFF,CGY,VGK,3.0,2.0,REG
2022020052,20222023,2,2022-10-18,2022-10-19T01:30:00Z,OFF,NSH,LAK,3.0,4.0,SO
2022020056,20222023,2,2022-10-19,2022-10-19T23:30:00Z,OFF,FLA,PHI,4.0,3.0,REG
2022020057,20222023,2,2022-10-19,2022-10-20T00:00:00Z,OFF,COL,WPG,3.0,4.0,OT
2022020058,20222023,2,2022-10-19,2022-10-20T02:00:00Z,OFF,SEA,STL,3.0,4.0,OT
2022020059,20222023,2,2022-10-20,2022-10-20T23:00:00Z,OFF,BOS,ANA,2.0,1.0,SO
2022020060,20222023,2,2022-10-20,2022-10-20T23:00:00Z,OFF,MTL,ARI,6.0,2.0,REG
2022020061,20222023,2,2022-10-20,2022-10-20T23:00:00Z,OFF,TOR,DAL,3.0,2.0,OT
2022020062,20222023,2,2022-10-20,2022-10-20T23:00:00Z,OFF,PIT,LAK,6.0,1.0,REG
2022020063,20222023,2,2022-10-20,2022-10-20T23:00:00Z,OFF,CBJ,NSH,5.0,3.0,REG
2022020064,20222023,2,2022-10-20,2022-10-20T23:00:00Z,OFF,NYR,SJS,2.0,3.0,OT
2022020065,20222023,2,2022-10-20,2022-10-20T23:00:00Z,OFF,OTT,WSH,5.0,2.0,REG
2022020066,20222023,2,2022-10-20,2022-10-20T23:30:00Z,OFF,NYI,NJD,1.0,4.0,REG
2022020067,20222023,2,2022-10-20,2022-10-21T00:00:00Z,OFF,MIN,VAN,4.0,3.0,OT
2022020069,20222023,2,2022-10-20,2022-10-21T01:00:00Z,OFF,EDM,CAR,6.0,4.0,REG
2022020068,20222023,2,2022-10-20,2022-10-21T01:30:00Z,OFF,CGY,BUF,3.0,6.0,REG
2022020070,20222023,2,2022-10-20,2022-10-21T02:00:00Z,OFF,VGK,WPG,5.0,2.0,REG
2022020071,20222023,2,2022-10-21,2022-10-21T23:30:00Z,OFF,FLA,TBL,2.0,3.0,OT
2022020072,20222023,2,2022-10-21,2022-10-22T00:30:00Z,OFF,CHI,DET,4.0,3.0,OT
2022020073,20222023,2,2022-10-21,2022-10-22T01:00:00Z,OFF,COL,SEA,2.0,3.0,REG
2022020074,20222023,2,2022-10-22,2022-10-22T17:00:00Z,OFF,BOS,MIN,4.0,3.0,OT
2022020075,20222023,2,2022-10-22,2022-10-22T17:00:00Z,OFF,NJD,SJS,2.0,1.0,REG
2022020076,20222023,2,2022-10-22,2022-10-22T20:00:00Z,OFF,OTT,ARI,6.0,2.0,REG
2022020077,20222023,2,2022-10-22,2022-10-22T20:00:00Z,OFF,EDM,STL,0.0,2.0,REG
2022020078,20222023,2,2022-10-22,2022-10-22T23:00:00Z,OFF,MTL,DAL,2.0,5.0,REG
2022020079,20222023,2,2022-10-22,2022-10-22T23:00:00Z,OFF,WSH,LAK,4.0,3.0,REG
2022020080,20222023,2,2022-10-22,2022-10-22T23:00:00Z,OFF,TBL,NYI,5.0,3.0,REG
2022020081,20222023,2,2022-10-22,2022-10-22T23:00:00Z,OFF,CBJ,PIT,3.0,6.0,REG
2022020082,20222023,2,2022-10-22,2022-10-22T23:00:00Z,OFF,WPG,TOR,1.0,4.0,REG
2022020083,20222023,2,2022-10-22,2022-10-23T00:00:00Z,OFF,NSH,PHI,1.0,3.0,REG
2022020084,20222023,2,2022-10-22,2022-10-23T02:00:00Z,OFF,VAN,BUF,1.0,5.0,REG
2022020085,20222023,2,2022-10-22,2022-10-23T02:00:00Z,OFF,CGY,CAR,3.0,2.0,OT
2022020086,20222023,2,2022-10-22,2022-10-23T02:00:00Z,OFF,VGK,COL,2.0,3.0,REG
2022020087,20222023,2,2022-10-23,2022-10-23T18:00:00Z,OFF,CHI,SEA,5.0,4.0,REG
2022020088,20222023,2,2022-10-23,2022-10-23T21:00:00Z,OFF,DET,ANA,5.0,1.0,REG
2022020089,20222023,2,2022-10-23,2022-10-23T21:00:00Z,OFF,NYR,CBJ,1.0,5.0,REG
2022020090,20222023,2,2022-10-23,2022-10-23T21:00:00Z,OFF,FLA,NYI,3.0,2.0,REG
2022020091,20222023,2,2022-10-23,2022-10-23T23:00:00Z,OFF,PHI,SJS,0.0,3.0,REG
2022020092,20222023,2,2022-10-24,2022-10-24T23:00:00Z,OFF,OTT,DAL,4.0,2.0,REG
2022020093,20222023,2,2022-10-24,2022-10-24T23:00:00Z,OFF,NJD,WSH,3.0,6.0,REG
2022020094,20222023,2,2022-10-24,2022-10-25T00:00:00Z,OFF,EDM,PIT,6.0,3.0,REG
2022020095,20222023,2,2022-10-24,2022-10-25T00:00:00Z,OFF,WPG,STL,4.0,0.0,REG
2022020096,20222023,2,2022-10-24,2022-10-25T02:00:00Z,OFF,VGK,TOR,3.0,1.0,REG
2022020097,20222023,2,2022-10-24,2022-10-25T02:30:00Z,OFF,VAN,CAR,2.0,3.0,REG
2022020098,20222023,2,2022-10-25,2022-10-25T23:00:00Z,OFF,CBJ,ARI,3.0,6.0,REG
2022020100,20222023,2,2022-10-25,2022-10-25T23:00:00Z,OFF,BOS,DAL,3.0,1.0,REG
2022020101,20222023,2,2022-10-25,2022-10-25T23:00:00Z,OFF,MTL,MIN,1.0,3.0,REG
2022020102,20222023,2,2022-10-25,2022-10-25T23:00:00Z,OFF,DET,NJD,2.0,6.0,REG
2022020099,20222023,2,2022-10-25,2022-10-26T00:00:00Z,OFF,NYR,COL,2.0,3.0,SO
2022020103,20222023,2,2022-10-25,2022-10-26T00:30:00Z,OFF,CHI,FLA,4.0,2.0,REG
2022020104,20222023,2,2022-10-25,2022-10-26T01:00:00Z,OFF,CGY,PIT,4.0,1.0,REG
2022020105,20222023,2,2022-10-25,2022-10-26T02:00:00Z,OFF,SEA,BUF,5.0,1.0,REG
2022020106,20222023,2,2022-10-25,2022-10-26T02:30:00Z,OFF,LAK,TBL,4.0,2.0,REG
2022020107,20222023,2,2022-10-25,2022-10-26T02:30:00Z,OFF,SJS,VGK,2.0,4.0,REG
2022020108,20222023,2,2022-10-26,2022-10-26T23:30:00Z,OFF,NYI,NYR,3.0,0.0,REG
2022020109,20222023,2,2022-10-26,2022-10-27T00:00:00Z,OFF,STL,EDM,1.0,3.0,REG
2022020110,20222023,2,2022-10-26,2022-10-27T02:00:00Z,OFF,ANA,TBL,2.0,4.0,REG
2022020111,20222023,2,2022-10-27,2022-10-27T23:00:00Z,OFF,BOS,DET,5.0,1.0,REG
2022020112,20222023,2,2022-10-27,2022-10-27T23:00:00Z,OFF,PHI,FLA,4.0,3.0,REG
2022020113,20222023,2,2022-10-27,2022-10-27T23:00:00Z,OFF,OTT,MIN,2.0,4.0,REG
2022020114,20222023,2,2022-10-27,2022-10-27T23:00:00Z,OFF,BUF,MTL,2.0,3.0,REG
2022020115,20222023,2,2022-10-27,2022-10-28T00:00:00Z,OFF,NSH,STL,6.0,2.0,REG
2022020116,20222023,2,2022-10-27,2022-10-28T00:30:00Z,OFF,CHI,EDM,5.0,6.0,REG
2022020117,20222023,2,2022-10-27,2022-10-28T00:30:00Z,OFF,DAL,WSH,2.0,0.0,REG
2022020118,20222023,2,2022-10-27,2022-10-28T02:00:00Z,OFF,SEA,VAN,4.0,5.0,REG
2022020119,20222023,2,2022-10-27,2022-10-28T02:30:00Z,OFF,SJS,TOR,4.0,3.0,OT
2022020120,20222023,2,2022-10-27,2022-10-28T02:30:00Z,OFF,LAK,WPG,4.0,6.0,REG
2022020121,20222023,2,2022-10-28,2022-10-28T22:00:00Z,OFF,VGK,ANA,4.0,0.0,REG
2022020122,20222023,2,2022-10-28,2022-10-28T23:00:00Z,OFF,CBJ,BOS,0.0,4.0,REG
2022020123,20222023,2,2022-10-28,2022-10-28T23:00:00Z,OFF,NJD,COL,1.0,0.0,REG
2022020124,20222023,2,2022-10-28,2022-10-28T23:00:00Z,OFF,CAR,NYI,2.0,6.0,REG
2022020125,20222023,2,2022-10-28,2022-10-29T02:00:00Z,OFF,VAN,PIT,5.0,1.0,REG
2022020126,20222023,2,2022-10-28,2022-10-29T02:30:00Z,OFF,ARI,WPG,2.0,3.0,OT
2022020127,20222023,2,2022-10-29,2022-10-29T18:00:00Z,OFF,DAL,NYR,3.0,6.0,REG
2022020128,20222023,2,2022-10-29,2022-10-29T20:00:00Z,OFF,FLA,OTT,5.0,3.0,REG
2022020129,20222023,2,2022-10-29,2022-10-29T20:30:00Z,OFF,SJS,TBL,3.0,4.0,REG
2022020130,20222023,2,2022-10-29,2022-10-29T23:00:00Z,OFF,PHI,CAR,3.0,4.0,OT
2022020131,20222023,2,2022-10-29,2022-10-29T23:00:00Z,OFF,BUF,CHI,4.0,3.0,OT
2022020132,20222023,2,2022-10-29,2022-10-29T23:00:00Z,OFF,DET,MIN,2.0,1.0,REG
2022020133,20222023,2,2022-10-29,2022-10-29T23:00:00Z,OFF,STL,MTL,4.0,7.0,REG
2022020134,20222023,2,2022-10-29,2022-10-29T23:00:00Z,OFF,LAK,TOR,4.0,2.0,REG
2022020135,20222023,2,2022-10-29,2022-10-29T23:30:00Z,OFF,NYI,COL,5.0,4.0,REG
2022020136,20222023,2,2022-10-29,2022-10-30T00:00:00Z,OFF,NSH,WSH,0.0,3.0,REG
2022020137,20222023,2,2022-10-29,2022-10-30T02:00:00Z,OFF,CGY,EDM,2.0,3.0,REG
2022020138,20222023,2,2022-10-29,2022-10-30T02:00:00Z,OFF,SEA,PIT,3.0,1.0,REG
2022020139,20222023,2,2022-10-30,2022-10-30T18:00:00Z,OFF,NJD,CBJ,7.0,1.0,REG
2022020140,20222023,2,2022-10-30,2022-10-30T23:00:00Z,OFF,CHI,MIN,3.0,4.0,SO
2022020141,20222023,2,2022-10-30,2022-10-31T00:00:00Z,OFF,ARI,NYR,2.0,3.0,REG
2022020142,20222023,2,2022-10-30,2022-10-31T00:00:00Z,OFF,ANA,TOR,4.0,3.0,OT
2022020143,20222023,2,2022-10-30,2022-10-31T00:00:00Z,OFF,VGK,WPG,2.0,1.0,OT
2022020144,20222023,2,2022-10-31,2022-10-31T23:00:00Z,OFF,BUF,DET,8.0,3.0,REG
2022020145,20222023,2,2022-10-31,2022-10-31T23:00:00Z,OFF,CAR,WSH,3.0,2.0,SO
2022020146,20222023,2,2022-10-31,2022-11-01T00:00:00Z,OFF,STL,LAK,1.0,5.0,REG
2022020148,20222023,2,2022-11-01,2022-11-01T23:00:00Z,OFF,TBL,OTT,4.0,3.0,REG
2022020149,20222023,2,2022-11-01,2022-11-01T23:00:00Z,OFF,NYR,PHI,1.0,0.0,OT
2022020150,20222023,2,2022-11-01,2022-11-01T23:00:00Z,OFF,WSH,VGK,2.0,3.0,OT
2022020147,20222023,2,2022-11-01,2022-11-02T00:00:00Z,OFF,PIT,BOS,5.0,6.0,OT
2022020151,20222023,2,2022-11-01,2022-11-02T00:00:00Z,OFF,MIN,MTL,4.0,1.0,REG
2022020152,20222023,2,2022-11-01,2022-11-02T00:30:00Z,OFF,CHI,NYI,1.0,3.0,REG
2022020153,20222023,2,2022-11-01,2022-11-02T00:30:00Z,OFF,DAL,LAK,5.0,2.0,REG
2022020154,20222023,2,2022-11-01,2022-11-02T01:00:00Z,OFF,EDM,NSH,7.0,4.0,REG
2022020155,20222023,2,2022-11-01,2022-11-02T01:00:00Z,OFF,CGY,SEA,4.0,5.0,REG
2022020156,20222023,2,2022-11-01,2022-11-02T02:00:00Z,OFF,ARI,FLA,3.0,1.0,REG
2022020157,20222023,2,2022-11-01,2022-11-02T02:00:00Z,OFF,VAN,NJD,2.0,5.0,REG
2022020158,20222023,2,2022-11-01,2022-11-02T02:30:00Z,OFF,SJS,ANA,5.0,6.0,SO
2022020159,20222023,2,2022-11-02,2022-11-02T23:00:00Z,OFF,TOR,PHI,5.0,2.0,REG
2022020160,20222023,2,2022-11-02,2022-11-02T23:30:00Z,OFF,BUF,PIT,6.0,3.0,REG
2022020162,20222023,2,2022-11-03,2022-11-03T23:00:00Z,OFF,TBL,CAR,3.0,4.0,SO
2022020163,20222023,2,2022-11-03,2022-11-03T23:00:00Z,OFF,OTT,VGK,4.0,5.0,REG
2022020164,20222023,2,2022-11-03,2022-11-03T23:00:00Z,OFF,DET,WSH,3.0,1.0,REG
2022020161,20222023,2,2022-11-03,2022-11-03T23:30:00Z,OFF,NYR,BOS,2.0,5.0,REG
2022020165,20222023,2,2022-11-03,2022-11-04T00:00:00Z,OFF,WPG,MTL,3.0,2.0,OT
2022020166,20222023,2,2022-11-03,2022-11-04T00:00:00Z,OFF,STL,NYI,2.0,5.0,REG
2022020167,20222023,2,2022-11-03,2022-11-04T00:00:00Z,OFF,MIN,SEA,0.0,4.0,REG
2022020168,20222023,2,2022-11-03,2022-11-04T00:30:00Z,OFF,CHI,LAK,2.0,1.0,OT
2022020169,20222023,2,2022-11-03,2022-11-04T01:00:00Z,OFF,CGY,NSH,1.0,4.0,REG
2022020170,20222023,2,2022-11-03,2022-11-04T01:00:00Z,OFF,EDM,NJD,3.0,4.0,REG
2022020171,20222023,2,2022-11-03,2022-11-04T02:00:00Z,OFF,VAN,ANA,8.0,5.0,REG
2022020172,20222023,2,2022-11-03,2022-11-04T02:00:00Z,OFF,ARI,DAL,2.0,7.0,REG
2022020173,20222023,2,2022-11-03,2022-11-04T02:30:00Z,OFF,SJS,FLA,3.0,4.0,SO
2022020175,20222023,2,2022-11-04,2022-11-04T18:00:00Z,OFF,COL,CBJ,6.0,3.0,REG
2022020174,20222023,2,2022-11-04,2022-11-04T23:00:00Z,OFF,CAR,BUF,5.0,3.0,REG
2022020181,20222023,2,2022-11-05,2022-11-05T17:00:00Z,OFF,DET,NYI,3.0,0.0,REG
2022020185,20222023,2,2022-11-05,2022-11-05T18:00:00Z,OFF,CBJ,COL,1.0,5.0,REG
2022020176,20222023,2,2022-11-05,2022-11-05T19:00:00Z,OFF,WPG,CHI,4.0,0.0,REG
2022020177,20222023,2,2022-11-05,2022-11-05T20:00:00Z,OFF,EDM,DAL,2.0,6.0,REG
2022020178,20222023,2,2022-11-05,2022-11-05T23:00:00Z,OFF,WSH,ARI,2.0,3.0,REG
2022020179,20222023,2,2022-11-05,2022-11-05T23:00:00Z,OFF,TOR,BOS,2.0,1.0,REG
2022020180,20222023,2,2022-11-05,2022-11-05T23:00:00Z,OFF,TBL,BUF,5.0,3.0,REG
2022020182,20222023,2,2022-11-05,2022-11-05T23:00:00Z,OFF,OTT,PHI,1.0,2.0,REG
2022020183,20222023,2,2022-11-05,2022-11-05T23:00:00Z,OFF,PIT,SEA,2.0,3.0,REG
2022020184,20222023,2,2022-11-05,2022-11-05T23:00:00Z,OFF,MTL,VGK,4.0,6.0,REG
2022020186,20222023,2,2022-11-05,2022-11-06T02:00:00Z,OFF,VAN,NSH,3.0,4.0,SO
2022020187,20222023,2,2022-11-05,2022-11-06T02:00:00Z,OFF,CGY,NJD,3.0,4.0,OT
2022020188,20222023,2,2022-11-05,2022-11-06T02:30:00Z,OFF,SJS,ANA,4.0,5.0,SO
2022020189,20222023,2,2022-11-05,2022-11-06T02:30:00Z,OFF,LAK,FLA,5.0,4.0,REG
2022020190,20222023,2,2022-11-06,2022-11-06T22:00:00Z,OFF,NYR,DET,2.0,3.0,OT
2022020191,20222023,2,2022-11-06,2022-11-06T22:00:00Z,OFF,CAR,TOR,1.0,3.0,REG
2022020192,20222023,2,2022-11-06,2022-11-07T02:00:00Z,OFF,ANA,FLA,3.0,5.0,REG
2022020193,20222023,2,2022-11-07,2022-11-08T00:00:00Z,OFF,NYI,CGY,4.0,3.0,OT
2022020194,20222023,2,2022-11-07,2022-11-08T00:00:00Z,OFF,BOS,STL,3.0,1.0,REG
2022020195,20222023,2,2022-11-07,2022-11-08T01:00:00Z,OFF,WSH,EDM,5.0,4.0,REG
2022020196,20222023,2,2022-11-08,2022-11-09T00:00:00Z,OFF,BUF,ARI,1.0,4.0,REG
2022020197,20222023,2,2022-11-08,2022-11-09T00:00:00Z,OFF,NJD,CGY,3.0,2.0,REG
2022020198,20222023,2,2022-11-08,2022-11-09T00:00:00Z,OFF,NYR,NYI,3.0,4.0,REG
2022020199,20222023,2,2022-11-08,2022-11-09T00:00:00Z,OFF,PHI,STL,5.0,1.0,REG
2022020200,20222023,2,2022-11-08,2022-11-09T00:00:00Z,OFF,OTT,VAN,4.0,6.0,REG
2022020201,20222023,2,2022-11-08,2022-11-09T00:00:00Z,OFF,TOR,VGK,3.0,4.0,OT
2022020203,20222023,2,2022-11-08,2022-11-09T00:00:00Z,OFF,DET,MTL,2.0,3.0,SO
2022020202,20222023,2,2022-11-08,2022-11-09T00:30:00Z,OFF,TBL,EDM,2.0,3.0,REG
2022020204,20222023,2,2022-11-08,2022-11-09T01:00:00Z,OFF,WPG,DAL,5.0,1.0,REG
2022020205,20222023,2,2022-11-08,2022-11-09T03:00:00Z,OFF,SEA,NSH,5.0,1.0,REG
2022020206,20222023,2,2022-11-08,2022-11-09T03:30:00Z,OFF,LAK,MIN,1.0,0.0,REG
2022020207,20222023,2,2022-11-09,2022-11-10T00:00:00Z,OFF,FLA,CAR,3.0,0.0,REG
2022020208,20222023,2,2022-11-09,2022-11-10T00:30:00Z,OFF,WSH,PIT,1.0,4.0,REG
2022020209,20222023,2,2022-11-09,2022-11-10T00:30:00Z,OFF,MTL,VAN,5.0,2.0,REG
2022020210,20222023,2,2022-11-09,2022-11-10T03:00:00Z,OFF,ANA,MIN,1.0,4.0,REG
2022020211,20222023,2,2022-11-10,2022-11-11T00:00:00Z,OFF,BOS,CGY,3.0,1.0,REG
2022020212,20222023,2,2022-11-10,2022-11-11T00:00:00Z,OFF,CAR,EDM,7.0,2.0,REG
2022020213,20222023,2,2022-11-10,2022-11-11T00:00:00Z,OFF,NJD,OTT,4.0,3.0,OT
2022020214,20222023,2,2022-11-10,2022-11-11T00:00:00Z,OFF,CBJ,PHI,5.0,2.0,REG
2022020215,20222023,2,2022-11-10,2022-11-11T00:00:00Z,OFF,BUF,VGK,4.0,7.0,REG
2022020217,20222023,2,2022-11-10,2022-11-11T00:00:00Z,OFF,DET,NYR,2.0,8.0,REG
2022020216,20222023,2,2022-11-10,2022-11-11T00:30:00Z,OFF,NYI,ARI,0.0,2.0,REG
2022020218,20222023,2,2022-11-10,2022-11-11T01:00:00Z,OFF,STL,SJS,5.0,3.0,REG
2022020219,20222023,2,2022-11-10,2022-11-11T02:00:00Z,OFF,COL,NSH,5.0,3.0,REG
2022020220,20222023,2,2022-11-10,2022-11-11T03:30:00Z,OFF,LAK,CHI,2.0,1.0,OT
2022020221,20222023,2,2022-11-11,2022-11-12T00:00:00Z,OFF,TOR,PIT,2.0,4.0,REG
2022020222,20222023,2,2022-11-11,2022-11-12T00:00:00Z,OFF,WSH,TBL,5.0,1.0,REG
2022020223,20222023,2,2022-11-11,2022-11-12T01:30:00Z,OFF,DAL,SJS,4.0,5.0,REG
2022020224,20222023,2,2022-11-11,2022-11-12T03:00:00Z,OFF,SEA,MIN,0.0,1.0,REG
2022020225,20222023,2,2022-11-12,2022-11-12T18:00:00Z,OFF,PHI,OTT,1.0,4.0,REG
2022020226,20222023,2,2022-11-12,2022-11-12T21:00:00Z,OFF,FLA,EDM,2.0,4.0,REG
2022020227,20222023,2,2022-11-12,2022-11-13T00:00:00Z,OFF,NJD,ARI,4.0,2.0,REG
2022020228,20222023,2,2022-11-12,2022-11-13T00:00:00Z,OFF,BUF,BOS,1.0,3.0,REG
2022020229,20222023,2,2022-11-12,2022-11-13T00:00:00Z,OFF,MTL,PIT,5.0,4.0,OT
2022020230,20222023,2,2022-11-12,2022-11-13T00:00:00Z,OFF,TOR,VAN,3.0,2.0,REG
2022020231,20222023,2,2022-11-12,2022-11-13T00:30:00Z,OFF,NYI,CBJ,4.0,3.0,OT
2022020232,20222023,2,2022-11-12,2022-11-13T01:00:00Z,OFF,NSH,NYR,2.0,1.0,REG
2022020233,20222023,2,2022-11-12,2022-11-13T02:00:00Z,OFF,COL,CAR,4.0,1.0,REG
2022020234,20222023,2,2022-11-12,2022-11-13T03:00:00Z,OFF,ANA,CHI,2.0,3.0,REG
2022020235,20222023,2,2022-11-12,2022-11-13T03:00:00Z,OFF,VGK,STL,2.0,3.0,REG
2022020236,20222023,2,2022-11-12,2022-11-13T03:00:00Z,OFF,CGY,WPG,3.0,2.0,REG
2022020237,20222023,2,2022-11-12,2022-11-13T03:30:00Z,OFF,LAK,DET,4.0,3.0,REG
2022020238,20222023,2,2022-11-13,2022-11-13T18:00:00Z,OFF,PHI,DAL,1.0,5.0,REG
2022020240,20222023,2,2022-11-13,2022-11-13T23:00:00Z,OFF,MIN,SJS,2.0,3.0,SO
2022020241,20222023,2,2022-11-13,2022-11-13T23:00:00Z,OFF,BOS,VAN,5.0,2.0,REG
2022020239,20222023,2,2022-11-13,2022-11-14T00:00:00Z,OFF,NYR,ARI,4.0,1.0,REG
2022020242,20222023,2,2022-11-13,2022-11-14T00:00:00Z,OFF,TBL,WSH,6.0,3.0,REG
2022020243,20222023,2,2022-11-13,2022-11-14T01:00:00Z,OFF,SEA,WPG,2.0,3.0,OT
2022020244,20222023,2,2022-11-14,2022-11-14T22:30:00Z,OFF,OTT,NYI,2.0,4.0,REG
2022020245,20222023,2,2022-11-14,2022-11-15T01:30:00Z,OFF,CHI,CAR,0.0,3.0,REG
2022020246,20222023,2,2022-11-14,2022-11-15T01:30:00Z,OFF,CGY,LAK,6.0,5.0,REG
2022020247,20222023,2,2022-11-14,2022-11-15T02:00:00Z,OFF,COL,STL,2.0,3.0,REG
2022020248,20222023,2,2022-11-15,2022-11-16T00:00:00Z,OFF,TBL,DAL,5.0,4.0,OT
2022020249,20222023,2,2022-11-15,2022-11-16T00:00:00Z,OFF,MTL,NJD,1.0,5.0,REG
2022020251,20222023,2,2022-11-15,2022-11-16T00:00:00Z,OFF,PIT,TOR,2.0,5.0,REG
2022020252,20222023,2,2022-11-15,2022-11-16T00:00:00Z,OFF,BUF,VAN,4.0,5.0,REG
2022020253,20222023,2,2022-11-15,2022-11-16T00:00:00Z,OFF,FLA,WSH,5.0,2.0,REG
2022020250,20222023,2,2022-11-15,2022-11-16T00:30:00Z,OFF,CBJ,PHI,5.0,4.0,OT
2022020254,20222023,2,2022-11-15,2022-11-16T01:00:00Z,OFF,NSH,MIN,2.0,1.0,REG
2022020255,20222023,2,2022-11-15,2022-11-16T03:00:00Z,OFF,ANA,DET,3.0,2.0,OT
2022020256,20222023,2,2022-11-15,2022-11-16T03:00:00Z,OFF,VGK,SJS,2.0,5.0,REG
2022020257,20222023,2,2022-11-16,2022-11-17T00:00:00Z,OFF,OTT,BUF,4.0,1.0,REG
2022020258,20222023,2,2022-11-16,2022-11-17T00:30:00Z,OFF,CHI,STL,2.0,5.0,REG
2022020259,20222023,2,2022-11-16,2022-11-17T03:00:00Z,OFF,EDM,LAK,1.0,3.0,REG
2022020260,20222023,2,2022-11-17,2022-11-18T00:00:00Z,OFF,TBL,CGY,4.0,1.0,REG
2022020261,20222023,2,2022-11-17,2022-11-18T00:00:00Z,OFF,CAR,COL,2.0,3.0,OT
2022020262,20222023,2,2022-11-17,2022-11-18T00:00:00Z,OFF,FLA,DAL,4.0,6.0,REG
2022020263,20222023,2,2022-11-17,2022-11-18T00:00:00Z,OFF,CBJ,MTL,6.0,4.0,REG
2022020264,20222023,2,2022-11-17,2022-11-18T00:00:00Z,OFF,TOR,NJD,2.0,3.0,OT
2022020265,20222023,2,2022-11-17,2022-11-18T00:00:00Z,OFF,BOS,PHI,4.0,1.0,REG
2022020266,20222023,2,2022-11-17,2022-11-18T01:00:00Z,OFF,WPG,ANA,3.0,2.0,REG
2022020267,20222023,2,2022-11-17,2022-11-18T01:00:00Z,OFF,NSH,NYI,5.0,4.0,REG
2022020268,20222023,2,2022-11-17,2022-11-18T01:00:00Z,OFF,MIN,PIT,4.0,6.0,REG
2022020269,20222023,2,2022-11-17,2022-11-18T01:00:00Z,OFF,STL,WSH,5.0,4.0,SO
2022020270,20222023,2,2022-11-17,2022-11-18T03:00:00Z,OFF,VGK,ARI,4.0,1.0,REG
2022020271,20222023,2,2022-11-17,2022-11-18T03:00:00Z,OFF,SEA,NYR,3.0,2.0,OT
2022020272,20222023,2,2022-11-17,2022-11-18T03:30:00Z,OFF,SJS,DET,4.0,7.0,REG
2022020273,20222023,2,2022-11-18,2022-11-19T03:00:00Z,OFF,VAN,LAK,4.0,1.0,REG
2022020274,20222023,2,2022-11-19,2022-11-19T18:00:00Z,OFF,OTT,NJD,1.0,5.0,REG
2022020275,20222023,2,2022-11-19,2022-11-19T21:00:00Z,OFF,FLA,CGY,4.0,5.0,SO
2022020276,20222023,2,2022-11-19,2022-11-20T00:00:00Z,OFF,TOR,BUF,5.0,2.0,REG
2022020277,20222023,2,2022-11-19,2022-11-20T00:00:00Z,OFF,BOS,CHI,6.0,1.0,REG
2022020278,20222023,2,2022-11-19,2022-11-20T00:00:00Z,OFF,WSH,COL,0.0,4.0,REG
2022020279,20222023,2,2022-11-19,2022-11-20T00:00:00Z,OFF,CBJ,DET,1.0,6.0,REG
2022020280,20222023,2,2022-11-19,2022-11-20T00:00:00Z,OFF,MTL,PHI,5.0,4.0,SO
2022020281,20222023,2,2022-11-19,2022-11-20T00:00:00Z,OFF,WPG,PIT,0.0,3.0,REG
2022020282,20222023,2,2022-11-19,2022-11-20T01:00:00Z,OFF,STL,ANA,6.0,2.0,REG
2022020283,20222023,2,2022-11-19,2022-11-20T01:00:00Z,OFF,MIN,CAR,2.0,1.0,OT
2022020284,20222023,2,2022-11-19,2022-11-20T01:00:00Z,OFF,DAL,NYI,5.0,2.0,REG
2022020285,20222023,2,2022-11-19,2022-11-20T01:00:00Z,OFF,NSH,TBL,2.0,3.0,OT
2022020286,20222023,2,2022-11-19,2022-11-20T03:00:00Z,OFF,SEA,LAK,3.0,2.0,OT
2022020287,20222023,2,2022-11-19,2022-11-20T03:00:00Z,OFF,EDM,VGK,4.0,3.0,OT
2022020288,20222023,2,2022-11-19,2022-11-20T03:30:00Z,OFF,SJS,NYR,1.0,2.0,REG
2022020289,20222023,2,2022-11-20,2022-11-20T23:00:00Z,OFF,CBJ,FLA,5.0,3.0,REG
2022020290,20222023,2,2022-11-20,2022-11-21T00:00:00Z,OFF,CHI,PIT,3.0,5.0,REG
2022020291,20222023,2,2022-11-21,2022-11-22T00:00:00Z,OFF,TBL,BOS,3.0,5.0,REG
2022020292,20222023,2,2022-11-21,2022-11-22T00:00:00Z,OFF,PHI,CGY,2.0,5.0,REG
2022020293,20222023,2,2022-11-21,2022-11-22T00:00:00Z,OFF,NJD,EDM,5.0,2.0,REG
2022020294,20222023,2,2022-11-21,2022-11-22T00:30:00Z,OFF,WPG,CAR,4.0,3.0,OT
2022020295,20222023,2,2022-11-21,2022-11-22T00:30:00Z,OFF,TOR,NYI,2.0,3.0,OT
2022020296,20222023,2,2022-11-21,2022-11-22T01:00:00Z,OFF,STL,ANA,3.0,1.0,REG
2022020297,20222023,2,2022-11-21,2022-11-22T01:00:00Z,OFF,NSH,ARI,4.0,3.0,SO
2022020298,20222023,2,2022-11-21,2022-11-22T01:30:00Z,OFF,DAL,COL,2.0,3.0,SO
2022020299,20222023,2,2022-11-21,2022-11-22T03:30:00Z,OFF,SJS,OTT,5.0,1.0,REG
2022020300,20222023,2,2022-11-21,2022-11-22T03:30:00Z,OFF,VAN,VGK,4.0,5.0,REG
2022020301,20222023,2,2022-11-22,2022-11-23T00:00:00Z,OFF,MTL,BUF,2.0,7.0,REG
2022020302,20222023,2,2022-11-22,2022-11-23T03:30:00Z,OFF,LAK,NYR,3.0,5.0,REG
2022020303,20222023,2,2022-11-23,2022-11-24T00:00:00Z,OFF,CAR,ARI,0.0,4.0,REG
2022020304,20222023,2,2022-11-23,2022-11-24T00:00:00Z,OFF,FLA,BOS,5.0,2.0,REG
2022020305,20222023,2,2022-11-23,2022-11-24T00:00:00Z,OFF,PIT,CGY,2.0,1.0,SO
2022020306,20222023,2,2022-11-23,2022-11-24T00:00:00Z,OFF,CBJ,MTL,1.0,3.0,REG
2022020307,20222023,2,2022-11-23,2022-11-24T00:00:00Z,OFF,BUF,STL,6.0,2.0,REG
2022020308,20222023,2,2022-11-23,2022-11-24T00:00:00Z,OFF,NJD,TOR,1.0,2.0,REG
2022020309,20222023,2,2022-11-23,2022-11-24T00:00:00Z,OFF,MIN,WPG,6.0,1.0,REG
2022020311,20222023,2,2022-11-23,2022-11-24T00:00:00Z,OFF,DET,NSH,3.0,0.0,REG
2022020310,20222023,2,2022-11-23,2022-11-24T00:30:00Z,OFF,NYI,EDM,3.0,0.0,REG
2022020312,20222023,2,2022-11-23,2022-11-24T00:30:00Z,OFF,WSH,PHI,3.0,2.0,OT
2022020313,20222023,2,2022-11-23,2022-11-24T01:30:00Z,OFF,DAL,CHI,6.0,4.0,REG
2022020314,20222023,2,2022-11-23,2022-11-24T03:00:00Z,OFF,ANA,NYR,3.0,2.0,REG
2022020315,20222023,2,2022-11-23,2022-11-24T03:00:00Z,OFF,VGK,OTT,4.0,1.0,REG
2022020316,20222023,2,2022-11-23,2022-11-24T03:00:00Z,OFF,SEA,SJS,8.0,5.0,REG
2022020317,20222023,2,2022-11-23,2022-11-24T03:00:00Z,OFF,COL,VAN,3.0,4.0,REG
2022020318,20222023,2,2022-11-25,2022-11-25T18:00:00Z,OFF,BOS,CAR,3.0,2.0,OT
2022020319,20222023,2,2022-11-25,2022-11-25T19:00:00Z,OFF,WSH,CGY,3.0,0.0,REG
2022020321,20222023,2,2022-11-25,2022-11-25T19:00:00Z,OFF,CHI,MTL,2.0,3.0,SO
2022020322,20222023,2,2022-11-25,2022-11-25T19:00:00Z,OFF,MIN,TOR,3.0,4.0,REG
2022020323,20222023,2,2022-11-25,2022-11-25T20:00:00Z,OFF,ANA,OTT,1.0,5.0,REG
2022020324,20222023,2,2022-11-25,2022-11-25T22:30:00Z,OFF,PHI,PIT,1.0,4.0,REG
2022020325,20222023,2,2022-11-25,2022-11-26T01:00:00Z,OFF,DET,ARI,4.0,3.0,SO
2022020326,20222023,2,2022-11-25,2022-11-26T01:00:00Z,OFF,CBJ,NYI,2.0,3.0,REG
2022020327,20222023,2,2022-11-25,2022-11-26T01:00:00Z,OFF,BUF,NJD,1.0,3.0,REG
2022020328,20222023,2,2022-11-25,2022-11-26T01:00:00Z,OFF,TBL,STL,5.0,2.0,REG
2022020329,20222023,2,2022-11-25,2022-11-26T01:00:00Z,OFF,VGK,SEA,2.0,4.0,REG
2022020330,20222023,2,2022-11-25,2022-11-26T01:30:00Z,OFF,DAL,WPG,4.0,5.0,OT
2022020331,20222023,2,2022-11-25,2022-11-26T03:30:00Z,OFF,SJS,LAK,2.0,5.0,REG
2022020332,20222023,2,2022-11-26,2022-11-26T18:00:00Z,OFF,NYR,EDM,3.0,4.0,REG
2022020333,20222023,2,2022-11-26,2022-11-26T21:00:00Z,OFF,CAR,CGY,3.0,2.0,REG
2022020334,20222023,2,2022-11-26,2022-11-26T23:30:00Z,OFF,FLA,STL,4.0,5.0,OT
2022020335,20222023,2,2022-11-26,2022-11-27T00:00:00Z,OFF,PIT,TOR,1.0,4.0,REG
2022020336,20222023,2,2022-11-26,2022-11-27T00:00:00Z,OFF,NJD,WSH,5.0,1.0,REG
2022020337,20222023,2,2022-11-26,2022-11-27T00:30:00Z,OFF,NYI,PHI,5.0,2.0,REG
2022020339,20222023,2,2022-11-26,2022-11-27T02:00:00Z,OFF,COL,DAL,4.0,1.0,REG
2022020340,20222023,2,2022-11-26,2022-11-27T03:00:00Z,OFF,VGK,VAN,1.0,5.0,REG
2022020341,20222023,2,2022-11-27,2022-11-27T19:00:00Z,OFF,MIN,ARI,4.0,3.0,REG
2022020342,20222023,2,2022-11-27,2022-11-28T00:00:00Z,OFF,CHI,WPG,2.0,7.0,REG
2022020343,20222023,2,2022-11-27,2022-11-28T01:00:00Z,OFF,ANA,SEA,4.0,5.0,REG
2022020344,20222023,2,2022-11-27,2022-11-28T01:00:00Z,OFF,SJS,VAN,3.0,4.0,OT
2022020345,20222023,2,2022-11-27,2022-11-28T03:30:00Z,OFF,LAK,OTT,2.0,3.0,OT
2022020346,20222023,2,2022-11-28,2022-11-29T00:00:00Z,OFF,NYR,NJD,3.0,5.0,REG
2022020347,20222023,2,2022-11-28,2022-11-29T00:00:00Z,OFF,BUF,TBL,5.0,6.0,OT
2022020348,20222023,2,2022-11-28,2022-11-29T00:00:00Z,OFF,DET,TOR,2.0,4.0,REG
2022020349,20222023,2,2022-11-28,2022-11-29T00:00:00Z,OFF,CBJ,VGK,2.0,3.0,SO
2022020350,20222023,2,2022-11-28,2022-11-29T01:00:00Z,OFF,STL,DAL,1.0,4.0,REG
2022020351,20222023,2,2022-11-28,2022-11-29T02:30:00Z,OFF,EDM,FLA,4.0,3.0,OT
2022020352,20222023,2,2022-11-29,2022-11-30T00:00:00Z,OFF,PIT,CAR,2.0,3.0,OT
2022020354,20222023,2,2022-11-29,2022-11-30T00:00:00Z,OFF,MTL,SJS,0.0,4.0,REG
2022020355,20222023,2,2022-11-29,2022-11-30T00:00:00Z,OFF,BOS,TBL,3.0,1.0,REG
2022020353,20222023,2,2022-11-29,2022-11-30T00:30:00Z,OFF,PHI,NYI,3.0,1.0,REG
2022020356,20222023,2,2022-11-29,2022-11-30T01:00:00Z,OFF,NSH,ANA,2.0,1.0,OT
2022020357,20222023,2,2022-11-29,2022-11-30T01:00:00Z,OFF,WPG,COL,5.0,0.0,REG
2022020358,20222023,2,2022-11-29,2022-11-30T02:00:00Z,OFF,CGY,FLA,6.0,2.0,REG
2022020359,20222023,2,2022-11-29,2022-11-30T03:00:00Z,OFF,VAN,WSH,1.0,5.0,REG
2022020360,20222023,2,2022-11-29,2022-11-30T03:30:00Z,OFF,LAK,SEA,8.0,9.0,OT
2022020361,20222023,2,2022-11-30,2022-12-01T00:00:00Z,OFF,DET,BUF,4.0,5.0,SO
2022020362,20222023,2,2022-11-30,2022-12-01T00:00:00Z,OFF,OTT,NYR,1.0,3.0,REG
2022020363,20222023,2,2022-11-30,2022-12-01T00:00:00Z,OFF,TOR,SJS,3.0,1.0,REG
2022020364,20222023,2,2022-11-30,2022-12-01T02:30:00Z,OFF,CHI,EDM,4.0,5.0,REG
2022020365,20222023,2,2022-12-01,2022-12-02T00:00:00Z,OFF,BUF,COL,4.0,6.0,REG
2022020366,20222023,2,2022-12-01,2022-12-02T00:00:00Z,OFF,NJD,NSH,3.0,4.0,OT
2022020367,20222023,2,2022-12-01,2022-12-02T00:00:00Z,OFF,PHI,TBL,1.0,4.0,REG
2022020368,20222023,2,2022-12-01,2022-12-02T00:00:00Z,OFF,PIT,VGK,4.0,3.0,REG
2022020369,20222023,2,2022-12-01,2022-12-02T01:00:00Z,OFF,STL,CAR,4.0,6.0,REG
2022020370,20222023,2,2022-12-01,2022-12-02T01:00:00Z,OFF,MIN,EDM,5.0,3.0,REG
2022020371,20222023,2,2022-12-01,2022-12-02T01:30:00Z,OFF,DAL,ANA,5.0,0.0,REG
2022020372,20222023,2,2022-12-01,2022-12-02T02:00:00Z,OFF,CGY,MTL,1.0,2.0,REG
2022020373,20222023,2,2022-12-01,2022-12-02T03:00:00Z,OFF,VAN,FLA,1.0,5.0,REG
2022020374,20222023,2,2022-12-01,2022-12-02T03:00:00Z,OFF,SEA,WSH,3.0,2.0,OT
2022020375,20222023,2,2022-12-01,2022-12-02T03:30:00Z,OFF,LAK,ARI,5.0,3.0,REG
2022020376,20222023,2,2022-12-02,2022-12-03T00:00:00Z,OFF,NYR,OTT,2.0,3.0,OT
2022020377,20222023,2,2022-12-02,2022-12-03T00:30:00Z,OFF,NYI,NSH,1.0,4.0,REG
2022020378,20222023,2,2022-12-02,2022-12-03T01:00:00Z,OFF,WPG,CBJ,1.0,4.0,REG
2022020379,20222023,2,2022-12-03,2022-12-03T19:00:00Z,OFF,MIN,ANA,5.0,4.0,SO
2022020380,20222023,2,2022-12-03,2022-12-04T00:00:00Z,OFF,BOS,COL,5.0,1.0,REG
2022020381,20222023,2,2022-12-03,2022-12-04T00:00:00Z,OFF,EDM,MTL,5.0,3.0,REG
2022020382,20222023,2,2022-12-03,2022-12-04T00:00:00Z,OFF,PHI,NJD,2.0,3.0,REG
2022020383,20222023,2,2022-12-03,2022-12-04T00:00:00Z,OFF,OTT,SJS,5.0,2.0,REG
2022020384,20222023,2,2022-12-03,2022-12-04T00:00:00Z,OFF,PIT,STL,6.0,2.0,REG
2022020385,20222023,2,2022-12-03,2022-12-04T00:00:00Z,OFF,TBL,TOR,4.0,3.0,OT
2022020386,20222023,2,2022-12-03,2022-12-04T00:00:00Z,OFF,DET,VGK,1.0,4.0,REG
2022020387,20222023,2,2022-12-03,2022-12-04T00:30:00Z,OFF,NYR,CHI,2.0,5.0,REG
2022020388,20222023,2,2022-12-03,2022-12-04T03:00:00Z,OFF,VAN,ARI,3.0,2.0,OT
2022020389,20222023,2,2022-12-03,2022-12-04T03:00:00Z,OFF,SEA,FLA,1.0,5.0,REG
2022020390,20222023,2,2022-12-03,2022-12-04T03:00:00Z,OFF,CGY,WSH,5.0,2.0,REG
2022020391,20222023,2,2022-12-03,2022-12-04T03:30:00Z,OFF,LAK,CAR,2.0,4.0,REG
2022020392,20222023,2,2022-12-04,2022-12-04T20:00:00Z,OFF,WPG,ANA,5.0,2.0,REG
2022020393,20222023,2,2022-12-04,2022-12-04T20:00:00Z,OFF,DAL,MIN,5.0,6.0,SO
2022020394,20222023,2,2022-12-04,2022-12-04T23:00:00Z,OFF,CBJ,DET,2.0,4.0,REG
2022020395,20222023,2,2022-12-04,2022-12-05T00:00:00Z,OFF,BUF,SJS,6.0,3.0,REG
2022020396,20222023,2,2022-12-04,2022-12-05T00:30:00Z,OFF,NYI,CHI,3.0,0.0,REG
2022020397,20222023,2,2022-12-05,2022-12-06T00:00:00Z,OFF,PHI,COL,5.0,3.0,REG
2022020398,20222023,2,2022-12-05,2022-12-06T00:00:00Z,OFF,NYR,STL,6.0,4.0,REG
2022020399,20222023,2,2022-12-05,2022-12-06T00:00:00Z,OFF,BOS,VGK,3.0,4.0,SO
2022020400,20222023,2,2022-12-05,2022-12-06T01:30:00Z,OFF,EDM,WSH,2.0,3.0,REG
2022020401,20222023,2,2022-12-05,2022-12-06T02:00:00Z,OFF,CGY,ARI,3.0,2.0,REG
2022020402,20222023,2,2022-12-05,2022-12-06T03:30:00Z,OFF,VAN,MTL,7.0,6.0,OT
2022020403,20222023,2,2022-12-06,2022-12-07T00:00:00Z,OFF,NJD,CHI,3.0,0.0,REG
2022020404,20222023,2,2022-12-06,2022-12-07T00:00:00Z,OFF,PIT,CBJ,4.0,1.0,REG
2022020405,20222023,2,2022-12-06,2022-12-07T00:00:00Z,OFF,TBL,DET,2.0,4.0,REG
2022020406,20222023,2,2022-12-06,2022-12-07T00:00:00Z,OFF,OTT,LAK,2.0,5.0,REG
2022020407,20222023,2,2022-12-06,2022-12-07T00:30:00Z,OFF,NYI,STL,4.0,7.0,REG
2022020408,20222023,2,2022-12-06,2022-12-07T01:00:00Z,OFF,WPG,FLA,5.0,2.0,REG
2022020409,20222023,2,2022-12-06,2022-12-07T01:30:00Z,OFF,DAL,TOR,0.0,4.0,REG
2022020410,20222023,2,2022-12-06,2022-12-07T03:00:00Z,OFF,ANA,CAR,4.0,3.0,OT
2022020411,20222023,2,2022-12-06,2022-12-07T03:00:00Z,OFF,SEA,MTL,2.0,4.0,REG
2022020413,20222023,2,2022-12-07,2022-12-08T00:00:00Z,OFF,PHI,WSH,1.0,4.0,REG
2022020412,20222023,2,2022-12-07,2022-12-08T00:30:00Z,OFF,CBJ,BUF,4.0,9.0,REG
2022020414,20222023,2,2022-12-07,2022-12-08T01:00:00Z,OFF,CGY,MIN,5.0,3.0,REG
2022020415,20222023,2,2022-12-07,2022-12-08T02:00:00Z,OFF,COL,BOS,0.0,4.0,REG
2022020416,20222023,2,2022-12-07,2022-12-08T02:30:00Z,OFF,EDM,ARI,8.0,2.0,REG
2022020417,20222023,2,2022-12-07,2022-12-08T03:00:00Z,OFF,VGK,NYR,1.0,5.0,REG
2022020418,20222023,2,2022-12-07,2022-12-08T03:30:00Z,OFF,SJS,VAN,5.0,6.0,OT
2022020420,20222023,2,2022-12-08,2022-12-09T00:00:00Z,OFF,TOR,LAK,5.0,0.0,REG
2022020421,20222023,2,2022-12-08,2022-12-09T00:00:00Z,OFF,TBL,NSH,5.0,2.0,REG
2022020419,20222023,2,2022-12-08,2022-12-09T00:30:00Z,OFF,FLA,DET,5.0,1.0,REG
2022020422,20222023,2,2022-12-08,2022-12-09T01:00:00Z,OFF,STL,WPG,2.0,5.0,REG
2022020423,20222023,2,2022-12-08,2022-12-09T01:30:00Z,OFF,DAL,OTT,4.0,3.0,OT
2022020424,20222023,2,2022-12-09,2022-12-10T00:00:00Z,OFF,CBJ,CGY,3.0,1.0,REG
2022020425,20222023,2,2022-12-09,2022-12-10T00:00:00Z,OFF,NJD,NYI,4.0,6.0,REG
2022020426,20222023,2,2022-12-09,2022-12-10T00:00:00Z,OFF,BUF,PIT,3.0,4.0,OT
2022020427,20222023,2,2022-12-09,2022-12-10T00:00:00Z,OFF,WSH,SEA,4.0,1.0,REG
2022020428,20222023,2,2022-12-09,2022-12-10T01:30:00Z,OFF,CHI,WPG,1.0,3.0,REG
2022020429,20222023,2,2022-12-09,2022-12-10T02:00:00Z,OFF,EDM,MIN,5.0,2.0,REG
2022020430,20222023,2,2022-12-09,2022-12-10T02:00:00Z,OFF,COL,NYR,1.0,2.0,SO
2022020431,20222023,2,2022-12-09,2022-12-10T02:30:00Z,OFF,ARI,BOS,4.0,3.0,REG
2022020432,20222023,2,2022-12-09,2022-12-10T03:00:00Z,OFF,VGK,PHI,2.0,1.0,OT
2022020433,20222023,2,2022-12-09,2022-12-10T03:00:00Z,OFF,ANA,SJS,1.0,6.0,REG
2022020434,20222023,2,2022-12-10,2022-12-10T18:30:00Z,OFF,NSH,OTT,2.0,3.0,REG
2022020435,20222023,2,2022-12-10,2022-12-10T19:00:00Z,OFF,DAL,DET,3.0,2.0,OT
2022020436,20222023,2,2022-12-10,2022-12-10T21:30:00Z,OFF,TBL,FLA,4.0,1.0,REG
2022020437,20222023,2,2022-12-10,2022-12-11T00:00:00Z,OFF,PIT,BUF,3.0,1.0,REG
2022020438,20222023,2,2022-12-10,2022-12-11T00:00:00Z,OFF,TOR,CGY,5.0,4.0,OT
2022020439,20222023,2,2022-12-10,2022-12-11T00:00:00Z,OFF,MTL,LAK,2.0,4.0,REG
2022020440,20222023,2,2022-12-10,2022-12-11T00:30:00Z,OFF,NYI,CAR,0.0,3.0,REG
2022020441,20222023,2,2022-12-10,2022-12-11T03:00:00Z,OFF,VAN,MIN,0.0,3.0,REG
2022020442,20222023,2,2022-12-11,2022-12-11T20:00:00Z,OFF,STL,COL,2.0,3.0,OT
2022020443,20222023,2,2022-12-11,2022-12-11T23:00:00Z,OFF,CBJ,LAK,6.0,5.0,OT
2022020444,20222023,2,2022-12-11,2022-12-11T23:00:00Z,OFF,FLA,SEA,2.0,5.0,REG
2022020445,20222023,2,2022-12-11,2022-12-12T00:00:00Z,OFF,ARI,PHI,5.0,4.0,OT
2022020446,20222023,2,2022-12-11,2022-12-12T00:00:00Z,OFF,WPG,WSH,2.0,5.0,REG
2022020447,20222023,2,2022-12-11,2022-12-12T01:00:00Z,OFF,VGK,BOS,1.0,3.0,REG
2022020448,20222023,2,2022-12-12,2022-12-13T00:00:00Z,OFF,MTL,CGY,2.0,1.0,SO
2022020449,20222023,2,2022-12-12,2022-12-13T00:00:00Z,OFF,PIT,DAL,2.0,1.0,REG
2022020450,20222023,2,2022-12-12,2022-12-13T00:00:00Z,OFF,NYR,NJD,4.0,3.0,OT
2022020451,20222023,2,2022-12-12,2022-12-13T00:30:00Z,OFF,OTT,ANA,3.0,0.0,REG
2022020452,20222023,2,2022-12-12,2022-12-13T01:00:00Z,OFF,MIN,EDM,2.0,1.0,REG
2022020453,20222023,2,2022-12-12,2022-12-13T01:00:00Z,OFF,STL,NSH,1.0,0.0,OT
2022020454,20222023,2,2022-12-13,2022-12-14T00:00:00Z,OFF,TOR,ANA,7.0,0.0,REG
2022020455,20222023,2,2022-12-13,2022-12-14T00:00:00Z,OFF,FLA,CBJ,4.0,0.0,REG
2022020456,20222023,2,2022-12-13,2022-12-14T00:00:00Z,OFF,NJD,DAL,1.0,4.0,REG
2022020457,20222023,2,2022-12-13,2022-12-14T00:00:00Z,OFF,BUF,LAK,6.0,0.0,REG
2022020458,20222023,2,2022-12-13,2022-12-14T00:00:00Z,OFF,BOS,NYI,4.0,3.0,SO
2022020459,20222023,2,2022-12-13,2022-12-14T00:00:00Z,OFF,TBL,SEA,6.0,2.0,REG
2022020460,20222023,2,2022-12-13,2022-12-14T00:00:00Z,OFF,DET,CAR,0.0,1.0,REG
2022020461,20222023,2,2022-12-13,2022-12-14T01:00:00Z,OFF,NSH,EDM,3.0,6.0,REG
2022020462,20222023,2,2022-12-13,2022-12-14T01:00:00Z,OFF,WPG,VGK,5.0,6.0,REG
2022020463,20222023,2,2022-12-13,2022-12-14T02:00:00Z,OFF,CHI,WSH,3.0,7.0,REG
2022020464,20222023,2,2022-12-13,2022-12-14T02:00:00Z,OFF,COL,PHI,3.0,2.0,REG
2022020465,20222023,2,2022-12-13,2022-12-14T03:30:00Z,OFF,SJS,ARI,3.0,2.0,REG
2022020466,20222023,2,2022-12-14,2022-12-15T00:00:00Z,OFF,OTT,MTL,3.0,2.0,REG
2022020467,20222023,2,2022-12-14,2022-12-15T00:30:00Z,OFF,MIN,DET,4.0,1.0,REG
2022020468,20222023,2,2022-12-14,2022-12-15T03:00:00Z,OFF,CGY,VAN,3.0,4.0,SO
2022020469,20222023,2,2022-12-15,2022-12-16T00:00:00Z,OFF,MTL,ANA,2.0,5.0,REG
2022020470,20222023,2,2022-12-15,2022-12-16T00:00:00Z,OFF,TBL,CBJ,4.0,1.0,REG
2022020471,20222023,2,2022-12-15,2022-12-16T00:00:00Z,OFF,WSH,DAL,1.0,2.0,REG
2022020472,20222023,2,2022-12-15,2022-12-16T00:00:00Z,OFF,BOS,LAK,2.0,3.0,SO
2022020473,20222023,2,2022-12-15,2022-12-16T00:00:00Z,OFF,NJD,PHI,1.0,2.0,REG
2022020474,20222023,2,2022-12-15,2022-12-16T00:00:00Z,OFF,FLA,PIT,2.0,4.0,REG
2022020475,20222023,2,2022-12-15,2022-12-16T00:00:00Z,OFF,CAR,SEA,3.0,2.0,REG
2022020476,20222023,2,2022-12-15,2022-12-16T00:00:00Z,OFF,NYR,TOR,3.0,1.0,REG
2022020477,20222023,2,2022-12-15,2022-12-16T01:00:00Z,OFF,WPG,NSH,2.0,1.0,OT
2022020478,20222023,2,2022-12-15,2022-12-16T01:30:00Z,OFF,CHI,VGK,1.0,4.0,REG
2022020479,20222023,2,2022-12-15,2022-12-16T02:00:00Z,OFF,COL,BUF,2.0,4.0,REG
2022020480,20222023,2,2022-12-15,2022-12-16T02:00:00Z,OFF,EDM,STL,3.0,4.0,SO
2022020481,20222023,2,2022-12-16,2022-12-17T01:00:00Z,OFF,MIN,CHI,4.0,1.0,REG
2022020482,20222023,2,2022-12-16,2022-12-17T02:00:00Z,OFF,CGY,STL,2.0,5.0,REG
2022020483,20222023,2,2022-12-16,2022-12-17T02:30:00Z,OFF,ARI,NYI,5.0,4.0,REG
2022020484,20222023,2,2022-12-17,2022-12-17T18:00:00Z,OFF,BOS,CBJ,4.0,2.0,REG
2022020485,20222023,2,2022-12-17,2022-12-17T18:00:00Z,OFF,DET,OTT,3.0,6.0,REG
2022020486,20222023,2,2022-12-17,2022-12-17T21:00:00Z,OFF,EDM,ANA,3.0,4.0,REG
2022020487,20222023,2,2022-12-17,2022-12-18T00:00:00Z,OFF,CAR,DAL,5.0,4.0,OT
2022020489,20222023,2,2022-12-17,2022-12-18T00:00:00Z,OFF,PHI,NYR,3.0,6.0,REG
2022020490,20222023,2,2022-12-17,2022-12-18T00:00:00Z,OFF,MTL,TBL,1.0,5.0,REG
2022020491,20222023,2,2022-12-17,2022-12-18T00:00:00Z,OFF,WSH,TOR,5.0,2.0,REG
2022020488,20222023,2,2022-12-17,2022-12-18T00:30:00Z,OFF,NJD,FLA,2.0,4.0,REG
2022020492,20222023,2,2022-12-17,2022-12-18T02:00:00Z,OFF,ARI,BUF,2.0,5.0,REG
2022020493,20222023,2,2022-12-17,2022-12-18T02:00:00Z,OFF,COL,NSH,3.0,1.0,REG
2022020494,20222023,2,2022-12-17,2022-12-18T03:00:00Z,OFF,VGK,NYI,2.0,5.0,REG
2022020495,20222023,2,2022-12-17,2022-12-18T03:00:00Z,OFF,VAN,WPG,1.0,5.0,REG
2022020496,20222023,2,2022-12-17,2022-12-18T03:30:00Z,OFF,LAK,SJS,3.0,2.0,SO
2022020497,20222023,2,2022-12-18,2022-12-18T19:00:00Z,OFF,MIN,OTT,4.0,2.0,REG
2022020498,20222023,2,2022-12-18,2022-12-18T22:00:00Z,OFF,CAR,PIT,3.0,2.0,REG
2022020499,20222023,2,2022-12-18,2022-12-19T00:30:00Z,OFF,CHI,NYR,1.0,7.0,REG
2022020500,20222023,2,2022-12-18,2022-12-19T01:00:00Z,OFF,SEA,WPG,3.0,2.0,REG
2022020501,20222023,2,2022-12-18,2022-12-19T03:00:00Z,OFF,SJS,CGY,2.0,5.0,REG
2022020502,20222023,2,2022-12-19,2022-12-20T00:00:00Z,OFF,CBJ,DAL,1.0,2.0,REG
2022020503,20222023,2,2022-12-19,2022-12-20T00:00:00Z,OFF,WSH,DET,4.0,3.0,OT
2022020504,20222023,2,2022-12-19,2022-12-20T00:00:00Z,OFF,BOS,FLA,7.0,3.0,REG
2022020505,20222023,2,2022-12-19,2022-12-20T01:00:00Z,OFF,NSH,EDM,4.0,3.0,OT
2022020506,20222023,2,2022-12-19,2022-12-20T02:00:00Z,OFF,COL,NYI,1.0,0.0,SO
2022020507,20222023,2,2022-12-19,2022-12-20T03:00:00Z,OFF,VGK,BUF,2.0,3.0,REG
2022020508,20222023,2,2022-12-19,2022-12-20T03:00:00Z,OFF,ARI,MTL,2.0,3.0,OT
2022020509,20222023,2,2022-12-19,2022-12-20T03:30:00Z,OFF,VAN,STL,1.0,5.0,REG
2022020510,20222023,2,2022-12-20,2022-12-21T00:00:00Z,OFF,PHI,CBJ,5.0,3.0,REG
2022020511,20222023,2,2022-12-20,2022-12-21T00:00:00Z,OFF,PIT,NYR,3.0,2.0,REG
2022020512,20222023,2,2022-12-20,2022-12-21T00:00:00Z,OFF,CAR,NJD,4.0,1.0,REG
2022020513,20222023,2,2022-12-20,2022-12-21T00:00:00Z,OFF,TOR,TBL,4.0,1.0,REG
2022020514,20222023,2,2022-12-20,2022-12-21T01:00:00Z,OFF,WPG,OTT,5.0,1.0,REG
2022020515,20222023,2,2022-12-20,2022-12-21T03:00:00Z,OFF,SEA,STL,5.0,2.0,REG
2022020516,20222023,2,2022-12-20,2022-12-21T03:30:00Z,OFF,LAK,ANA,4.0,1.0,REG
2022020517,20222023,2,2022-12-20,2022-12-21T03:30:00Z,OFF,SJS,CGY,3.0,7.0,REG
2022020518,20222023,2,2022-12-21,2022-12-22T00:00:00Z,OFF,FLA,NJD,2.0,4.0,REG
2022020519,20222023,2,2022-12-21,2022-12-22T00:00:00Z,OFF,DET,TBL,7.0,4.0,REG
2022020520,20222023,2,2022-12-21,2022-12-22T01:00:00Z,OFF,COL,MTL,2.0,1.0,OT
2022020521,20222023,2,2022-12-21,2022-12-22T01:30:00Z,OFF,CHI,NSH,2.0,4.0,REG
2022020522,20222023,2,2022-12-21,2022-12-22T02:30:00Z,OFF,DAL,EDM,3.0,6.0,REG
2022020523,20222023,2,2022-12-21,2022-12-22T03:00:00Z,OFF,VGK,ARI,5.0,2.0,REG
2022020524,20222023,2,2022-12-21,2022-12-22T03:00:00Z,OFF,ANA,MIN,1.0,4.0,REG
2022020525,20222023,2,2022-12-22,2022-12-22T19:00:00Z,OFF,TOR,PHI,4.0,3.0,REG
2022020526,20222023,2,2022-12-22,2022-12-23T00:00:00Z,OFF,PIT,CAR,3.0,4.0,OT
2022020527,20222023,2,2022-12-22,2022-12-23T00:00:00Z,OFF,NYR,NYI,5.0,3.0,REG
2022020528,20222023,2,2022-12-22,2022-12-23T00:00:00Z,OFF,OTT,WSH,2.0,3.0,OT
2022020529,20222023,2,2022-12-22,2022-12-23T00:00:00Z,OFF,BOS,WPG,3.0,2.0,REG
2022020530,20222023,2,2022-12-22,2022-12-23T03:00:00Z,OFF,VAN,SEA,6.0,5.0,SO
2022020531,20222023,2,2022-12-22,2022-12-23T03:30:00Z,OFF,LAK,CGY,4.0,3.0,OT
2022020532,20222023,2,2022-12-22,2022-12-23T03:30:00Z,OFF,SJS,MIN,5.0,2.0,REG
2022020533,20222023,2,2022-12-23,2022-12-24T00:00:00Z,OFF,NJD,BOS,3.0,4.0,REG
2022020535,20222023,2,2022-12-23,2022-12-24T00:00:00Z,OFF,CAR,PHI,6.0,5.0,REG
2022020537,20222023,2,2022-12-23,2022-12-24T00:00:00Z,OFF,WSH,WPG,4.0,1.0,REG
2022020538,20222023,2,2022-12-23,2022-12-24T00:30:00Z,OFF,NYI,FLA,5.0,1.0,REG
2022020539,20222023,2,2022-12-23,2022-12-24T01:00:00Z,OFF,NSH,COL,2.0,3.0,OT
2022020541,20222023,2,2022-12-23,2022-12-24T01:00:00Z,OFF,DAL,MTL,4.0,2.0,REG
2022020540,20222023,2,2022-12-23,2022-12-24T01:30:00Z,OFF,CHI,CBJ,5.0,2.0,REG
2022020542,20222023,2,2022-12-23,2022-12-24T02:00:00Z,OFF,EDM,VAN,2.0,5.0,REG
2022020543,20222023,2,2022-12-23,2022-12-24T02:30:00Z,OFF,ARI,LAK,2.0,1.0,SO
2022020545,20222023,2,2022-12-23,2022-12-24T03:00:00Z,OFF,VGK,STL,5.0,4.0,SO
2022020544,20222023,2,2022-12-23,2022-12-24T03:30:00Z,OFF,ANA,CGY,2.0,3.0,OT
2022020546,20222023,2,2022-12-27,2022-12-28T00:00:00Z,OFF,OTT,BOS,3.0,2.0,SO
2022020548,20222023,2,2022-12-27,2022-12-28T00:00:00Z,OFF,CAR,CHI,3.0,0.0,REG
2022020549,20222023,2,2022-12-27,2022-12-28T00:00:00Z,OFF,NYR,WSH,0.0,4.0,REG
2022020550,20222023,2,2022-12-27,2022-12-28T00:30:00Z,OFF,NYI,PIT,5.0,1.0,REG
2022020551,20222023,2,2022-12-27,2022-12-28T01:00:00Z,OFF,NSH,DAL,2.0,3.0,REG
2022020552,20222023,2,2022-12-27,2022-12-28T01:00:00Z,OFF,WPG,MIN,1.0,4.0,REG
2022020553,20222023,2,2022-12-27,2022-12-28T01:00:00Z,OFF,STL,TOR,4.0,5.0,OT
2022020554,20222023,2,2022-12-27,2022-12-28T02:00:00Z,OFF,ARI,COL,6.0,3.0,REG
2022020555,20222023,2,2022-12-27,2022-12-28T02:00:00Z,OFF,CGY,EDM,1.0,2.0,REG
2022020556,20222023,2,2022-12-27,2022-12-28T03:00:00Z,OFF,VAN,SJS,6.0,2.0,REG
2022020557,20222023,2,2022-12-27,2022-12-28T03:30:00Z,OFF,LAK,VGK,4.0,2.0,REG
2022020559,20222023,2,2022-12-28,2022-12-29T00:00:00Z,OFF,TBL,MTL,4.0,1.0,REG
2022020558,20222023,2,2022-12-28,2022-12-29T00:30:00Z,OFF,NJD,BOS,1.0,3.0,REG
2022020560,20222023,2,2022-12-28,2022-12-29T00:30:00Z,OFF,PIT,DET,4.0,5.0,OT
2022020561,20222023,2,2022-12-28,2022-12-29T03:00:00Z,OFF,SEA,CGY,2.0,3.0,REG
2022020562,20222023,2,2022-12-28,2022-12-29T03:00:00Z,OFF,ANA,VGK,3.0,2.0,SO
2022020563,20222023,2,2022-12-29,2022-12-30T00:00:00Z,OFF,BUF,DET,6.0,3.0,REG
2022020564,20222023,2,2022-12-29,2022-12-30T00:00:00Z,OFF,FLA,MTL,7.0,2.0,REG
2022020565,20222023,2,2022-12-29,2022-12-30T00:00:00Z,OFF,TBL,NYR,2.0,1.0,SO
2022020566,20222023,2,2022-12-29,2022-12-30T00:00:00Z,OFF,WSH,OTT,3.0,4.0,OT
2022020567,20222023,2,2022-12-29,2022-12-30T00:30:00Z,OFF,NYI,CBJ,2.0,1.0,REG
2022020568,20222023,2,2022-12-29,2022-12-30T01:00:00Z,OFF,STL,CHI,3.0,1.0,REG
2022020569,20222023,2,2022-12-29,2022-12-30T01:00:00Z,OFF,MIN,DAL,1.0,4.0,REG
2022020570,20222023,2,2022-12-29,2022-12-30T01:00:00Z,OFF,WPG,VAN,4.0,2.0,REG
2022020571,20222023,2,2022-12-29,2022-12-30T02:00:00Z,OFF,COL,LAK,4.0,5.0,SO
2022020572,20222023,2,2022-12-29,2022-12-30T02:00:00Z,OFF,ARI,TOR,6.0,3.0,REG
2022020573,20222023,2,2022-12-29,2022-12-30T03:30:00Z,OFF,SJS,PHI,3.0,4.0,OT
2022020574,20222023,2,2022-12-30,2022-12-30T22:00:00Z,OFF,ANA,NSH,1.0,6.0,REG
2022020576,20222023,2,2022-12-30,2022-12-31T00:00:00Z,OFF,PIT,NJD,2.0,4.0,REG
2022020575,20222023,2,2022-12-30,2022-12-31T00:30:00Z,OFF,CAR,FLA,4.0,0.0,REG
2022020577,20222023,2,2022-12-30,2022-12-31T03:00:00Z,OFF,SEA,EDM,2.0,7.0,REG
2022020578,20222023,2,2022-12-31,2022-12-31T18:00:00Z,OFF,BOS,BUF,3.0,4.0,OT
2022020583,20222023,2,2022-12-31,2022-12-31T18:00:00Z,OFF,CBJ,CHI,4.0,1.0,REG
2022020579,20222023,2,2022-12-31,2022-12-31T20:00:00Z,OFF,VGK,NSH,5.0,4.0,OT
2022020580,20222023,2,2022-12-31,2022-12-31T21:00:00Z,OFF,WSH,MTL,9.0,2.0,REG
2022020581,20222023,2,2022-12-31,2022-12-31T21:00:00Z,OFF,LAK,PHI,2.0,4.0,REG
2022020582,20222023,2,2022-12-31,2022-12-31T22:00:00Z,OFF,TBL,ARI,5.0,3.0,REG
2022020589,20222023,2,2022-12-31,2022-12-31T23:00:00Z,OFF,STL,MIN,2.0,5.0,REG
2022020584,20222023,2,2022-12-31,2023-01-01T00:00:00Z,OFF,DET,OTT,4.0,2.0,REG
2022020585,20222023,2,2022-12-31,2023-01-01T00:00:00Z,OFF,COL,TOR,2.0,6.0,REG
2022020586,20222023,2,2022-12-31,2023-01-01T01:00:00Z,OFF,DAL,SJS,5.0,2.0,REG
2022020587,20222023,2,2022-12-31,2023-01-01T03:00:00Z,OFF,CGY,VAN,3.0,2.0,REG
2022020588,20222023,2,2022-12-31,2023-01-01T03:00:00Z,OFF,EDM,WPG,1.0,2.0,REG
2022020590,20222023,2,2023-01-01,2023-01-01T20:00:00Z,OFF,NJD,CAR,4.0,5.0,SO
2022020591,20222023,2,2023-01-01,2023-01-01T22:00:00Z,OFF,FLA,NYR,3.0,5.0,REG
2022020592,20222023,2,2023-01-01,2023-01-02T00:00:00Z,OFF,OTT,BUF,3.0,1.0,REG
2022020593,20222023,2,2023-01-01,2023-01-02T00:00:00Z,OFF,CHI,SJS,2.0,5.0,REG
2022020594,20222023,2,2023-01-01,2023-01-02T01:00:00Z,OFF,SEA,NYI,4.0,1.0,REG
2022020595,20222023,2,2023-01-02,2023-01-02T19:00:00Z,OFF,BOS,PIT,2.0,1.0,REG
2022020596,20222023,2,2023-01-02,2023-01-03T02:00:00Z,OFF,COL,VGK,2.0,3.0,REG
2022020597,20222023,2,2023-01-02,2023-01-03T03:00:00Z,OFF,ANA,PHI,1.0,4.0,REG
2022020598,20222023,2,2023-01-03,2023-01-04T00:00:00Z,OFF,FLA,ARI,5.0,3.0,REG
2022020599,20222023,2,2023-01-03,2023-01-04T00:00:00Z,OFF,WSH,BUF,4.0,5.0,OT
2022020600,20222023,2,2023-01-03,2023-01-04T00:00:00Z,OFF,NYR,CAR,5.0,3.0,REG
2022020601,20222023,2,2023-01-03,2023-01-04T00:00:00Z,OFF,OTT,CBJ,4.0,0.0,REG
2022020602,20222023,2,2023-01-03,2023-01-04T00:00:00Z,OFF,TOR,STL,5.0,6.0,SO
2022020603,20222023,2,2023-01-03,2023-01-04T01:00:00Z,OFF,WPG,CGY,3.0,2.0,REG
2022020604,20222023,2,2023-01-03,2023-01-04T01:00:00Z,OFF,NSH,MTL,6.0,3.0,REG
2022020605,20222023,2,2023-01-03,2023-01-04T01:30:00Z,OFF,CHI,TBL,1.0,4.0,REG
2022020606,20222023,2,2023-01-03,2023-01-04T02:00:00Z,OFF,EDM,SEA,2.0,5.0,REG
2022020607,20222023,2,2023-01-03,2023-01-04T03:00:00Z,OFF,VAN,NYI,2.0,6.0,REG
2022020608,20222023,2,2023-01-03,2023-01-04T03:00:00Z,OFF,LAK,DAL,3.0,2.0,REG
2022020609,20222023,2,2023-01-04,2023-01-05T00:00:00Z,OFF,DET,NJD,1.0,5.0,REG
2022020610,20222023,2,2023-01-04,2023-01-05T02:30:00Z,OFF,MIN,TBL,5.0,1.0,REG
2022020611,20222023,2,2023-01-04,2023-01-05T03:00:00Z,OFF,ANA,DAL,2.0,0.0,REG
2022020612,20222023,2,2023-01-05,2023-01-06T00:00:00Z,OFF,PHI,ARI,6.0,2.0,REG
2022020613,20222023,2,2023-01-05,2023-01-06T00:00:00Z,OFF,MTL,NYR,1.0,4.0,REG
2022020614,20222023,2,2023-01-05,2023-01-06T00:00:00Z,OFF,CAR,NSH,3.0,5.0,REG
2022020615,20222023,2,2023-01-05,2023-01-06T00:00:00Z,OFF,TOR,SEA,1.0,5.0,REG
2022020616,20222023,2,2023-01-05,2023-01-06T00:00:00Z,OFF,NJD,STL,3.0,5.0,REG
2022020617,20222023,2,2023-01-05,2023-01-06T00:00:00Z,OFF,CBJ,WSH,2.0,6.0,REG
2022020618,20222023,2,2023-01-05,2023-01-06T02:00:00Z,OFF,EDM,NYI,4.0,2.0,REG
2022020619,20222023,2,2023-01-05,2023-01-06T03:00:00Z,OFF,VAN,COL,4.0,2.0,REG
2022020620,20222023,2,2023-01-05,2023-01-06T03:00:00Z,OFF,VGK,PIT,5.0,2.0,REG
2022020621,20222023,2,2023-01-05,2023-01-06T03:30:00Z,OFF,LAK,BOS,2.0,5.0,REG
2022020622,20222023,2,2023-01-06,2023-01-07T00:00:00Z,OFF,WSH,NSH,2.0,3.0,REG
2022020623,20222023,2,2023-01-06,2023-01-07T00:00:00Z,OFF,DET,FLA,2.0,3.0,REG
2022020624,20222023,2,2023-01-06,2023-01-07T01:00:00Z,OFF,WPG,TBL,4.0,2.0,REG
2022020625,20222023,2,2023-01-06,2023-01-07T01:30:00Z,OFF,CHI,ARI,2.0,0.0,REG
2022020626,20222023,2,2023-01-06,2023-01-07T02:00:00Z,OFF,CGY,NYI,4.0,1.0,REG
2022020627,20222023,2,2023-01-06,2023-01-07T03:00:00Z,OFF,ANA,SJS,5.0,4.0,OT
2022020628,20222023,2,2023-01-07,2023-01-07T18:00:00Z,OFF,NJD,NYR,4.0,3.0,OT
2022020629,20222023,2,2023-01-07,2023-01-07T21:00:00Z,OFF,CBJ,CAR,4.0,3.0,SO
2022020630,20222023,2,2023-01-07,2023-01-08T00:00:00Z,OFF,TOR,DET,4.0,1.0,REG
2022020631,20222023,2,2023-01-07,2023-01-08T00:00:00Z,OFF,BUF,MIN,6.0,5.0,OT
2022020632,20222023,2,2023-01-07,2023-01-08T00:00:00Z,OFF,OTT,SEA,4.0,8.0,REG
2022020633,20222023,2,2023-01-07,2023-01-08T00:00:00Z,OFF,MTL,STL,5.0,4.0,REG
2022020634,20222023,2,2023-01-07,2023-01-08T03:00:00Z,OFF,EDM,COL,2.0,3.0,OT
2022020635,20222023,2,2023-01-07,2023-01-08T03:00:00Z,OFF,VGK,LAK,1.0,5.0,REG
2022020636,20222023,2,2023-01-07,2023-01-08T03:30:00Z,OFF,SJS,BOS,2.0,4.0,REG
2022020638,20222023,2,2023-01-08,2023-01-08T20:00:00Z,OFF,WPG,VAN,7.0,4.0,REG
2022020637,20222023,2,2023-01-08,2023-01-08T20:30:00Z,OFF,DAL,FLA,5.0,1.0,REG
2022020639,20222023,2,2023-01-08,2023-01-08T22:00:00Z,OFF,WSH,CBJ,1.0,0.0,REG
2022020640,20222023,2,2023-01-08,2023-01-09T00:00:00Z,OFF,CHI,CGY,4.0,3.0,OT
2022020641,20222023,2,2023-01-08,2023-01-09T00:00:00Z,OFF,ARI,PIT,1.0,4.0,REG
2022020642,20222023,2,2023-01-08,2023-01-09T00:00:00Z,OFF,MIN,STL,0.0,3.0,REG
2022020643,20222023,2,2023-01-08,2023-01-09T00:00:00Z,OFF,PHI,TOR,2.0,6.0,REG
2022020644,20222023,2,2023-01-08,2023-01-09T01:30:00Z,OFF,ANA,BOS,1.0,7.0,REG
2022020990,20222023,2,2023-01-09,2023-01-10T00:00:00Z,OFF,BUF,PHI,0.0,4.0,REG
2022020645,20222023,2,2023-01-09,2023-01-10T00:30:00Z,OFF,OTT,NSH,0.0,3.0,REG
2022020646,20222023,2,2023-01-09,2023-01-10T00:30:00Z,OFF,MTL,SEA,0.0,4.0,REG
2022020647,20222023,2,2023-01-09,2023-01-10T03:30:00Z,OFF,LAK,EDM,6.0,3.0,REG
2022020648,20222023,2,2023-01-10,2023-01-11T00:00:00Z,OFF,TBL,CBJ,6.0,3.0,REG
2022020649,20222023,2,2023-01-10,2023-01-11T00:00:00Z,OFF,NYR,MIN,4.0,3.0,SO
2022020650,20222023,2,2023-01-10,2023-01-11T00:00:00Z,OFF,CAR,NJD,3.0,5.0,REG
2022020651,20222023,2,2023-01-10,2023-01-11T00:00:00Z,OFF,BUF,SEA,3.0,4.0,REG
2022020652,20222023,2,2023-01-10,2023-01-11T00:00:00Z,OFF,PIT,VAN,5.0,4.0,REG
2022020654,20222023,2,2023-01-10,2023-01-11T00:00:00Z,OFF,DET,WPG,7.0,5.0,REG
2022020653,20222023,2,2023-01-10,2023-01-11T00:30:00Z,OFF,NYI,DAL,1.0,2.0,SO
2022020655,20222023,2,2023-01-10,2023-01-11T01:00:00Z,OFF,STL,CGY,4.0,3.0,OT
2022020657,20222023,2,2023-01-10,2023-01-11T02:00:00Z,OFF,ARI,SJS,2.0,4.0,REG
2022020656,20222023,2,2023-01-10,2023-01-11T02:30:00Z,OFF,COL,FLA,4.0,5.0,REG
2022020659,20222023,2,2023-01-11,2023-01-12T00:00:00Z,OFF,PHI,WSH,5.0,3.0,REG
2022020658,20222023,2,2023-01-11,2023-01-12T00:30:00Z,OFF,TOR,NSH,2.0,1.0,REG
2022020660,20222023,2,2023-01-11,2023-01-12T03:00:00Z,OFF,ANA,EDM,2.0,6.0,REG
2022020661,20222023,2,2023-01-11,2023-01-12T03:00:00Z,OFF,LAK,SJS,4.0,3.0,REG
2022020662,20222023,2,2023-01-12,2023-01-13T00:00:00Z,OFF,CBJ,CAR,2.0,6.0,REG
2022020663,20222023,2,2023-01-12,2023-01-13T00:00:00Z,OFF,NYR,DAL,2.0,1.0,OT
2022020664,20222023,2,2023-01-12,2023-01-13T00:00:00Z,OFF,MTL,NSH,4.0,3.0,REG
2022020665,20222023,2,2023-01-12,2023-01-13T00:00:00Z,OFF,BOS,SEA,0.0,3.0,REG
2022020666,20222023,2,2023-01-12,2023-01-13T00:00:00Z,OFF,DET,TOR,4.0,1.0,REG
2022020667,20222023,2,2023-01-12,2023-01-13T00:00:00Z,OFF,TBL,VAN,5.0,4.0,REG
2022020668,20222023,2,2023-01-12,2023-01-13T00:00:00Z,OFF,BUF,WPG,2.0,4.0,REG
2022020669,20222023,2,2023-01-12,2023-01-13T00:30:00Z,OFF,NYI,MIN,1.0,3.0,REG
2022020670,20222023,2,2023-01-12,2023-01-13T01:00:00Z,OFF,STL,CGY,1.0,4.0,REG
2022020671,20222023,2,2023-01-12,2023-01-13T01:30:00Z,OFF,CHI,COL,3.0,2.0,REG
2022020672,20222023,2,2023-01-12,2023-01-13T02:00:00Z,OFF,ARI,OTT,3.0,5.0,REG
2022020673,20222023,2,2023-01-12,2023-01-13T03:00:00Z,OFF,VGK,FLA,4.0,2.0,REG
2022020674,20222023,2,2023-01-13,2023-01-14T00:00:00Z,OFF,PIT,WPG,1.0,4.0,REG
2022020675,20222023,2,2023-01-13,2023-01-14T03:00:00Z,OFF,ANA,NJD,2.0,6.0,REG
2022020676,20222023,2,2023-01-13,2023-01-14T03:30:00Z,OFF,SJS,EDM,1.0,7.0,REG
2022020677,20222023,2,2023-01-14,2023-01-14T19:00:00Z,OFF,DAL,CGY,5.0,6.0,REG
2022020678,20222023,2,2023-01-14,2023-01-15T00:00:00Z,OFF,DET,CBJ,3.0,4.0,REG
2022020679,20222023,2,2023-01-14,2023-01-15T00:00:00Z,OFF,NYI,MTL,2.0,1.0,REG
2022020680,20222023,2,2023-01-14,2023-01-15T00:00:00Z,OFF,COL,OTT,7.0,0.0,REG
2022020681,20222023,2,2023-01-14,2023-01-15T00:00:00Z,OFF,WSH,PHI,1.0,3.0,REG
2022020682,20222023,2,2023-01-14,2023-01-15T00:00:00Z,OFF,CAR,PIT,2.0,1.0,REG
2022020683,20222023,2,2023-01-14,2023-01-15T00:00:00Z,OFF,BOS,TOR,4.0,3.0,REG
2022020684,20222023,2,2023-01-14,2023-01-15T00:00:00Z,OFF,FLA,VAN,4.0,3.0,REG
2022020685,20222023,2,2023-01-14,2023-01-15T01:00:00Z,OFF,MIN,ARI,2.0,1.0,REG
2022020686,20222023,2,2023-01-14,2023-01-15T01:00:00Z,OFF,NSH,BUF,3.0,5.0,REG
2022020687,20222023,2,2023-01-14,2023-01-15T01:00:00Z,OFF,CHI,SEA,5.0,8.0,REG
2022020688,20222023,2,2023-01-14,2023-01-15T01:00:00Z,OFF,STL,TBL,2.0,4.0,REG
2022020689,20222023,2,2023-01-14,2023-01-15T03:00:00Z,OFF,VGK,EDM,3.0,4.0,REG
2022020690,20222023,2,2023-01-14,2023-01-15T03:30:00Z,OFF,LAK,NJD,2.0,5.0,REG
2022020691,20222023,2,2023-01-15,2023-01-15T22:00:00Z,OFF,NYR,MTL,1.0,2.0,REG
2022020692,20222023,2,2023-01-15,2023-01-15T22:00:00Z,OFF,CAR,VAN,3.0,4.0,SO
2022020693,20222023,2,2023-01-15,2023-01-16T00:00:00Z,OFF,WPG,ARI,2.0,1.0,REG
2022020694,20222023,2,2023-01-16,2023-01-16T18:00:00Z,OFF,BUF,FLA,1.0,4.0,REG
2022020695,20222023,2,2023-01-16,2023-01-16T18:00:00Z,OFF,BOS,PHI,6.0,0.0,REG
2022020696,20222023,2,2023-01-16,2023-01-16T20:00:00Z,OFF,COL,DET,6.0,3.0,REG
2022020697,20222023,2,2023-01-16,2023-01-16T21:00:00Z,OFF,SJS,NJD,3.0,4.0,SO
2022020698,20222023,2,2023-01-16,2023-01-16T21:00:00Z,OFF,SEA,TBL,1.0,4.0,REG
2022020699,20222023,2,2023-01-16,2023-01-16T23:00:00Z,OFF,VGK,DAL,0.0,4.0,REG
2022020700,20222023,2,2023-01-16,2023-01-17T00:00:00Z,OFF,PIT,ANA,4.0,3.0,OT
2022020701,20222023,2,2023-01-16,2023-01-17T00:00:00Z,OFF,CBJ,NYR,1.0,3.0,REG
2022020702,20222023,2,2023-01-16,2023-01-17T00:30:00Z,OFF,NYI,WSH,3.0,4.0,OT
2022020703,20222023,2,2023-01-16,2023-01-17T01:00:00Z,OFF,NSH,CGY,2.0,1.0,REG
2022020704,20222023,2,2023-01-16,2023-01-17T01:00:00Z,OFF,STL,OTT,2.0,1.0,REG
2022020705,20222023,2,2023-01-17,2023-01-18T00:00:00Z,OFF,PHI,ANA,5.0,2.0,REG
2022020706,20222023,2,2023-01-17,2023-01-18T00:00:00Z,OFF,TOR,FLA,5.0,4.0,OT
2022020707,20222023,2,2023-01-17,2023-01-18T00:00:00Z,OFF,WSH,MIN,2.0,4.0,REG
2022020708,20222023,2,2023-01-17,2023-01-18T00:00:00Z,OFF,MTL,WPG,4.0,1.0,REG
2022020338,20222023,2,2023-01-17,2023-01-18T01:00:00Z,OFF,NSH,CBJ,2.0,1.0,REG
2022020709,20222023,2,2023-01-17,2023-01-18T01:30:00Z,OFF,CHI,BUF,4.0,3.0,OT
2022020710,20222023,2,2023-01-17,2023-01-18T02:00:00Z,OFF,ARI,DET,4.0,3.0,SO
2022020711,20222023,2,2023-01-17,2023-01-18T02:00:00Z,OFF,EDM,SEA,5.0,2.0,REG
2022020712,20222023,2,2023-01-18,2023-01-19T00:00:00Z,OFF,OTT,PIT,5.0,4.0,OT
2022020713,20222023,2,2023-01-18,2023-01-19T00:30:00Z,OFF,NYI,BOS,1.0,4.0,REG
2022020714,20222023,2,2023-01-18,2023-01-19T02:30:00Z,OFF,CGY,COL,1.0,4.0,REG
2022020715,20222023,2,2023-01-18,2023-01-19T03:00:00Z,OFF,VAN,TBL,2.0,5.0,REG
2022020716,20222023,2,2023-01-18,2023-01-19T03:00:00Z,OFF,SJS,DAL,5.0,3.0,REG
2022020717,20222023,2,2023-01-19,2023-01-20T00:00:00Z,OFF,CBJ,ANA,3.0,5.0,REG
2022020718,20222023,2,2023-01-19,2023-01-20T00:00:00Z,OFF,NYR,BOS,1.0,3.0,REG
2022020719,20222023,2,2023-01-19,2023-01-20T00:00:00Z,OFF,PHI,CHI,1.0,4.0,REG
2022020720,20222023,2,2023-01-19,2023-01-20T00:00:00Z,OFF,MTL,FLA,2.0,6.0,REG
2022020721,20222023,2,2023-01-19,2023-01-20T00:00:00Z,OFF,CAR,MIN,5.0,2.0,REG
2022020723,20222023,2,2023-01-19,2023-01-20T00:00:00Z,OFF,TOR,WPG,4.0,1.0,REG
2022020722,20222023,2,2023-01-19,2023-01-20T00:30:00Z,OFF,BUF,NYI,3.0,2.0,OT
2022020724,20222023,2,2023-01-19,2023-01-20T01:00:00Z,OFF,STL,NSH,5.0,2.0,REG
2022020725,20222023,2,2023-01-19,2023-01-20T02:00:00Z,OFF,EDM,TBL,5.0,3.0,REG
2022020726,20222023,2,2023-01-19,2023-01-20T02:00:00Z,OFF,ARI,WSH,0.0,4.0,REG
2022020727,20222023,2,2023-01-19,2023-01-20T03:00:00Z,OFF,VGK,DET,2.0,3.0,REG
2022020728,20222023,2,2023-01-19,2023-01-20T03:00:00Z,OFF,SEA,NJD,4.0,3.0,OT
2022020729,20222023,2,2023-01-19,2023-01-20T03:30:00Z,OFF,LAK,DAL,0.0,4.0,REG
2022020730,20222023,2,2023-01-20,2023-01-21T00:00:00Z,OFF,PIT,OTT,4.0,1.0,REG
2022020731,20222023,2,2023-01-20,2023-01-21T03:00:00Z,OFF,VAN,COL,1.0,4.0,REG
2022020732,20222023,2,2023-01-21,2023-01-21T17:30:00Z,OFF,BUF,ANA,6.0,3.0,REG
2022020733,20222023,2,2023-01-21,2023-01-21T20:00:00Z,OFF,CGY,TBL,6.0,3.0,REG
2022020734,20222023,2,2023-01-21,2023-01-21T23:00:00Z,OFF,FLA,MIN,5.0,3.0,REG
2022020735,20222023,2,2023-01-21,2023-01-22T00:00:00Z,OFF,DET,PHI,1.0,2.0,REG
2022020736,20222023,2,2023-01-21,2023-01-22T00:00:00Z,OFF,CBJ,SJS,5.0,3.0,REG
2022020737,20222023,2,2023-01-21,2023-01-22T00:00:00Z,OFF,MTL,TOR,3.0,2.0,OT
2022020738,20222023,2,2023-01-21,2023-01-22T00:00:00Z,OFF,OTT,WPG,1.0,5.0,REG
2022020739,20222023,2,2023-01-21,2023-01-22T00:30:00Z,OFF,NYI,CAR,2.0,5.0,REG
2022020740,20222023,2,2023-01-21,2023-01-22T01:00:00Z,OFF,DAL,ARI,4.0,0.0,REG
2022020741,20222023,2,2023-01-21,2023-01-22T01:00:00Z,OFF,STL,CHI,3.0,5.0,REG
2022020742,20222023,2,2023-01-21,2023-01-22T01:00:00Z,OFF,NSH,LAK,5.0,3.0,REG
2022020743,20222023,2,2023-01-21,2023-01-22T03:00:00Z,OFF,SEA,COL,1.0,2.0,SO
2022020744,20222023,2,2023-01-21,2023-01-22T03:00:00Z,OFF,VAN,EDM,2.0,4.0,REG
2022020745,20222023,2,2023-01-21,2023-01-22T03:00:00Z,OFF,VGK,WSH,6.0,2.0,REG
2022020746,20222023,2,2023-01-22,2023-01-22T19:00:00Z,OFF,NJD,PIT,2.0,1.0,OT
2022020747,20222023,2,2023-01-22,2023-01-23T00:00:00Z,OFF,CHI,LAK,1.0,2.0,REG
2022020748,20222023,2,2023-01-22,2023-01-23T00:00:00Z,OFF,BOS,SJS,4.0,0.0,REG
2022020749,20222023,2,2023-01-22,2023-01-23T00:00:00Z,OFF,PHI,WPG,3.0,5.0,REG
2022020750,20222023,2,2023-01-22,2023-01-23T01:00:00Z,OFF,ARI,VGK,4.0,1.0,REG
2022020751,20222023,2,2023-01-23,2023-01-24T00:00:00Z,OFF,NYR,FLA,6.0,2.0,REG
2022020752,20222023,2,2023-01-23,2023-01-24T00:00:00Z,OFF,TOR,NYI,5.0,2.0,REG
2022020753,20222023,2,2023-01-23,2023-01-24T01:30:00Z,OFF,DAL,BUF,2.0,3.0,OT
2022020754,20222023,2,2023-01-23,2023-01-24T02:30:00Z,OFF,CGY,CBJ,4.0,3.0,OT
2022020755,20222023,2,2023-01-24,2023-01-25T00:00:00Z,OFF,MTL,BOS,2.0,4.0,REG
2022020756,20222023,2,2023-01-24,2023-01-25T00:00:00Z,OFF,PIT,FLA,7.0,6.0,OT
2022020757,20222023,2,2023-01-24,2023-01-25T00:00:00Z,OFF,PHI,LAK,3.0,4.0,OT
2022020758,20222023,2,2023-01-24,2023-01-25T00:00:00Z,OFF,TBL,MIN,4.0,2.0,REG
2022020760,20222023,2,2023-01-24,2023-01-25T00:00:00Z,OFF,DET,SJS,3.0,2.0,OT
2022020759,20222023,2,2023-01-24,2023-01-25T00:30:00Z,OFF,NJD,VGK,3.0,2.0,OT
2022020761,20222023,2,2023-01-24,2023-01-25T01:00:00Z,OFF,STL,BUF,3.0,5.0,REG
2022020762,20222023,2,2023-01-24,2023-01-25T01:00:00Z,OFF,NSH,WPG,2.0,1.0,REG
2022020763,20222023,2,2023-01-24,2023-01-25T02:00:00Z,OFF,ARI,ANA,2.0,5.0,REG
2022020764,20222023,2,2023-01-24,2023-01-25T02:00:00Z,OFF,COL,WSH,3.0,2.0,REG
2022020765,20222023,2,2023-01-24,2023-01-25T03:00:00Z,OFF,VAN,CHI,5.0,2.0,REG
2022020766,20222023,2,2023-01-25,2023-01-26T00:00:00Z,OFF,OTT,NYI,2.0,1.0,REG
2022020767,20222023,2,2023-01-25,2023-01-26T00:00:00Z,OFF,TOR,NYR,3.0,2.0,OT
2022020768,20222023,2,2023-01-25,2023-01-26T01:30:00Z,OFF,DAL,CAR,2.0,3.0,OT
2022020769,20222023,2,2023-01-25,2023-01-26T02:30:00Z,OFF,EDM,CBJ,2.0,3.0,OT
2022020770,20222023,2,2023-01-25,2023-01-26T03:00:00Z,OFF,SEA,VAN,6.0,1.0,REG
2022020771,20222023,2,2023-01-26,2023-01-27T00:00:00Z,OFF,TBL,BOS,3.0,2.0,REG
2022020772,20222023,2,2023-01-26,2023-01-27T00:00:00Z,OFF,MTL,DET,3.0,4.0,OT
2022020773,20222023,2,2023-01-26,2023-01-27T00:00:00Z,OFF,WSH,PIT,3.0,2.0,SO
2022020774,20222023,2,2023-01-26,2023-01-27T01:00:00Z,OFF,WPG,BUF,2.0,3.0,REG
2022020775,20222023,2,2023-01-26,2023-01-27T01:00:00Z,OFF,NSH,NJD,6.0,4.0,REG
2022020778,20222023,2,2023-01-26,2023-01-27T01:00:00Z,OFF,MIN,PHI,3.0,2.0,OT
2022020776,20222023,2,2023-01-26,2023-01-27T02:00:00Z,OFF,COL,ANA,3.0,5.0,REG
2022020777,20222023,2,2023-01-26,2023-01-27T02:00:00Z,OFF,CGY,CHI,1.0,5.0,REG
2022020779,20222023,2,2023-01-26,2023-01-27T02:00:00Z,OFF,ARI,STL,5.0,0.0,REG
2022020780,20222023,2,2023-01-27,2023-01-28T00:00:00Z,OFF,NYI,DET,2.0,0.0,REG
2022020781,20222023,2,2023-01-27,2023-01-28T00:00:00Z,OFF,FLA,LAK,3.0,4.0,REG
2022020782,20222023,2,2023-01-27,2023-01-28T00:00:00Z,OFF,TOR,OTT,2.0,6.0,REG
2022020783,20222023,2,2023-01-27,2023-01-28T00:00:00Z,OFF,CAR,SJS,5.0,4.0,OT
2022020784,20222023,2,2023-01-27,2023-01-28T00:00:00Z,OFF,NYR,VGK,4.0,1.0,REG
2022020785,20222023,2,2023-01-27,2023-01-28T01:30:00Z,OFF,DAL,NJD,2.0,3.0,OT
2022020786,20222023,2,2023-01-27,2023-01-28T03:00:00Z,OFF,SEA,CGY,2.0,5.0,REG
2022020787,20222023,2,2023-01-27,2023-01-28T03:00:00Z,OFF,VAN,CBJ,5.0,2.0,REG
2022020788,20222023,2,2023-01-28,2023-01-28T20:00:00Z,OFF,COL,STL,4.0,2.0,REG
2022020789,20222023,2,2023-01-28,2023-01-28T23:00:00Z,OFF,FLA,BOS,4.0,3.0,OT
2022020790,20222023,2,2023-01-28,2023-01-29T00:00:00Z,OFF,TBL,LAK,5.0,2.0,REG
2022020791,20222023,2,2023-01-28,2023-01-29T00:00:00Z,OFF,OTT,MTL,5.0,0.0,REG
2022020792,20222023,2,2023-01-28,2023-01-29T00:00:00Z,OFF,WPG,PHI,0.0,4.0,REG
2022020793,20222023,2,2023-01-28,2023-01-29T00:00:00Z,OFF,PIT,SJS,4.0,6.0,REG
2022020794,20222023,2,2023-01-28,2023-01-29T00:30:00Z,OFF,NYI,VGK,2.0,1.0,OT
2022020795,20222023,2,2023-01-28,2023-01-29T02:00:00Z,OFF,MIN,BUF,3.0,2.0,SO
2022020797,20222023,2,2023-01-28,2023-01-29T03:00:00Z,OFF,EDM,CHI,7.0,3.0,REG
2022020798,20222023,2,2023-01-28,2023-01-29T03:00:00Z,OFF,SEA,CBJ,3.0,1.0,REG
2022020796,20222023,2,2023-01-28,2023-01-29T03:30:00Z,OFF,ANA,ARI,2.0,1.0,OT
2022020799,20222023,2,2023-01-29,2023-01-29T22:00:00Z,OFF,CAR,BOS,4.0,1.0,REG
2022020800,20222023,2,2023-01-29,2023-01-29T22:00:00Z,OFF,TOR,WSH,5.0,1.0,REG
2022020801,20222023,2,2023-01-30,2023-01-31T01:00:00Z,OFF,WPG,STL,4.0,2.0,REG
2022020802,20222023,2,2023-01-31,2023-02-01T00:00:00Z,OFF,CAR,LAK,5.0,4.0,OT
2022020803,20222023,2,2023-01-31,2023-02-01T00:00:00Z,OFF,MTL,OTT,4.0,5.0,REG
2022020804,20222023,2,2023-01-31,2023-02-01T00:00:00Z,OFF,CBJ,WSH,3.0,4.0,OT
2022020805,20222023,2,2023-02-01,2023-02-02T00:30:00Z,OFF,BUF,CAR,1.0,5.0,REG
2022020806,20222023,2,2023-02-01,2023-02-02T00:30:00Z,OFF,TOR,BOS,2.0,5.0,REG
2022020807,20222023,2,2023-02-06,2023-02-07T00:00:00Z,OFF,PHI,NYI,1.0,2.0,REG
2022020808,20222023,2,2023-02-06,2023-02-07T00:00:00Z,OFF,FLA,TBL,7.0,1.0,REG
2022020809,20222023,2,2023-02-06,2023-02-07T00:30:00Z,OFF,NYR,CGY,5.0,4.0,OT
2022020810,20222023,2,2023-02-06,2023-02-07T00:30:00Z,OFF,NJD,VAN,5.0,4.0,OT
2022020811,20222023,2,2023-02-06,2023-02-07T01:30:00Z,OFF,DAL,ANA,3.0,2.0,SO
2022020812,20222023,2,2023-02-06,2023-02-07T02:00:00Z,OFF,ARI,MIN,3.0,2.0,REG
2022020813,20222023,2,2023-02-07,2023-02-08T00:00:00Z,OFF,PIT,COL,2.0,1.0,OT
2022020814,20222023,2,2023-02-07,2023-02-08T00:00:00Z,OFF,TBL,SJS,3.0,4.0,OT
2022020815,20222023,2,2023-02-07,2023-02-08T00:30:00Z,OFF,DET,EDM,2.0,5.0,REG
2022020816,20222023,2,2023-02-07,2023-02-08T00:30:00Z,OFF,NYI,SEA,4.0,0.0,REG
2022020817,20222023,2,2023-02-07,2023-02-08T01:00:00Z,OFF,NSH,VGK,1.0,5.0,REG
2022020818,20222023,2,2023-02-07,2023-02-08T01:30:00Z,OFF,CHI,ANA,2.0,3.0,OT
2022020819,20222023,2,2023-02-08,2023-02-09T01:00:00Z,OFF,NYR,VAN,4.0,3.0,REG
2022020820,20222023,2,2023-02-08,2023-02-09T01:30:00Z,OFF,DAL,MIN,4.0,1.0,REG
2022020821,20222023,2,2023-02-09,2023-02-10T00:00:00Z,OFF,TBL,COL,5.0,0.0,REG
2022020822,20222023,2,2023-02-09,2023-02-10T00:00:00Z,OFF,PHI,EDM,2.0,1.0,SO
2022020823,20222023,2,2023-02-09,2023-02-10T00:00:00Z,OFF,FLA,SJS,4.0,1.0,REG
2022020824,20222023,2,2023-02-09,2023-02-10T00:00:00Z,OFF,NJD,SEA,3.0,1.0,REG
2022020825,20222023,2,2023-02-09,2023-02-10T00:00:00Z,OFF,DET,CGY,2.0,1.0,REG
2022020826,20222023,2,2023-02-09,2023-02-10T00:30:00Z,OFF,NYI,VAN,5.0,6.0,REG
2022020827,20222023,2,2023-02-09,2023-02-10T01:00:00Z,OFF,MIN,VGK,1.0,5.0,REG
2022020828,20222023,2,2023-02-10,2023-02-11T00:00:00Z,OFF,NYR,SEA,6.0,3.0,REG
2022020829,20222023,2,2023-02-10,2023-02-11T00:00:00Z,OFF,CBJ,TOR,0.0,3.0,REG
2022020830,20222023,2,2023-02-10,2023-02-11T01:30:00Z,OFF,CHI,ARI,4.0,3.0,OT
2022020831,20222023,2,2023-02-10,2023-02-11T03:00:00Z,OFF,ANA,PIT,3.0,6.0,REG
2022020832,20222023,2,2023-02-11,2023-02-11T17:00:00Z,OFF,DET,VAN,5.0,2.0,REG
2022020833,20222023,2,2023-02-11,2023-02-11T17:30:00Z,OFF,BUF,CGY,2.0,7.0,REG
2022020834,20222023,2,2023-02-11,2023-02-11T17:30:00Z,OFF,OTT,EDM,3.0,6.0,REG
2022020835,20222023,2,2023-02-11,2023-02-11T17:30:00Z,OFF,MTL,NYI,4.0,3.0,OT
2022020836,20222023,2,2023-02-11,2023-02-11T17:30:00Z,OFF,PHI,NSH,1.0,2.0,OT
2022020837,20222023,2,2023-02-11,2023-02-11T18:00:00Z,OFF,DAL,TBL,1.0,3.0,REG
2022020838,20222023,2,2023-02-11,2023-02-11T20:30:00Z,OFF,BOS,WSH,1.0,2.0,REG
2022020839,20222023,2,2023-02-11,2023-02-11T23:00:00Z,OFF,FLA,COL,3.0,5.0,REG
2022020840,20222023,2,2023-02-11,2023-02-12T00:00:00Z,OFF,TOR,CBJ,3.0,4.0,REG
2022020841,20222023,2,2023-02-11,2023-02-12T00:00:00Z,OFF,CAR,NYR,2.0,6.0,REG
2022020842,20222023,2,2023-02-11,2023-02-12T01:00:00Z,OFF,STL,ARI,6.0,5.0,OT
2022020843,20222023,2,2023-02-11,2023-02-12T01:00:00Z,OFF,MIN,NJD,3.0,2.0,SO
2022020844,20222023,2,2023-02-11,2023-02-12T03:00:00Z,OFF,WPG,CHI,4.0,1.0,REG
2022020845,20222023,2,2023-02-11,2023-02-12T03:30:00Z,OFF,LAK,PIT,6.0,0.0,REG
2022020846,20222023,2,2023-02-12,2023-02-12T17:30:00Z,OFF,MTL,EDM,6.0,2.0,REG
2022020848,20222023,2,2023-02-12,2023-02-12T18:00:00Z,OFF,PHI,SEA,3.0,4.0,REG
2022020847,20222023,2,2023-02-12,2023-02-12T18:30:00Z,OFF,WSH,SJS,1.0,4.0,REG
2022020849,20222023,2,2023-02-12,2023-02-12T20:00:00Z,OFF,VGK,ANA,7.0,2.0,REG
2022020850,20222023,2,2023-02-13,2023-02-14T00:30:00Z,OFF,OTT,CGY,4.0,3.0,OT
2022020851,20222023,2,2023-02-13,2023-02-14T01:00:00Z,OFF,NSH,ARI,2.0,4.0,REG
2022020852,20222023,2,2023-02-13,2023-02-14T01:00:00Z,OFF,MIN,FLA,1.0,2.0,SO
2022020853,20222023,2,2023-02-13,2023-02-14T03:00:00Z,OFF,VAN,DET,1.0,6.0,REG
2022020854,20222023,2,2023-02-13,2023-02-14T03:30:00Z,OFF,LAK,BUF,5.0,2.0,REG
2022020855,20222023,2,2023-02-14,2023-02-15T00:00:00Z,OFF,WSH,CAR,2.0,3.0,REG
2022020856,20222023,2,2023-02-14,2023-02-15T00:00:00Z,OFF,MTL,CHI,4.0,0.0,REG
2022020857,20222023,2,2023-02-14,2023-02-15T00:30:00Z,OFF,CBJ,NJD,2.0,3.0,REG
2022020858,20222023,2,2023-02-14,2023-02-15T00:30:00Z,OFF,NYI,OTT,2.0,3.0,SO
2022020859,20222023,2,2023-02-14,2023-02-15T01:00:00Z,OFF,STL,FLA,6.0,2.0,REG
2022020860,20222023,2,2023-02-14,2023-02-15T01:00:00Z,OFF,WPG,SEA,3.0,2.0,SO
2022020861,20222023,2,2023-02-14,2023-02-15T01:30:00Z,OFF,DAL,BOS,2.0,3.0,OT
2022020862,20222023,2,2023-02-14,2023-02-15T02:00:00Z,OFF,COL,TBL,3.0,4.0,SO
2022020863,20222023,2,2023-02-14,2023-02-15T03:30:00Z,OFF,SJS,PIT,1.0,3.0,REG
2022020864,20222023,2,2023-02-15,2023-02-16T00:00:00Z,OFF,TOR,CHI,5.0,2.0,REG
2022020865,20222023,2,2023-02-15,2023-02-16T02:00:00Z,OFF,ARI,TBL,1.0,0.0,SO
2022020866,20222023,2,2023-02-15,2023-02-16T02:30:00Z,OFF,MIN,COL,2.0,3.0,REG
2022020867,20222023,2,2023-02-15,2023-02-16T02:30:00Z,OFF,EDM,DET,4.0,5.0,SO
2022020868,20222023,2,2023-02-15,2023-02-16T03:00:00Z,OFF,ANA,BUF,3.0,7.0,REG
2022020869,20222023,2,2023-02-15,2023-02-16T03:00:00Z,OFF,VAN,NYR,4.0,6.0,REG
2022020870,20222023,2,2023-02-16,2023-02-17T00:00:00Z,OFF,WSH,FLA,3.0,6.0,REG
2022020871,20222023,2,2023-02-16,2023-02-17T00:00:00Z,OFF,CAR,MTL,6.0,2.0,REG
2022020872,20222023,2,2023-02-16,2023-02-17T00:00:00Z,OFF,CBJ,WPG,3.0,1.0,REG
2022020873,20222023,2,2023-02-16,2023-02-17T01:00:00Z,OFF,NSH,BOS,0.0,5.0,REG
2022020874,20222023,2,2023-02-16,2023-02-17T02:00:00Z,OFF,STL,NJD,4.0,2.0,REG
2022020875,20222023,2,2023-02-16,2023-02-17T02:00:00Z,OFF,CGY,DET,2.0,5.0,REG
2022020876,20222023,2,2023-02-16,2023-02-17T03:00:00Z,OFF,SEA,PHI,6.0,2.0,REG
2022020877,20222023,2,2023-02-16,2023-02-17T03:00:00Z,OFF,VGK,SJS,2.0,1.0,REG
2022020878,20222023,2,2023-02-17,2023-02-18T00:00:00Z,OFF,OTT,CHI,3.0,4.0,OT
2022020879,20222023,2,2023-02-17,2023-02-18T00:00:00Z,OFF,NYI,PIT,5.0,4.0,REG
2022020880,20222023,2,2023-02-17,2023-02-18T01:00:00Z,OFF,MIN,DAL,2.0,1.0,SO
2022020881,20222023,2,2023-02-17,2023-02-18T02:00:00Z,OFF,EDM,NYR,4.0,5.0,SO
2022020882,20222023,2,2023-02-17,2023-02-18T02:00:00Z,OFF,ANA,LAK,3.0,6.0,REG
2022020883,20222023,2,2023-02-18,2023-02-18T19:00:00Z,OFF,STL,COL,1.0,4.0,REG
2022020884,20222023,2,2023-02-18,2023-02-18T19:00:00Z,OFF,NSH,FLA,7.0,3.0,REG
2022020885,20222023,2,2023-02-18,2023-02-18T22:00:00Z,OFF,BOS,NYI,6.0,2.0,REG
2022020886,20222023,2,2023-02-18,2023-02-18T22:30:00Z,OFF,PIT,NJD,2.0,5.0,REG
2022020887,20222023,2,2023-02-18,2023-02-18T23:00:00Z,OFF,DAL,CBJ,1.0,4.0,REG
2022020888,20222023,2,2023-02-18,2023-02-19T00:00:00Z,OFF,TOR,MTL,5.0,1.0,REG
2022020889,20222023,2,2023-02-18,2023-02-19T01:00:00Z,OFF,CAR,WSH,4.0,1.0,REG
2022020890,20222023,2,2023-02-18,2023-02-19T03:00:00Z,OFF,CGY,NYR,3.0,2.0,OT
2022020891,20222023,2,2023-02-18,2023-02-19T03:00:00Z,OFF,VAN,PHI,6.0,2.0,REG
2022020892,20222023,2,2023-02-18,2023-02-19T03:30:00Z,OFF,LAK,ARI,6.0,5.0,SO
2022020893,20222023,2,2023-02-18,2023-02-19T03:30:00Z,OFF,SJS,BUF,2.0,4.0,REG
2022020894,20222023,2,2023-02-18,2023-02-19T03:30:00Z,OFF,SEA,DET,4.0,2.0,REG
2022020895,20222023,2,2023-02-18,2023-02-19T03:30:00Z,OFF,VGK,TBL,5.0,4.0,REG
2022020896,20222023,2,2023-02-19,2023-02-19T19:00:00Z,OFF,MIN,NSH,4.0,3.0,REG
2022020897,20222023,2,2023-02-19,2023-02-19T19:00:00Z,OFF,OTT,STL,7.0,2.0,REG
2022020898,20222023,2,2023-02-19,2023-02-19T20:00:00Z,OFF,COL,EDM,6.0,5.0,OT
2022020899,20222023,2,2023-02-19,2023-02-19T23:00:00Z,OFF,CHI,TOR,5.0,3.0,REG
2022020900,20222023,2,2023-02-19,2023-02-20T00:00:00Z,OFF,NJD,WPG,4.0,2.0,REG
2022020901,20222023,2,2023-02-19,2023-02-20T01:30:00Z,OFF,ARI,CBJ,3.0,2.0,OT
2022020902,20222023,2,2023-02-20,2023-02-20T18:00:00Z,OFF,FLA,ANA,4.0,3.0,OT
2022020903,20222023,2,2023-02-20,2023-02-20T18:00:00Z,OFF,BOS,OTT,3.0,1.0,REG
2022020904,20222023,2,2023-02-20,2023-02-20T21:00:00Z,OFF,CGY,PHI,3.0,4.0,REG
2022020905,20222023,2,2023-02-20,2023-02-20T21:00:00Z,OFF,SJS,SEA,4.0,0.0,REG
2022020906,20222023,2,2023-02-20,2023-02-21T00:00:00Z,OFF,PIT,NYI,2.0,4.0,REG
2022020907,20222023,2,2023-02-20,2023-02-21T00:00:00Z,OFF,NYR,WPG,1.0,4.0,REG
2022020908,20222023,2,2023-02-21,2023-02-22T00:00:00Z,OFF,TBL,ANA,6.0,1.0,REG
2022020909,20222023,2,2023-02-21,2023-02-22T00:00:00Z,OFF,WSH,DET,1.0,3.0,REG
2022020910,20222023,2,2023-02-21,2023-02-22T00:00:00Z,OFF,NJD,MTL,2.0,5.0,REG
2022020911,20222023,2,2023-02-21,2023-02-22T00:00:00Z,OFF,CAR,STL,4.0,1.0,REG
2022020912,20222023,2,2023-02-21,2023-02-22T00:30:00Z,OFF,BUF,TOR,3.0,6.0,REG
2022020913,20222023,2,2023-02-21,2023-02-22T01:00:00Z,OFF,MIN,LAK,2.0,1.0,REG
2022020914,20222023,2,2023-02-21,2023-02-22T01:00:00Z,OFF,NSH,VAN,5.0,4.0,SO
2022020915,20222023,2,2023-02-21,2023-02-22T01:30:00Z,OFF,CHI,VGK,3.0,2.0,SO
2022020916,20222023,2,2023-02-21,2023-02-22T02:00:00Z,OFF,EDM,PHI,4.0,2.0,REG
2022020917,20222023,2,2023-02-22,2023-02-23T00:00:00Z,OFF,NYI,WPG,2.0,1.0,REG
2022020918,20222023,2,2023-02-22,2023-02-23T02:30:00Z,OFF,DAL,CHI,3.0,4.0,REG
2022020919,20222023,2,2023-02-22,2023-02-23T02:30:00Z,OFF,ARI,CGY,3.0,6.0,REG
2022020920,20222023,2,2023-02-23,2023-02-24T00:00:00Z,OFF,WSH,ANA,2.0,4.0,REG
2022020921,20222023,2,2023-02-23,2023-02-24T00:00:00Z,OFF,TBL,BUF,5.0,6.0,OT
2022020922,20222023,2,2023-02-23,2023-02-24T00:00:00Z,OFF,PIT,EDM,2.0,7.0,REG
2022020923,20222023,2,2023-02-23,2023-02-24T00:00:00Z,OFF,NJD,LAK,4.0,3.0,OT
2022020924,20222023,2,2023-02-23,2023-02-24T00:00:00Z,OFF,CBJ,MIN,0.0,2.0,REG
2022020925,20222023,2,2023-02-23,2023-02-24T00:00:00Z,OFF,DET,NYR,4.0,1.0,REG
2022020926,20222023,2,2023-02-23,2023-02-24T01:00:00Z,OFF,STL,VAN,2.0,3.0,OT
2022020928,20222023,2,2023-02-23,2023-02-24T02:00:00Z,OFF,VGK,CGY,4.0,3.0,OT
2022020927,20222023,2,2023-02-23,2023-02-24T03:00:00Z,OFF,SEA,BOS,5.0,6.0,REG
2022020929,20222023,2,2023-02-23,2023-02-24T03:30:00Z,OFF,SJS,NSH,2.0,6.0,REG
2022020930,20222023,2,2023-02-24,2023-02-25T00:00:00Z,OFF,FLA,BUF,1.0,3.0,REG
2022020931,20222023,2,2023-02-24,2023-02-25T00:00:00Z,OFF,TOR,MIN,2.0,1.0,OT
2022020932,20222023,2,2023-02-24,2023-02-25T00:00:00Z,OFF,PHI,MTL,2.0,5.0,REG
2022020933,20222023,2,2023-02-24,2023-02-25T00:00:00Z,OFF,CAR,OTT,4.0,0.0,REG
2022020934,20222023,2,2023-02-24,2023-02-25T00:30:00Z,OFF,NYI,LAK,2.0,3.0,REG
2022020935,20222023,2,2023-02-24,2023-02-25T01:00:00Z,OFF,WPG,COL,1.0,5.0,REG
2022020936,20222023,2,2023-02-25,2023-02-25T17:30:00Z,OFF,CBJ,EDM,6.0,5.0,REG
2022020937,20222023,2,2023-02-25,2023-02-25T18:00:00Z,OFF,WSH,NYR,6.0,3.0,REG
2022020943,20222023,2,2023-02-25,2023-02-25T20:30:00Z,OFF,STL,PIT,2.0,3.0,OT
2022020938,20222023,2,2023-02-25,2023-02-26T00:00:00Z,OFF,CAR,ANA,2.0,3.0,REG
2022020939,20222023,2,2023-02-25,2023-02-26T00:00:00Z,OFF,VAN,BOS,1.0,3.0,REG
2022020940,20222023,2,2023-02-25,2023-02-26T00:00:00Z,OFF,MTL,OTT,2.0,5.0,REG
2022020941,20222023,2,2023-02-25,2023-02-26T00:00:00Z,OFF,NJD,PHI,7.0,0.0,REG
2022020942,20222023,2,2023-02-25,2023-02-26T01:00:00Z,OFF,DET,TBL,0.0,3.0,REG
2022020944,20222023,2,2023-02-25,2023-02-26T03:00:00Z,OFF,COL,CGY,4.0,1.0,REG
2022020945,20222023,2,2023-02-25,2023-02-26T03:00:00Z,OFF,VGK,DAL,2.0,3.0,SO
2022020946,20222023,2,2023-02-25,2023-02-26T03:00:00Z,OFF,SJS,CHI,3.0,4.0,SO
2022020947,20222023,2,2023-02-26,2023-02-26T18:00:00Z,OFF,BUF,WSH,7.0,4.0,REG
2022020948,20222023,2,2023-02-26,2023-02-26T19:00:00Z,OFF,MIN,CBJ,3.0,2.0,OT
2022020949,20222023,2,2023-02-26,2023-02-26T20:30:00Z,OFF,WPG,NYI,0.0,4.0,REG
2022020950,20222023,2,2023-02-26,2023-02-26T22:00:00Z,OFF,NYR,LAK,5.0,2.0,REG
2022020951,20222023,2,2023-02-26,2023-02-26T23:00:00Z,OFF,PIT,TBL,7.0,3.0,REG
2022020952,20222023,2,2023-02-26,2023-02-27T00:00:00Z,OFF,ARI,NSH,2.0,6.0,REG
2022020953,20222023,2,2023-02-26,2023-02-27T00:00:00Z,OFF,SEA,TOR,1.0,5.0,REG
2022020534,20222023,2,2023-02-27,2023-02-28T00:00:00Z,OFF,OTT,DET,6.0,2.0,REG
2022020954,20222023,2,2023-02-27,2023-02-28T01:30:00Z,OFF,EDM,BOS,2.0,3.0,REG
2022020955,20222023,2,2023-02-27,2023-02-28T01:30:00Z,OFF,DAL,VAN,4.0,5.0,OT
2022020956,20222023,2,2023-02-27,2023-02-28T02:00:00Z,OFF,COL,VGK,3.0,0.0,REG
2022020957,20222023,2,2023-02-27,2023-02-28T03:00:00Z,OFF,ANA,CHI,4.0,2.0,REG
2022020959,20222023,2,2023-02-28,2023-03-01T00:00:00Z,OFF,OTT,DET,6.0,1.0,REG
2022020960,20222023,2,2023-02-28,2023-03-01T00:00:00Z,OFF,TBL,FLA,1.0,4.0,REG
2022020958,20222023,2,2023-02-28,2023-03-01T00:30:00Z,OFF,BUF,CBJ,3.0,5.0,REG
2022020961,20222023,2,2023-02-28,2023-03-01T01:00:00Z,OFF,WPG,LAK,5.0,6.0,SO
2022020962,20222023,2,2023-02-28,2023-03-01T01:00:00Z,OFF,MIN,NYI,2.0,1.0,SO
2022020963,20222023,2,2023-02-28,2023-03-01T01:00:00Z,OFF,NSH,PIT,1.0,3.0,REG
2022020964,20222023,2,2023-02-28,2023-03-01T01:00:00Z,OFF,STL,SEA,3.0,5.0,REG
2022020965,20222023,2,2023-02-28,2023-03-01T02:00:00Z,OFF,CGY,BOS,3.0,4.0,OT
2022020966,20222023,2,2023-02-28,2023-03-01T02:00:00Z,OFF,ARI,CHI,4.0,1.0,REG
2022020967,20222023,2,2023-02-28,2023-03-01T03:30:00Z,OFF,SJS,MTL,1.0,3.0,REG
2022020968,20222023,2,2023-03-01,2023-03-02T00:30:00Z,OFF,PHI,NYR,2.0,3.0,OT
2022020969,20222023,2,2023-03-01,2023-03-02T01:00:00Z,OFF,EDM,TOR,5.0,2.0,REG
2022020970,20222023,2,2023-03-01,2023-03-02T01:30:00Z,OFF,DAL,ARI,4.0,2.0,REG
2022020971,20222023,2,2023-03-01,2023-03-02T02:00:00Z,OFF,COL,NJD,5.0,7.0,REG
2022020972,20222023,2,2023-03-01,2023-03-02T03:00:00Z,OFF,VGK,CAR,3.0,2.0,REG
2022020973,20222023,2,2023-03-01,2023-03-02T03:00:00Z,OFF,ANA,WSH,2.0,3.0,OT
2022020974,20222023,2,2023-03-02,2023-03-03T00:00:00Z,OFF,BOS,BUF,7.0,1.0,REG
2022020975,20222023,2,2023-03-02,2023-03-03T00:00:00Z,OFF,FLA,NSH,1.0,2.0,REG
2022020976,20222023,2,2023-03-02,2023-03-03T00:00:00Z,OFF,NYR,OTT,3.0,5.0,REG
2022020977,20222023,2,2023-03-02,2023-03-03T00:00:00Z,OFF,TBL,PIT,4.0,5.0,OT
2022020978,20222023,2,2023-03-02,2023-03-03T00:00:00Z,OFF,DET,SEA,4.0,5.0,OT
2022020979,20222023,2,2023-03-02,2023-03-03T01:30:00Z,OFF,CHI,DAL,2.0,5.0,REG
2022020980,20222023,2,2023-03-02,2023-03-03T02:00:00Z,OFF,CGY,TOR,1.0,2.0,REG
2022020981,20222023,2,2023-03-02,2023-03-03T03:00:00Z,OFF,VAN,MIN,1.0,2.0,REG
2022020982,20222023,2,2023-03-02,2023-03-03T03:30:00Z,OFF,LAK,MTL,3.0,2.0,REG
2022020983,20222023,2,2023-03-02,2023-03-03T03:30:00Z,OFF,SJS,STL,3.0,6.0,REG
2022020984,20222023,2,2023-03-03,2023-03-04T00:00:00Z,OFF,CBJ,SEA,2.0,4.0,REG
2022020985,20222023,2,2023-03-03,2023-03-04T02:00:00Z,OFF,EDM,WPG,6.0,3.0,REG
2022020986,20222023,2,2023-03-03,2023-03-04T02:30:00Z,OFF,ARI,CAR,1.0,6.0,REG
2022020987,20222023,2,2023-03-03,2023-03-04T03:00:00Z,OFF,ANA,MTL,3.0,2.0,REG
2022020988,20222023,2,2023-03-03,2023-03-04T03:00:00Z,OFF,VGK,NJD,4.0,3.0,SO
2022020536,20222023,2,2023-03-04,2023-03-04T17:30:00Z,OFF,BUF,TBL,5.0,3.0,REG
2022020989,20222023,2,2023-03-04,2023-03-04T17:30:00Z,OFF,NYI,DET,4.0,1.0,REG
2022020991,20222023,2,2023-03-04,2023-03-04T18:00:00Z,OFF,BOS,NYR,4.0,2.0,REG
2022020997,20222023,2,2023-03-04,2023-03-04T20:30:00Z,OFF,DAL,COL,7.0,3.0,REG
2022020992,20222023,2,2023-03-04,2023-03-04T23:00:00Z,OFF,FLA,PIT,4.0,1.0,REG
2022020993,20222023,2,2023-03-04,2023-03-04T23:00:00Z,OFF,SJS,WSH,3.0,8.0,REG
2022020994,20222023,2,2023-03-04,2023-03-05T00:00:00Z,OFF,OTT,CBJ,5.0,2.0,REG
2022020995,20222023,2,2023-03-04,2023-03-05T00:00:00Z,OFF,WPG,EDM,7.0,5.0,REG
2022020996,20222023,2,2023-03-04,2023-03-05T00:00:00Z,OFF,VAN,TOR,4.0,1.0,REG
2022020998,20222023,2,2023-03-04,2023-03-05T01:00:00Z,OFF,CHI,NSH,1.0,3.0,REG
2022020999,20222023,2,2023-03-04,2023-03-05T03:00:00Z,OFF,CGY,MIN,0.0,3.0,REG
2022021000,20222023,2,2023-03-04,2023-03-05T03:30:00Z,OFF,LAK,STL,4.0,2.0,REG
2022021001,20222023,2,2023-03-05,2023-03-05T20:00:00Z,OFF,CAR,TBL,6.0,0.0,REG
2022021002,20222023,2,2023-03-05,2023-03-05T23:00:00Z,OFF,PHI,DET,3.0,1.0,REG
2022021003,20222023,2,2023-03-05,2023-03-05T23:00:00Z,OFF,VGK,MTL,4.0,3.0,REG
2022021004,20222023,2,2023-03-05,2023-03-06T00:00:00Z,OFF,ARI,NJD,4.0,5.0,OT
2022021005,20222023,2,2023-03-05,2023-03-06T02:00:00Z,OFF,COL,SEA,2.0,3.0,OT
2022021006,20222023,2,2023-03-06,2023-03-07T00:30:00Z,OFF,BUF,EDM,2.0,3.0,REG
2022021007,20222023,2,2023-03-06,2023-03-07T00:30:00Z,OFF,WPG,SJS,2.0,3.0,OT
2022021008,20222023,2,2023-03-06,2023-03-07T01:30:00Z,OFF,DAL,CGY,4.0,5.0,REG
2022021009,20222023,2,2023-03-06,2023-03-07T02:00:00Z,OFF,CHI,OTT,5.0,0.0,REG
2022021010,20222023,2,2023-03-06,2023-03-07T03:30:00Z,OFF,VAN,NSH,4.0,3.0,SO
2022021011,20222023,2,2023-03-06,2023-03-07T03:30:00Z,OFF,LAK,WSH,4.0,2.0,REG
2022021012,20222023,2,2023-03-07,2023-03-08T00:00:00Z,OFF,MTL,CAR,3.0,4.0,SO
2022021013,20222023,2,2023-03-07,2023-03-08T00:00:00Z,OFF,PIT,CBJ,5.0,4.0,OT
2022021014,20222023,2,2023-03-07,2023-03-08T00:00:00Z,OFF,TBL,PHI,5.0,2.0,REG
2022021015,20222023,2,2023-03-07,2023-03-08T00:00:00Z,OFF,NJD,TOR,3.0,4.0,REG
2022021016,20222023,2,2023-03-07,2023-03-08T00:00:00Z,OFF,FLA,VGK,2.0,1.0,REG
2022021017,20222023,2,2023-03-07,2023-03-08T00:30:00Z,OFF,NYI,BUF,3.0,2.0,REG
2022021018,20222023,2,2023-03-07,2023-03-08T01:00:00Z,OFF,MIN,CGY,0.0,1.0,SO
2022021019,20222023,2,2023-03-07,2023-03-08T02:00:00Z,OFF,COL,SJS,6.0,0.0,REG
2022021020,20222023,2,2023-03-07,2023-03-08T02:00:00Z,OFF,ARI,STL,6.0,2.0,REG
2022021021,20222023,2,2023-03-07,2023-03-08T03:00:00Z,OFF,SEA,ANA,5.0,2.0,REG
2022021022,20222023,2,2023-03-08,2023-03-09T00:30:00Z,OFF,DET,CHI,4.0,3.0,REG
2022021023,20222023,2,2023-03-08,2023-03-09T00:30:00Z,OFF,WPG,MIN,2.0,4.0,REG
2022021024,20222023,2,2023-03-08,2023-03-09T03:00:00Z,OFF,VAN,ANA,3.0,2.0,OT
2022021025,20222023,2,2023-03-09,2023-03-10T00:00:00Z,OFF,BUF,DAL,4.0,10.0,REG
2022021027,20222023,2,2023-03-09,2023-03-10T00:00:00Z,OFF,PIT,NYI,3.0,4.0,OT
2022021028,20222023,2,2023-03-09,2023-03-10T00:00:00Z,OFF,MTL,NYR,3.0,4.0,SO
2022021029,20222023,2,2023-03-09,2023-03-10T00:00:00Z,OFF,WSH,NJD,2.0,3.0,SO
2022021030,20222023,2,2023-03-09,2023-03-10T00:00:00Z,OFF,CAR,PHI,1.0,0.0,REG
2022021031,20222023,2,2023-03-09,2023-03-10T00:00:00Z,OFF,TBL,VGK,3.0,4.0,OT
2022021026,20222023,2,2023-03-09,2023-03-10T00:30:00Z,OFF,BOS,EDM,2.0,3.0,REG
2022021032,20222023,2,2023-03-09,2023-03-10T01:00:00Z,OFF,STL,SJS,4.0,2.0,REG
2022021033,20222023,2,2023-03-09,2023-03-10T02:00:00Z,OFF,COL,LAK,2.0,5.0,REG
2022021034,20222023,2,2023-03-09,2023-03-10T02:00:00Z,OFF,ARI,NSH,4.0,1.0,REG
2022021035,20222023,2,2023-03-09,2023-03-10T03:00:00Z,OFF,SEA,OTT,4.0,5.0,REG
2022021036,20222023,2,2023-03-10,2023-03-11T00:00:00Z,OFF,FLA,CHI,4.0,3.0,OT
2022021037,20222023,2,2023-03-10,2023-03-11T02:00:00Z,OFF,CGY,ANA,1.0,3.0,REG
2022021038,20222023,2,2023-03-11,2023-03-11T18:00:00Z,OFF,BOS,DET,3.0,2.0,REG
2022021039,20222023,2,2023-03-11,2023-03-11T20:30:00Z,OFF,PIT,PHI,5.0,1.0,REG
2022021040,20222023,2,2023-03-11,2023-03-11T22:00:00Z,OFF,BUF,NYR,1.0,2.0,OT
2022021041,20222023,2,2023-03-11,2023-03-11T23:00:00Z,OFF,COL,ARI,3.0,2.0,OT
2022021042,20222023,2,2023-03-11,2023-03-12T00:00:00Z,OFF,TBL,CHI,3.0,1.0,REG
2022021043,20222023,2,2023-03-11,2023-03-12T00:00:00Z,OFF,TOR,EDM,7.0,4.0,REG
2022021044,20222023,2,2023-03-11,2023-03-12T00:00:00Z,OFF,MTL,NJD,1.0,3.0,REG
2022021045,20222023,2,2023-03-11,2023-03-12T00:00:00Z,OFF,CBJ,STL,2.0,5.0,REG
2022021046,20222023,2,2023-03-11,2023-03-12T00:00:00Z,OFF,CAR,VGK,0.0,4.0,REG
2022021047,20222023,2,2023-03-11,2023-03-12T00:00:00Z,OFF,FLA,WPG,4.0,5.0,OT
2022021048,20222023,2,2023-03-11,2023-03-12T00:30:00Z,OFF,NYI,WSH,1.0,5.0,REG
2022021049,20222023,2,2023-03-11,2023-03-12T03:00:00Z,OFF,SEA,DAL,3.0,4.0,OT
2022021050,20222023,2,2023-03-11,2023-03-12T03:00:00Z,OFF,VAN,OTT,5.0,2.0,REG
2022021051,20222023,2,2023-03-11,2023-03-12T03:30:00Z,OFF,SJS,MIN,2.0,5.0,REG
2022021052,20222023,2,2023-03-11,2023-03-12T03:30:00Z,OFF,LAK,NSH,1.0,2.0,SO
2022021053,20222023,2,2023-03-12,2023-03-12T17:30:00Z,OFF,DET,BOS,5.0,3.0,REG
2022021054,20222023,2,2023-03-12,2023-03-12T20:00:00Z,OFF,PIT,NYR,3.0,2.0,OT
2022021055,20222023,2,2023-03-12,2023-03-12T23:00:00Z,OFF,NJD,CAR,3.0,0.0,REG
2022021056,20222023,2,2023-03-12,2023-03-12T23:00:00Z,OFF,STL,VGK,3.0,5.0,REG
2022021057,20222023,2,2023-03-12,2023-03-12T23:00:00Z,OFF,TBL,WPG,2.0,3.0,REG
2022021059,20222023,2,2023-03-12,2023-03-13T01:00:00Z,OFF,CGY,OTT,5.0,1.0,REG
2022021058,20222023,2,2023-03-12,2023-03-13T01:30:00Z,OFF,ARI,MIN,5.0,4.0,OT
2022021060,20222023,2,2023-03-12,2023-03-13T01:30:00Z,OFF,ANA,NSH,4.0,5.0,OT
2022021061,20222023,2,2023-03-13,2023-03-13T23:30:00Z,OFF,TOR,BUF,3.0,4.0,REG
2022021062,20222023,2,2023-03-13,2023-03-13T23:30:00Z,OFF,MTL,COL,4.0,8.0,REG
2022021063,20222023,2,2023-03-13,2023-03-14T02:00:00Z,OFF,SEA,DAL,2.0,5.0,REG
2022021064,20222023,2,2023-03-14,2023-03-14T23:00:00Z,OFF,PIT,MTL,4.0,6.0,REG
2022021065,20222023,2,2023-03-14,2023-03-14T23:00:00Z,OFF,NJD,TBL,1.0,4.0,REG
2022021066,20222023,2,2023-03-14,2023-03-14T23:00:00Z,OFF,PHI,VGK,3.0,5.0,REG
2022021067,20222023,2,2023-03-14,2023-03-14T23:00:00Z,OFF,NYR,WSH,5.0,3.0,REG
2022021068,20222023,2,2023-03-14,2023-03-14T23:00:00Z,OFF,CAR,WPG,5.0,3.0,REG
2022021069,20222023,2,2023-03-14,2023-03-15T00:00:00Z,OFF,NSH,DET,2.0,1.0,REG
2022021070,20222023,2,2023-03-14,2023-03-15T00:30:00Z,OFF,CHI,BOS,6.0,3.0,REG
2022021071,20222023,2,2023-03-14,2023-03-15T01:00:00Z,OFF,EDM,OTT,6.0,3.0,REG
2022021072,20222023,2,2023-03-14,2023-03-15T02:00:00Z,OFF,ARI,CGY,4.0,3.0,OT
2022021073,20222023,2,2023-03-14,2023-03-15T02:00:00Z,OFF,VAN,DAL,5.0,2.0,REG
2022021074,20222023,2,2023-03-14,2023-03-15T02:30:00Z,OFF,SJS,CBJ,5.0,6.0,OT
2022021075,20222023,2,2023-03-14,2023-03-15T02:30:00Z,OFF,LAK,NYI,5.0,2.0,REG
2022021076,20222023,2,2023-03-15,2023-03-15T23:00:00Z,OFF,WSH,BUF,5.0,4.0,SO
2022021077,20222023,2,2023-03-15,2023-03-15T23:00:00Z,OFF,TOR,COL,1.0,2.0,SO
2022021078,20222023,2,2023-03-15,2023-03-16T01:30:00Z,OFF,STL,MIN,5.0,8.0,REG
2022021079,20222023,2,2023-03-15,2023-03-16T02:00:00Z,OFF,ANA,NYI,3.0,6.0,REG
2022021080,20222023,2,2023-03-16,2023-03-16T23:00:00Z,OFF,OTT,COL,4.0,5.0,REG
2022021081,20222023,2,2023-03-16,2023-03-16T23:00:00Z,OFF,FLA,MTL,9.0,5.0,REG
2022021082,20222023,2,2023-03-16,2023-03-16T23:00:00Z,OFF,NYR,PIT,4.0,2.0,REG
2022021083,20222023,2,2023-03-16,2023-03-16T23:00:00Z,OFF,NJD,TBL,3.0,4.0,SO
2022021084,20222023,2,2023-03-16,2023-03-17T00:00:00Z,OFF,WPG,BOS,0.0,3.0,REG
2022021085,20222023,2,2023-03-16,2023-03-17T00:00:00Z,OFF,NSH,CHI,1.0,2.0,REG
2022021086,20222023,2,2023-03-16,2023-03-17T01:00:00Z,OFF,EDM,DAL,4.0,1.0,REG
2022021087,20222023,2,2023-03-16,2023-03-17T02:00:00Z,OFF,VGK,CGY,2.0,7.0,REG
2022021088,20222023,2,2023-03-16,2023-03-17T02:00:00Z,OFF,ARI,VAN,3.0,2.0,REG
2022021089,20222023,2,2023-03-16,2023-03-17T02:30:00Z,OFF,LAK,CBJ,4.0,1.0,REG
2022021090,20222023,2,2023-03-16,2023-03-17T02:30:00Z,OFF,SJS,SEA,1.0,2.0,OT
2022021091,20222023,2,2023-03-17,2023-03-17T23:00:00Z,OFF,PHI,BUF,5.0,2.0,REG
2022021092,20222023,2,2023-03-17,2023-03-17T23:00:00Z,OFF,TOR,CAR,5.0,2.0,REG
2022021093,20222023,2,2023-03-17,2023-03-17T23:00:00Z,OFF,WSH,STL,2.0,5.0,REG
2022021094,20222023,2,2023-03-17,2023-03-18T02:00:00Z,OFF,ANA,CBJ,7.0,4.0,REG
2022021095,20222023,2,2023-03-18,2023-03-18T17:00:00Z,OFF,DET,COL,1.0,5.0,REG
2022021096,20222023,2,2023-03-18,2023-03-18T18:00:00Z,OFF,MIN,BOS,2.0,5.0,REG
2022021097,20222023,2,2023-03-18,2023-03-18T18:00:00Z,OFF,NSH,WPG,2.0,3.0,OT
2022021098,20222023,2,2023-03-18,2023-03-18T20:00:00Z,OFF,SEA,EDM,4.0,6.0,REG
2022021099,20222023,2,2023-03-18,2023-03-18T21:00:00Z,OFF,PHI,CAR,4.0,5.0,OT
2022021100,20222023,2,2023-03-18,2023-03-18T22:00:00Z,OFF,FLA,NJD,4.0,2.0,REG
2022021101,20222023,2,2023-03-18,2023-03-18T23:00:00Z,OFF,TBL,MTL,5.0,3.0,REG
2022021102,20222023,2,2023-03-18,2023-03-18T23:00:00Z,OFF,OTT,TOR,4.0,5.0,SO
2022021103,20222023,2,2023-03-18,2023-03-19T00:00:00Z,OFF,NYR,PIT,6.0,0.0,REG
2022021104,20222023,2,2023-03-18,2023-03-19T02:00:00Z,OFF,CGY,DAL,5.0,6.0,OT
2022021105,20222023,2,2023-03-18,2023-03-19T02:00:00Z,OFF,LAK,VAN,2.0,3.0,SO
2022021106,20222023,2,2023-03-18,2023-03-19T02:30:00Z,OFF,ARI,CHI,4.0,2.0,REG
2022021107,20222023,2,2023-03-18,2023-03-19T02:30:00Z,OFF,SJS,NYI,1.0,4.0,REG
2022021108,20222023,2,2023-03-19,2023-03-19T17:00:00Z,OFF,BUF,BOS,0.0,7.0,REG
2022021109,20222023,2,2023-03-19,2023-03-19T18:00:00Z,OFF,MIN,WSH,5.0,3.0,REG
2022021110,20222023,2,2023-03-19,2023-03-19T20:00:00Z,OFF,VGK,CBJ,7.0,2.0,REG
2022021111,20222023,2,2023-03-19,2023-03-19T23:00:00Z,OFF,NYR,NSH,7.0,0.0,REG
2022021112,20222023,2,2023-03-19,2023-03-19T23:00:00Z,OFF,TBL,NJD,2.0,5.0,REG
2022021113,20222023,2,2023-03-19,2023-03-19T23:00:00Z,OFF,STL,WPG,3.0,0.0,REG
2022021114,20222023,2,2023-03-19,2023-03-20T00:00:00Z,OFF,ANA,VAN,1.0,2.0,REG
2022021115,20222023,2,2023-03-20,2023-03-20T23:00:00Z,OFF,PIT,OTT,1.0,2.0,REG
2022021116,20222023,2,2023-03-20,2023-03-20T23:00:00Z,OFF,DET,FLA,2.0,5.0,REG
2022021117,20222023,2,2023-03-20,2023-03-21T01:00:00Z,OFF,COL,CHI,5.0,0.0,REG
2022021118,20222023,2,2023-03-20,2023-03-21T01:30:00Z,OFF,EDM,SJS,5.0,4.0,OT
2022021119,20222023,2,2023-03-20,2023-03-21T02:30:00Z,OFF,LAK,CGY,8.0,2.0,REG
2022021120,20222023,2,2023-03-21,2023-03-21T23:00:00Z,OFF,NYR,CAR,2.0,3.0,REG
2022021121,20222023,2,2023-03-21,2023-03-21T23:00:00Z,OFF,WSH,CBJ,6.0,7.0,OT
2022021122,20222023,2,2023-03-21,2023-03-21T23:00:00Z,OFF,PHI,FLA,6.0,3.0,REG
2022021123,20222023,2,2023-03-21,2023-03-21T23:00:00Z,OFF,NJD,MIN,1.0,2.0,OT
2022021124,20222023,2,2023-03-21,2023-03-21T23:00:00Z,OFF,BUF,NSH,3.0,7.0,REG
2022021125,20222023,2,2023-03-21,2023-03-21T23:00:00Z,OFF,BOS,OTT,2.0,1.0,REG
2022021126,20222023,2,2023-03-21,2023-03-21T23:00:00Z,OFF,MTL,TBL,3.0,2.0,REG
2022021127,20222023,2,2023-03-21,2023-03-21T23:30:00Z,OFF,NYI,TOR,7.0,2.0,REG
2022021128,20222023,2,2023-03-21,2023-03-22T00:00:00Z,OFF,WPG,ARI,2.0,1.0,REG
2022021129,20222023,2,2023-03-21,2023-03-22T00:00:00Z,OFF,STL,DET,2.0,3.0,SO
2022021130,20222023,2,2023-03-21,2023-03-22T00:30:00Z,OFF,DAL,SEA,4.0,5.0,OT
2022021131,20222023,2,2023-03-21,2023-03-22T02:00:00Z,OFF,ANA,CGY,1.0,5.0,REG
2022021132,20222023,2,2023-03-21,2023-03-22T02:00:00Z,OFF,VAN,VGK,3.0,4.0,REG
2022021133,20222023,2,2023-03-22,2023-03-23T00:00:00Z,OFF,COL,PIT,2.0,5.0,REG
2022021134,20222023,2,2023-03-22,2023-03-23T02:30:00Z,OFF,EDM,ARI,4.0,3.0,OT
2022021136,20222023,2,2023-03-23,2023-03-23T22:30:00Z,OFF,PHI,MIN,5.0,4.0,SO
2022021135,20222023,2,2023-03-23,2023-03-23T23:00:00Z,OFF,WSH,CHI,6.0,1.0,REG
2022021137,20222023,2,2023-03-23,2023-03-23T23:00:00Z,OFF,BOS,MTL,4.0,2.0,REG
2022021138,20222023,2,2023-03-23,2023-03-23T23:00:00Z,OFF,CAR,NYR,1.0,2.0,REG
2022021139,20222023,2,2023-03-23,2023-03-23T23:00:00Z,OFF,OTT,TBL,7.0,2.0,REG
2022021140,20222023,2,2023-03-23,2023-03-23T23:00:00Z,OFF,FLA,TOR,2.0,6.0,REG
2022021141,20222023,2,2023-03-23,2023-03-23T23:00:00Z,OFF,DET,STL,3.0,4.0,REG
2022021142,20222023,2,2023-03-23,2023-03-24T00:00:00Z,OFF,NSH,SEA,2.0,1.0,SO
2022021143,20222023,2,2023-03-23,2023-03-24T01:00:00Z,OFF,DAL,PIT,3.0,2.0,REG
2022021144,20222023,2,2023-03-23,2023-03-24T01:00:00Z,OFF,CGY,VGK,2.0,3.0,REG
2022021145,20222023,2,2023-03-23,2023-03-24T02:00:00Z,OFF,VAN,SJS,7.0,2.0,REG
2022021146,20222023,2,2023-03-23,2023-03-24T02:00:00Z,OFF,ANA,WPG,2.0,3.0,REG
2022021147,20222023,2,2023-03-24,2023-03-24T23:00:00Z,OFF,CBJ,NYI,5.0,4.0,OT
2022021148,20222023,2,2023-03-24,2023-03-24T23:00:00Z,OFF,BUF,NJD,5.0,4.0,REG
2022021149,20222023,2,2023-03-24,2023-03-25T01:00:00Z,OFF,COL,ARI,3.0,1.0,REG
2022021150,20222023,2,2023-03-25,2023-03-25T17:00:00Z,OFF,PHI,DET,3.0,0.0,REG
2022021151,20222023,2,2023-03-25,2023-03-25T17:00:00Z,OFF,BOS,TBL,2.0,1.0,REG
2022021152,20222023,2,2023-03-25,2023-03-25T18:00:00Z,OFF,NSH,SEA,2.0,7.0,REG
2022021153,20222023,2,2023-03-25,2023-03-25T20:00:00Z,OFF,CGY,SJS,5.0,3.0,REG
2022021154,20222023,2,2023-03-25,2023-03-25T20:00:00Z,OFF,LAK,WPG,4.0,1.0,REG
2022021155,20222023,2,2023-03-25,2023-03-25T21:00:00Z,OFF,MIN,CHI,3.0,1.0,REG
2022021156,20222023,2,2023-03-25,2023-03-25T21:00:00Z,OFF,FLA,NYR,3.0,4.0,REG
2022021157,20222023,2,2023-03-25,2023-03-25T21:00:00Z,OFF,NYI,BUF,0.0,2.0,REG
2022021158,20222023,2,2023-03-25,2023-03-25T23:00:00Z,OFF,MTL,CBJ,8.0,2.0,REG
2022021159,20222023,2,2023-03-25,2023-03-25T23:00:00Z,OFF,NJD,OTT,5.0,3.0,REG
2022021160,20222023,2,2023-03-25,2023-03-25T23:00:00Z,OFF,CAR,TOR,5.0,3.0,REG
2022021161,20222023,2,2023-03-25,2023-03-25T23:00:00Z,OFF,DAL,VAN,1.0,3.0,REG
2022021162,20222023,2,2023-03-25,2023-03-26T00:00:00Z,OFF,PIT,WSH,4.0,3.0,REG
2022021163,20222023,2,2023-03-25,2023-03-26T02:00:00Z,OFF,EDM,VGK,3.0,4.0,OT
2022021164,20222023,2,2023-03-25,2023-03-26T02:30:00Z,OFF,ANA,STL,3.0,6.0,REG
2022021165,20222023,2,2023-03-26,2023-03-26T19:00:00Z,OFF,ARI,COL,3.0,4.0,SO
2022021166,20222023,2,2023-03-26,2023-03-26T21:00:00Z,OFF,CAR,BOS,3.0,4.0,SO
2022021167,20222023,2,2023-03-26,2023-03-26T22:00:00Z,OFF,NSH,TOR,2.0,3.0,REG
2022021168,20222023,2,2023-03-26,2023-03-26T22:00:00Z,OFF,CHI,VAN,2.0,4.0,REG
2022021169,20222023,2,2023-03-26,2023-03-27T02:30:00Z,OFF,LAK,STL,7.0,6.0,REG
2022021170,20222023,2,2023-03-27,2023-03-27T23:00:00Z,OFF,OTT,FLA,5.0,2.0,REG
2022021171,20222023,2,2023-03-27,2023-03-27T23:00:00Z,OFF,BUF,MTL,3.0,4.0,SO
2022021172,20222023,2,2023-03-27,2023-03-27T23:30:00Z,OFF,NYI,NJD,5.0,1.0,REG
2022021173,20222023,2,2023-03-27,2023-03-28T00:00:00Z,OFF,MIN,SEA,5.0,1.0,REG
2022021174,20222023,2,2023-03-27,2023-03-28T02:00:00Z,OFF,ANA,COL,1.0,5.0,REG
2022021175,20222023,2,2023-03-27,2023-03-28T02:00:00Z,OFF,ARI,EDM,4.0,5.0,REG
2022021176,20222023,2,2023-03-28,2023-03-28T23:00:00Z,OFF,NYR,CBJ,6.0,2.0,REG
2022021177,20222023,2,2023-03-28,2023-03-28T23:00:00Z,OFF,PHI,MTL,3.0,2.0,REG
2022021178,20222023,2,2023-03-28,2023-03-28T23:00:00Z,OFF,BOS,NSH,1.0,2.0,REG
2022021179,20222023,2,2023-03-28,2023-03-28T23:00:00Z,OFF,CAR,TBL,0.0,4.0,REG
2022021180,20222023,2,2023-03-28,2023-03-28T23:00:00Z,OFF,DET,PIT,7.0,4.0,REG
2022021181,20222023,2,2023-03-28,2023-03-29T00:00:00Z,OFF,STL,VAN,6.0,5.0,OT
2022021182,20222023,2,2023-03-28,2023-03-29T00:30:00Z,OFF,CHI,DAL,1.0,4.0,REG
2022021183,20222023,2,2023-03-28,2023-03-29T01:00:00Z,OFF,CGY,LAK,2.0,1.0,REG
2022021184,20222023,2,2023-03-28,2023-03-29T02:00:00Z,OFF,VGK,EDM,4.0,7.0,REG
2022021185,20222023,2,2023-03-28,2023-03-29T02:30:00Z,OFF,SJS,WPG,3.0,0.0,REG
2022021186,20222023,2,2023-03-29,2023-03-29T23:30:00Z,OFF,TOR,FLA,2.0,3.0,OT
2022021187,20222023,2,2023-03-29,2023-03-29T23:30:00Z,OFF,WSH,NYI,1.0,2.0,SO
2022021188,20222023,2,2023-03-29,2023-03-30T02:00:00Z,OFF,COL,MIN,2.0,4.0,REG
2022021189,20222023,2,2023-03-30,2023-03-30T23:00:00Z,OFF,BOS,CBJ,2.0,1.0,OT
2022021190,20222023,2,2023-03-30,2023-03-30T23:00:00Z,OFF,MTL,FLA,2.0,5.0,REG
2022021191,20222023,2,2023-03-30,2023-03-30T23:00:00Z,OFF,NJD,NYR,2.0,1.0,REG
2022021192,20222023,2,2023-03-30,2023-03-30T23:00:00Z,OFF,PIT,NSH,2.0,0.0,REG
2022021193,20222023,2,2023-03-30,2023-03-30T23:00:00Z,OFF,OTT,PHI,5.0,4.0,OT
2022021194,20222023,2,2023-03-30,2023-03-30T23:00:00Z,OFF,TBL,WSH,5.0,1.0,REG
2022021195,20222023,2,2023-03-30,2023-03-30T23:30:00Z,OFF,DET,CAR,3.0,2.0,REG
2022021196,20222023,2,2023-03-30,2023-03-31T00:30:00Z,OFF,CHI,STL,3.0,5.0,REG
2022021197,20222023,2,2023-03-30,2023-03-31T01:00:00Z,OFF,EDM,LAK,2.0,0.0,REG
2022021198,20222023,2,2023-03-30,2023-03-31T02:00:00Z,OFF,SEA,ANA,4.0,1.0,REG
2022021199,20222023,2,2023-03-30,2023-03-31T02:30:00Z,OFF,SJS,VGK,4.0,3.0,OT
2022021200,20222023,2,2023-03-31,2023-03-31T23:00:00Z,OFF,BUF,NYR,3.0,2.0,OT
2022021201,20222023,2,2023-03-31,2023-04-01T00:00:00Z,OFF,WPG,DET,6.0,2.0,REG
2022021202,20222023,2,2023-03-31,2023-04-01T02:00:00Z,OFF,VAN,CGY,4.0,5.0,OT
2022021203,20222023,2,2023-03-31,2023-04-01T02:30:00Z,OFF,ARI,DAL,2.0,5.0,REG
2022021204,20222023,2,2023-04-01,2023-04-01T17:00:00Z,OFF,NSH,STL,6.0,1.0,REG
2022021205,20222023,2,2023-04-01,2023-04-01T19:00:00Z,OFF,PIT,BOS,3.0,4.0,REG
2022021206,20222023,2,2023-04-01,2023-04-01T23:00:00Z,OFF,PHI,BUF,3.0,6.0,REG
2022021207,20222023,2,2023-04-01,2023-04-01T23:00:00Z,OFF,MTL,CAR,0.0,3.0,REG
2022021208,20222023,2,2023-04-01,2023-04-01T23:00:00Z,OFF,CBJ,FLA,0.0,7.0,REG
2022021209,20222023,2,2023-04-01,2023-04-01T23:00:00Z,OFF,TBL,NYI,5.0,0.0,REG
2022021210,20222023,2,2023-04-01,2023-04-01T23:00:00Z,OFF,OTT,TOR,0.0,3.0,REG
2022021211,20222023,2,2023-04-01,2023-04-02T00:00:00Z,OFF,CHI,NJD,3.0,6.0,REG
2022021212,20222023,2,2023-04-01,2023-04-02T01:00:00Z,OFF,COL,DAL,5.0,2.0,REG
2022021213,20222023,2,2023-04-01,2023-04-02T02:00:00Z,OFF,EDM,ANA,6.0,0.0,REG
2022021214,20222023,2,2023-04-01,2023-04-02T02:00:00Z,OFF,SEA,LAK,1.0,3.0,REG
2022021215,20222023,2,2023-04-01,2023-04-02T02:00:00Z,OFF,VGK,MIN,4.0,1.0,REG
2022021216,20222023,2,2023-04-01,2023-04-02T02:00:00Z,OFF,ARI,SJS,2.0,7.0,REG
2022021217,20222023,2,2023-04-02,2023-04-02T17:00:00Z,OFF,WSH,NYR,2.0,5.0,REG
2022021218,20222023,2,2023-04-02,2023-04-02T19:30:00Z,OFF,STL,BOS,3.0,4.0,SO
2022021219,20222023,2,2023-04-02,2023-04-02T22:00:00Z,OFF,CAR,NYI,2.0,1.0,REG
2022021220,20222023,2,2023-04-02,2023-04-02T22:00:00Z,OFF,CBJ,OTT,4.0,3.0,OT
2022021221,20222023,2,2023-04-02,2023-04-02T22:00:00Z,OFF,PIT,PHI,4.0,2.0,REG
2022021222,20222023,2,2023-04-02,2023-04-02T23:00:00Z,OFF,TOR,DET,2.0,5.0,REG
2022021223,20222023,2,2023-04-02,2023-04-02T23:00:00Z,OFF,WPG,NJD,6.0,1.0,REG
2022021224,20222023,2,2023-04-02,2023-04-03T00:00:00Z,OFF,CGY,ANA,5.0,4.0,REG
2022021225,20222023,2,2023-04-02,2023-04-03T00:00:00Z,OFF,VAN,LAK,1.0,4.0,REG
2022021226,20222023,2,2023-04-03,2023-04-04T00:00:00Z,OFF,MIN,VGK,3.0,4.0,SO
2022021227,20222023,2,2023-04-03,2023-04-04T00:30:00Z,OFF,DAL,NSH,5.0,1.0,REG
2022021228,20222023,2,2023-04-03,2023-04-04T02:00:00Z,OFF,SEA,ARI,8.0,1.0,REG
2022021229,20222023,2,2023-04-04,2023-04-04T23:00:00Z,OFF,FLA,BUF,2.0,1.0,REG
2022021230,20222023,2,2023-04-04,2023-04-04T23:00:00Z,OFF,TOR,CBJ,4.0,2.0,REG
2022021231,20222023,2,2023-04-04,2023-04-04T23:00:00Z,OFF,MTL,DET,0.0,5.0,REG
2022021232,20222023,2,2023-04-04,2023-04-04T23:00:00Z,OFF,CAR,OTT,3.0,2.0,OT
2022021233,20222023,2,2023-04-04,2023-04-04T23:00:00Z,OFF,NJD,PIT,5.0,1.0,REG
2022021234,20222023,2,2023-04-04,2023-04-05T00:00:00Z,OFF,STL,PHI,4.0,2.0,REG
2022021235,20222023,2,2023-04-04,2023-04-05T00:00:00Z,OFF,NSH,VGK,3.0,2.0,OT
2022021236,20222023,2,2023-04-04,2023-04-05T01:00:00Z,OFF,CGY,CHI,3.0,4.0,REG
2022021238,20222023,2,2023-04-04,2023-04-05T02:00:00Z,OFF,VAN,SEA,2.0,5.0,REG
2022021237,20222023,2,2023-04-04,2023-04-05T02:30:00Z,OFF,LAK,EDM,1.0,3.0,REG
2022021239,20222023,2,2023-04-04,2023-04-05T02:30:00Z,OFF,SJS,COL,3.0,4.0,OT
2022021240,20222023,2,2023-04-05,2023-04-05T23:30:00Z,OFF,WPG,CGY,1.0,3.0,REG
2022021241,20222023,2,2023-04-05,2023-04-05T23:30:00Z,OFF,NYR,TBL,6.0,3.0,REG
2022021242,20222023,2,2023-04-05,2023-04-06T02:00:00Z,OFF,ANA,EDM,1.0,3.0,REG
2022021243,20222023,2,2023-04-06,2023-04-06T23:00:00Z,OFF,NJD,CBJ,8.0,1.0,REG
2022021244,20222023,2,2023-04-06,2023-04-06T23:00:00Z,OFF,PIT,MIN,4.0,1.0,REG
2022021245,20222023,2,2023-04-06,2023-04-06T23:00:00Z,OFF,FLA,OTT,7.0,2.0,REG
2022021246,20222023,2,2023-04-06,2023-04-06T23:00:00Z,OFF,BOS,TOR,2.0,1.0,OT
2022021247,20222023,2,2023-04-06,2023-04-06T23:00:00Z,OFF,MTL,WSH,6.0,2.0,REG
2022021248,20222023,2,2023-04-06,2023-04-06T23:00:00Z,OFF,DET,BUF,6.0,7.0,SO
2022021249,20222023,2,2023-04-06,2023-04-06T23:30:00Z,OFF,NYI,TBL,6.0,1.0,REG
2022021250,20222023,2,2023-04-06,2023-04-07T00:00:00Z,OFF,NSH,CAR,3.0,0.0,REG
2022021251,20222023,2,2023-04-06,2023-04-07T00:00:00Z,OFF,STL,NYR,3.0,2.0,OT
2022021252,20222023,2,2023-04-06,2023-04-07T00:30:00Z,OFF,DAL,PHI,4.0,1.0,REG
2022021254,20222023,2,2023-04-06,2023-04-07T02:00:00Z,OFF,VAN,CHI,3.0,0.0,REG
2022021255,20222023,2,2023-04-06,2023-04-07T02:00:00Z,OFF,VGK,LAK,5.0,2.0,REG
2022021253,20222023,2,2023-04-06,2023-04-07T02:30:00Z,OFF,SEA,ARI,4.0,2.0,REG
2022021256,20222023,2,2023-04-06,2023-04-07T02:30:00Z,OFF,SJS,COL,2.0,6.0,REG
2022021257,20222023,2,2023-04-08,2023-04-08T16:30:00Z,OFF,BUF,CAR,4.0,3.0,REG
2022021266,20222023,2,2023-04-08,2023-04-08T17:00:00Z,OFF,DET,PIT,1.0,5.0,REG
2022021269,20222023,2,2023-04-08,2023-04-08T19:30:00Z,OFF,DAL,VGK,2.0,1.0,SO
2022021259,20222023,2,2023-04-08,2023-04-08T20:00:00Z,OFF,SJS,EDM,1.0,6.0,REG
2022021260,20222023,2,2023-04-08,2023-04-08T21:30:00Z,OFF,ARI,ANA,5.0,4.0,OT
2022021261,20222023,2,2023-04-08,2023-04-08T23:00:00Z,OFF,WSH,FLA,2.0,4.0,REG
2022021262,20222023,2,2023-04-08,2023-04-08T23:00:00Z,OFF,TOR,MTL,7.0,1.0,REG
2022021263,20222023,2,2023-04-08,2023-04-08T23:00:00Z,OFF,CBJ,NYR,0.0,4.0,REG
2022021264,20222023,2,2023-04-08,2023-04-08T23:00:00Z,OFF,WPG,NSH,2.0,0.0,REG
2022021267,20222023,2,2023-04-08,2023-04-08T23:00:00Z,OFF,OTT,TBL,7.0,4.0,REG
2022021268,20222023,2,2023-04-08,2023-04-08T23:30:00Z,OFF,NYI,PHI,4.0,0.0,REG
2022021258,20222023,2,2023-04-08,2023-04-09T00:00:00Z,OFF,MIN,STL,5.0,3.0,REG
2022021265,20222023,2,2023-04-08,2023-04-09T00:00:00Z,OFF,BOS,NJD,2.0,1.0,REG
2022021270,20222023,2,2023-04-08,2023-04-09T02:00:00Z,OFF,VAN,CGY,3.0,2.0,SO
2022021271,20222023,2,2023-04-08,2023-04-09T02:00:00Z,OFF,SEA,CHI,7.0,3.0,REG
2022021272,20222023,2,2023-04-08,2023-04-09T02:30:00Z,OFF,LAK,COL,3.0,4.0,REG
2022021273,20222023,2,2023-04-09,2023-04-09T22:00:00Z,OFF,PHI,BOS,3.0,5.0,REG
2022021274,20222023,2,2023-04-09,2023-04-10T00:30:00Z,OFF,ANA,COL,4.0,5.0,OT
2022021275,20222023,2,2023-04-10,2023-04-10T23:00:00Z,OFF,NYR,BUF,2.0,3.0,SO
2022021276,20222023,2,2023-04-10,2023-04-10T23:00:00Z,OFF,OTT,CAR,3.0,2.0,REG
2022021277,20222023,2,2023-04-10,2023-04-10T23:00:00Z,OFF,WSH,NYI,5.0,2.0,REG
2022021278,20222023,2,2023-04-10,2023-04-10T23:00:00Z,OFF,WPG,SJS,6.0,2.0,REG
2022021279,20222023,2,2023-04-10,2023-04-10T23:00:00Z,OFF,FLA,TOR,1.0,2.0,OT
2022021280,20222023,2,2023-04-10,2023-04-10T23:00:00Z,OFF,DET,DAL,1.0,6.0,REG
2022021281,20222023,2,2023-04-10,2023-04-11T01:00:00Z,OFF,CHI,MIN,2.0,4.0,REG
2022021282,20222023,2,2023-04-10,2023-04-11T01:30:00Z,OFF,CGY,NSH,2.0,3.0,SO
2022021283,20222023,2,2023-04-10,2023-04-11T02:00:00Z,OFF,ARI,SEA,1.0,4.0,REG
2022021284,20222023,2,2023-04-10,2023-04-11T02:30:00Z,OFF,LAK,VAN,3.0,0.0,REG
2022021285,20222023,2,2023-04-11,2023-04-11T23:00:00Z,OFF,NJD,BUF,6.0,2.0,REG
2022021287,20222023,2,2023-04-11,2023-04-11T23:00:00Z,OFF,PHI,CBJ,4.0,3.0,OT
2022021288,20222023,2,2023-04-11,2023-04-11T23:00:00Z,OFF,CAR,DET,4.0,1.0,REG
2022021289,20222023,2,2023-04-11,2023-04-11T23:00:00Z,OFF,TBL,TOR,3.0,4.0,REG
2022021290,20222023,2,2023-04-11,2023-04-11T23:00:00Z,OFF,BOS,WSH,5.0,2.0,REG
2022021286,20222023,2,2023-04-11,2023-04-11T23:30:00Z,OFF,PIT,CHI,2.0,5.0,REG
2022021291,20222023,2,2023-04-11,2023-04-12T00:00:00Z,OFF,MIN,WPG,1.0,3.0,REG
2022021292,20222023,2,2023-04-11,2023-04-12T01:30:00Z,OFF,COL,EDM,1.0,2.0,OT
2022021293,20222023,2,2023-04-11,2023-04-12T02:00:00Z,OFF,VGK,SEA,4.0,1.0,REG
2022021294,20222023,2,2023-04-11,2023-04-12T02:00:00Z,OFF,ANA,VAN,2.0,3.0,REG
2022021295,20222023,2,2023-04-12,2023-04-12T23:00:00Z,OFF,NYI,MTL,4.0,2.0,REG
2022021296,20222023,2,2023-04-12,2023-04-12T23:30:00Z,OFF,STL,DAL,2.0,5.0,REG
2022021297,20222023,2,2023-04-12,2023-04-13T02:00:00Z,OFF,CGY,SJS,3.0,1.0,REG
2022021298,20222023,2,2023-04-13,2023-04-13T23:00:00Z,OFF,MTL,BOS,4.0,5.0,REG
2022021299,20222023,2,2023-04-13,2023-04-13T23:00:00Z,OFF,FLA,CAR,4.0,6.0,REG
2022021300,20222023,2,2023-04-13,2023-04-13T23:00:00Z,OFF,TBL,DET,5.0,0.0,REG
2022021301,20222023,2,2023-04-13,2023-04-13T23:00:00Z,OFF,WSH,NJD,4.0,5.0,OT
2022021302,20222023,2,2023-04-13,2023-04-13T23:00:00Z,OFF,BUF,OTT,4.0,3.0,OT
2022021303,20222023,2,2023-04-13,2023-04-13T23:00:00Z,OFF,CBJ,PIT,3.0,2.0,OT
2022021304,20222023,2,2023-04-13,2023-04-13T23:00:00Z,OFF,NYR,TOR,2.0,3.0,REG
2022021305,20222023,2,2023-04-13,2023-04-14T00:00:00Z,OFF,NSH,MIN,4.0,3.0,OT
2022021307,20222023,2,2023-04-13,2023-04-14T00:00:00Z,OFF,DAL,STL,1.0,0.0,REG
2022021309,20222023,2,2023-04-13,2023-04-14T00:00:00Z,OFF,COL,WPG,4.0,2.0,REG
2022021306,20222023,2,2023-04-13,2023-04-14T00:30:00Z,OFF,CHI,PHI,4.0,5.0,OT
2022021308,20222023,2,2023-04-13,2023-04-14T01:00:00Z,OFF,EDM,SJS,5.0,2.0,REG
2022021310,20222023,2,2023-04-13,2023-04-14T02:00:00Z,OFF,ANA,LAK,3.0,5.0,REG
2022021311,20222023,2,2023-04-13,2023-04-14T02:00:00Z,OFF,ARI,VAN,4.0,5.0,OT
2022021312,20222023,2,2023-04-13,2023-04-14T02:30:00Z,OFF,SEA,VGK,1.0,3.0,REG
2022020547,20222023,2,2023-04-14,2023-04-14T23:30:00Z,OFF,CBJ,BUF,2.0,5.0,REG
2022020320,20222023,2,2023-04-14,2023-04-15T00:00:00Z,OFF,NSH,COL,3.0,4.0,REG
2022030131,20222023,3,2023-04-17,2023-04-17T23:00:00Z,OFF,CAR,NYI,2.0,1.0,REG
2022030111,20222023,3,2023-04-17,2023-04-17T23:30:00Z,OFF,BOS,FLA,3.0,1.0,REG
2022030161,20222023,3,2023-04-17,2023-04-18T01:30:00Z,OFF,DAL,MIN,2.0,3.0,OT
2022030181,20222023,3,2023-04-17,2023-04-18T02:00:00Z,OFF,EDM,LAK,3.0,4.0,OT
2022030141,20222023,3,2023-04-18,2023-04-18T23:00:00Z,OFF,NJD,NYR,1.0,5.0,REG
2022030121,20222023,3,2023-04-18,2023-04-18T23:30:00Z,OFF,TOR,TBL,3.0,7.0,REG
2022030171,20222023,3,2023-04-18,2023-04-19T01:30:00Z,OFF,VGK,WPG,1.0,5.0,REG
2022030151,20222023,3,2023-04-18,2023-04-19T02:00:00Z,OFF,COL,SEA,1.0,3.0,REG
2022030132,20222023,3,2023-04-19,2023-04-19T23:00:00Z,OFF,CAR,NYI,4.0,3.0,OT
2022030112,20222023,3,2023-04-19,2023-04-19T23:30:00Z,OFF,BOS,FLA,3.0,6.0,REG
2022030162,20222023,3,2023-04-19,2023-04-20T01:30:00Z,OFF,DAL,MIN,7.0,3.0,REG
2022030182,20222023,3,2023-04-19,2023-04-20T02:00:00Z,OFF,EDM,LAK,4.0,2.0,REG
2022030122,20222023,3,2023-04-20,2023-04-20T23:00:00Z,OFF,TOR,TBL,7.0,2.0,REG
2022030142,20222023,3,2023-04-20,2023-04-20T23:30:00Z,OFF,NJD,NYR,1.0,5.0,REG
2022030152,20222023,3,2023-04-20,2023-04-21T01:30:00Z,OFF,COL,SEA,3.0,2.0,REG
2022030172,20222023,3,2023-04-20,2023-04-21T02:00:00Z,OFF,VGK,WPG,5.0,2.0,REG
2022030133,20222023,3,2023-04-21,2023-04-21T23:00:00Z,OFF,NYI,CAR,5.0,1.0,REG
2022030113,20222023,3,2023-04-21,2023-04-21T23:30:00Z,OFF,FLA,BOS,2.0,4.0,REG
2022030163,20222023,3,2023-04-21,2023-04-22T01:30:00Z,OFF,MIN,DAL,5.0,1.0,REG
2022030183,20222023,3,2023-04-21,2023-04-22T02:00:00Z,OFF,LAK,EDM,3.0,2.0,OT
2022030173,20222023,3,2023-04-22,2023-04-22T20:00:00Z,OFF,WPG,VGK,4.0,5.0,OT
2022030123,20222023,3,2023-04-22,2023-04-22T23:00:00Z,OFF,TBL,TOR,3.0,4.0,OT
2022030143,20222023,3,2023-04-22,2023-04-23T00:00:00Z,OFF,NYR,NJD,1.0,2.0,OT
2022030153,20222023,3,2023-04-22,2023-04-23T02:00:00Z,OFF,SEA,COL,4.0,6.0,REG
2022030134,20222023,3,2023-04-23,2023-04-23T17:00:00Z,OFF,NYI,CAR,2.0,5.0,REG
2022030114,20222023,3,2023-04-23,2023-04-23T19:30:00Z,OFF,FLA,BOS,2.0,6.0,REG
2022030164,20222023,3,2023-04-23,2023-04-23T22:30:00Z,OFF,MIN,DAL,2.0,3.0,REG
2022030184,20222023,3,2023-04-23,2023-04-24T01:00:00Z,OFF,LAK,EDM,4.0,5.0,OT
2022030144,20222023,3,2023-04-24,2023-04-24T23:00:00Z,OFF,NYR,NJD,1.0,3.0,REG
2022030124,20222023,3,2023-04-24,2023-04-24T23:30:00Z,OFF,TBL,TOR,4.0,5.0,OT
2022030174,20222023,3,2023-04-24,2023-04-25T01:30:00Z,OFF,WPG,VGK,2.0,4.0,REG
2022030154,20222023,3,2023-04-24,2023-04-25T02:00:00Z,OFF,SEA,COL,3.0,2.0,OT
2022030135,20222023,3,2023-04-25,2023-04-25T23:00:00Z,OFF,CAR,NYI,2.0,3.0,REG
2022030165,20222023,3,2023-04-25,2023-04-26T00:00:00Z,OFF,DAL,MIN,4.0,0.0,REG
2022030185,20222023,3,2023-04-25,2023-04-26T01:30:00Z,OFF,EDM,LAK,6.0,3.0,REG
2022030115,20222023,3,2023-04-26,2023-04-26T23:00:00Z,OFF,BOS,FLA,3.0,4.0,OT
2022030155,20222023,3,2023-04-26,2023-04-27T01:30:00Z,OFF,COL,SEA,2.0,3.0,REG
2022030125,20222023,3,2023-04-27,2023-04-27T23:00:00Z,OFF,TOR,TBL,2.0,4.0,REG
2022030145,20222023,3,2023-04-27,2023-04-27T23:30:00Z,OFF,NJD,NYR,4.0,0.0,REG
2022030175,20222023,3,2023-04-27,2023-04-28T02:00:00Z,OFF,VGK,WPG,4.0,1.0,REG
2022030136,20222023,3,2023-04-28,2023-04-28T23:00:00Z,OFF,NYI,CAR,1.0,2.0,OT
2022030116,20222023,3,2023-04-28,2023-04-28T23:30:00Z,OFF,FLA,BOS,7.0,5.0,REG
2022030166,20222023,3,2023-04-28,2023-04-29T01:30:00Z,OFF,MIN,DAL,1.0,4.0,REG
2022030156,20222023,3,2023-04-28,2023-04-29T02:00:00Z,OFF,SEA,COL,1.0,4.0,REG
2022030126,20222023,3,2023-04-29,2023-04-29T23:00:00Z,OFF,TBL,TOR,1.0,2.0,OT
2022030146,20222023,3,2023-04-29,2023-04-30T00:00:00Z,OFF,NYR,NJD,5.0,2.0,REG
2022030186,20222023,3,2023-04-29,2023-04-30T02:00:00Z,OFF,LAK,EDM,4.0,5.0,REG
2022030117,20222023,3,2023-04-30,2023-04-30T22:30:00Z,OFF,BOS,FLA,3.0,4.0,OT
2022030157,20222023,3,2023-04-30,2023-05-01T01:30:00Z,OFF,COL,SEA,1.0,2.0,REG
2022030147,20222023,3,2023-05-01,2023-05-02T00:00:00Z,OFF,NJD,NYR,4.0,0.0,REG
2022030211,20222023,3,2023-05-02,2023-05-02T23:00:00Z,OFF,TOR,FLA,2.0,4.0,REG
2022030231,20222023,3,2023-05-02,2023-05-03T01:30:00Z,OFF,DAL,SEA,4.0,5.0,OT
2022030221,20222023,3,2023-05-03,2023-05-03T23:00:00Z,OFF,CAR,NJD,5.0,1.0,REG
2022030241,20222023,3,2023-05-03,2023-05-04T01:30:00Z,OFF,VGK,EDM,6.0,4.0,REG
2022030212,20222023,3,2023-05-04,2023-05-04T23:00:00Z,OFF,TOR,FLA,2.0,3.0,REG
2022030232,20222023,3,2023-05-04,2023-05-05T01:30:00Z,OFF,DAL,SEA,4.0,2.0,REG
2022030222,20222023,3,2023-05-05,2023-05-06T00:00:00Z,OFF,CAR,NJD,6.0,1.0,REG
2022030242,20222023,3,2023-05-06,2023-05-06T23:00:00Z,OFF,VGK,EDM,1.0,5.0,REG
2022030223,20222023,3,2023-05-07,2023-05-07T19:30:00Z,OFF,NJD,CAR,8.0,4.0,REG
2022030213,20222023,3,2023-05-07,2023-05-07T22:30:00Z,OFF,FLA,TOR,3.0,2.0,OT
2022030233,20222023,3,2023-05-07,2023-05-08T01:30:00Z,OFF,SEA,DAL,7.0,2.0,REG
2022030243,20222023,3,2023-05-08,2023-05-09T00:30:00Z,OFF,EDM,VGK,1.0,5.0,REG
2022030224,20222023,3,2023-05-09,2023-05-09T23:00:00Z,OFF,NJD,CAR,1.0,6.0,REG
2022030234,20222023,3,2023-05-09,2023-05-10T01:30:00Z,OFF,SEA,DAL,3.0,6.0,REG
2022030214,20222023,3,2023-05-10,2023-05-10T23:00:00Z,OFF,FLA,TOR,1.0,2.0,REG
2022030244,20222023,3,2023-05-10,2023-05-11T02:00:00Z,OFF,EDM,VGK,4.0,1.0,REG
2022030225,20222023,3,2023-05-11,2023-05-11T23:00:00Z,OFF,CAR,NJD,3.0,2.0,OT
2022030235,20222023,3,2023-05-11,2023-05-12T01:30:00Z,OFF,DAL,SEA,5.0,2.0,REG
2022030215,20222023,3,2023-05-12,2023-05-12T23:00:00Z,OFF,TOR,FLA,2.0,3.0,OT
2022030245,20222023,3,2023-05-12,2023-05-13T02:00:00Z,OFF,VGK,EDM,4.0,3.0,REG
2022030236,20222023,3,2023-05-13,2023-05-13T23:00:00Z,OFF,SEA,DAL,6.0,3.0,REG
2022030246,20222023,3,2023-05-14,2023-05-15T02:00:00Z,OFF,EDM,VGK,2.0,5.0,REG
2022030237,20222023,3,2023-05-15,2023-05-16T00:00:00Z,OFF,DAL,SEA,2.0,1.0,REG
2022030311,20222023,3,2023-05-18,2023-05-19T00:00:00Z,OFF,CAR,FLA,2.0,3.0,OT
2022030321,20222023,3,2023-05-19,2023-05-20T00:30:00Z,OFF,VGK,DAL,4.0,3.0,OT
2022030312,20222023,3,2023-05-20,2023-05-21T00:00:00Z,OFF,CAR,FLA,1.0,2.0,OT
2022030322,20222023,3,2023-05-21,2023-05-21T19:00:00Z,OFF,VGK,DAL,3.0,2.0,OT
2022030313,20222023,3,2023-05-22,2023-05-23T00:00:00Z,OFF,FLA,CAR,1.0,0.0,REG
2022030323,20222023,3,2023-05-23,2023-05-24T00:00:00Z,OFF,DAL,VGK,0.0,4.0,REG
2022030314,20222023,3,2023-05-24,2023-05-25T00:00:00Z,OFF,FLA,CAR,4.0,3.0,REG
2022030324,20222023,3,2023-05-25,2023-05-26T00:00:00Z,OFF,DAL,VGK,3.0,2.0,OT
2022030325,20222023,3,2023-05-27,2023-05-28T00:00:00Z,OFF,VGK,DAL,2.0,4.0,REG
2022030326,20222023,3,2023-05-29,2023-05-30T00:00:00Z,OFF,DAL,VGK,0.0,6.0,REG
2022030411,20222023,3,2023-06-03,2023-06-04T00:00:00Z,OFF,VGK,FLA,5.0,2.0,REG
2022030412,20222023,3,2023-06-05,2023-06-06T00:00:00Z,OFF,VGK,FLA,7.0,2.0,REG
2022030413,20222023,3,2023-06-08,2023-06-09T00:00:00Z,OFF,FLA,VGK,3.0,2.0,OT
2022030414,20222023,3,2023-06-10,2023-06-11T00:00:00Z,OFF,FLA,VGK,2.0,3.0,REG
2022030415,20222023,3,2023-06-13,2023-06-14T00:00:00Z,OFF,VGK,FLA,9.0,3.0,REG
2023020001,20232024,2,2023-10-10,2023-10-10T21:30:00Z,OFF,TBL,NSH,5.0,3.0,REG
2023020002,20232024,2,2023-10-10,2023-10-11T00:00:00Z,OFF,PIT,CHI,2.0,4.0,REG
2023020003,20232024,2,2023-10-10,2023-10-11T02:30:00Z,OFF,VGK,SEA,4.0,1.0,REG
2023020004,20232024,2,2023-10-11,2023-10-11T23:00:00Z,OFF,CAR,OTT,5.0,3.0,REG
2023020005,20232024,2,2023-10-11,2023-10-11T23:00:00Z,OFF,TOR,MTL,6.0,5.0,SO
2023020006,20232024,2,2023-10-11,2023-10-11T23:30:00Z,OFF,BOS,CHI,3.0,1.0,REG
2023020007,20232024,2,2023-10-11,2023-10-12T02:00:00Z,OFF,CGY,WPG,5.0,3.0,REG
2023020008,20232024,2,2023-10-11,2023-10-12T02:00:00Z,OFF,LAK,COL,2.0,5.0,REG
2023020009,20232024,2,2023-10-11,2023-10-12T02:00:00Z,OFF,VAN,EDM,8.0,1.0,REG
2023020010,20232024,2,2023-10-12,2023-10-12T23:00:00Z,OFF,BUF,NYR,1.0,5.0,REG
2023020011,20232024,2,2023-10-12,2023-10-12T23:00:00Z,OFF,CBJ,PHI,2.0,4.0,REG
2023020012,20232024,2,2023-10-12,2023-10-12T23:30:00Z,OFF,NJD,DET,4.0,3.0,REG
2023020013,20232024,2,2023-10-12,2023-10-13T00:00:00Z,OFF,DAL,STL,2.0,1.0,SO
2023020014,20232024,2,2023-10-12,2023-10-13T00:00:00Z,OFF,MIN,FLA,2.0,0.0,REG
2023020015,20232024,2,2023-10-12,2023-10-13T00:00:00Z,OFF,NSH,SEA,3.0,0.0,REG
2023020016,20232024,2,2023-10-12,2023-10-13T02:30:00Z,OFF,SJS,VGK,1.0,4.0,REG
2023020017,20232024,2,2023-10-13,2023-10-13T23:00:00Z,OFF,NJD,ARI,3.0,4.0,SO
2023020018,20232024,2,2023-10-13,2023-10-13T23:30:00Z,OFF,WSH,PIT,0.0,4.0,REG
2023020019,20232024,2,2023-10-14,2023-10-14T17:00:00Z,OFF,OTT,PHI,5.0,2.0,REG
2023020020,20232024,2,2023-10-14,2023-10-14T20:00:00Z,OFF,WPG,FLA,6.0,4.0,REG
2023020021,20232024,2,2023-10-14,2023-10-14T23:00:00Z,OFF,BOS,NSH,3.0,2.0,REG
2023020022,20232024,2,2023-10-14,2023-10-14T23:00:00Z,OFF,CBJ,NYR,5.0,3.0,REG
2023020023,20232024,2,2023-10-14,2023-10-14T23:00:00Z,OFF,DET,TBL,6.0,4.0,REG
2023020024,20232024,2,2023-10-14,2023-10-14T23:00:00Z,OFF,MTL,CHI,3.0,2.0,REG
2023020025,20232024,2,2023-10-14,2023-10-14T23:00:00Z,OFF,PIT,CGY,5.0,2.0,REG
2023020026,20232024,2,2023-10-14,2023-10-14T23:00:00Z,OFF,TOR,MIN,7.0,4.0,REG
2023020027,20232024,2,2023-10-14,2023-10-14T23:30:00Z,OFF,NYI,BUF,3.0,2.0,REG
2023020028,20232024,2,2023-10-14,2023-10-15T00:00:00Z,OFF,STL,SEA,2.0,1.0,SO
2023020029,20232024,2,2023-10-14,2023-10-15T02:00:00Z,OFF,EDM,VAN,3.0,4.0,REG
2023020030,20232024,2,2023-10-14,2023-10-15T02:00:00Z,OFF,SJS,COL,1.0,2.0,SO
2023020031,20232024,2,2023-10-14,2023-10-15T02:00:00Z,OFF,VGK,ANA,4.0,1.0,REG
2023020032,20232024,2,2023-10-14,2023-10-15T02:30:00Z,OFF,LAK,CAR,5.0,6.0,SO
2023020033,20232024,2,2023-10-15,2023-10-15T23:00:00Z,OFF,OTT,TBL,5.0,2.0,REG
2023020034,20232024,2,2023-10-15,2023-10-16T00:30:00Z,OFF,ANA,CAR,6.0,3.0,REG
2023020035,20232024,2,2023-10-16,2023-10-16T23:00:00Z,OFF,CBJ,DET,0.0,4.0,REG
2023020036,20232024,2,2023-10-16,2023-10-16T23:00:00Z,OFF,NJD,FLA,3.0,4.0,REG
2023020037,20232024,2,2023-10-16,2023-10-16T23:00:00Z,OFF,NYR,ARI,2.0,1.0,REG
2023020038,20232024,2,2023-10-16,2023-10-16T23:00:00Z,OFF,TOR,CHI,1.0,4.0,REG
2023020039,20232024,2,2023-10-16,2023-10-16T23:00:00Z,OFF,WSH,CGY,3.0,2.0,SO
2023020042,20232024,2,2023-10-17,2023-10-17T22:00:00Z,OFF,PHI,VAN,2.0,0.0,REG
2023020041,20232024,2,2023-10-17,2023-10-17T23:00:00Z,OFF,MTL,MIN,2.0,5.0,REG
2023020040,20232024,2,2023-10-17,2023-10-17T23:30:00Z,OFF,BUF,TBL,3.0,2.0,OT
2023020043,20232024,2,2023-10-17,2023-10-17T23:30:00Z,OFF,NYI,ARI,1.0,0.0,REG
2023020044,20232024,2,2023-10-17,2023-10-18T00:00:00Z,OFF,NSH,EDM,1.0,6.0,REG
2023020045,20232024,2,2023-10-17,2023-10-18T00:00:00Z,OFF,WPG,LAK,1.0,5.0,REG
2023020046,20232024,2,2023-10-17,2023-10-18T02:00:00Z,OFF,SEA,COL,1.0,4.0,REG
2023020047,20232024,2,2023-10-17,2023-10-18T02:30:00Z,OFF,SJS,CAR,3.0,6.0,REG
2023020048,20232024,2,2023-10-17,2023-10-18T02:30:00Z,OFF,VGK,DAL,3.0,2.0,SO
2023020049,20232024,2,2023-10-18,2023-10-18T23:00:00Z,OFF,OTT,WSH,6.0,1.0,REG
2023020050,20232024,2,2023-10-18,2023-10-18T23:30:00Z,OFF,DET,PIT,6.0,3.0,REG
2023020051,20232024,2,2023-10-19,2023-10-19T23:00:00Z,OFF,BUF,CGY,3.0,4.0,REG
2023020052,20232024,2,2023-10-19,2023-10-19T23:00:00Z,OFF,FLA,TOR,3.0,1.0,REG
2023020053,20232024,2,2023-10-19,2023-10-19T23:00:00Z,OFF,NYR,NSH,1.0,4.0,REG
2023020055,20232024,2,2023-10-19,2023-10-19T23:00:00Z,OFF,TBL,VAN,4.0,3.0,REG
2023020054,20232024,2,2023-10-19,2023-10-19T23:30:00Z,OFF,PHI,EDM,4.0,1.0,REG
2023020056,20232024,2,2023-10-19,2023-10-20T00:00:00Z,OFF,MIN,LAK,3.0,7.0,REG
2023020057,20232024,2,2023-10-19,2023-10-20T00:00:00Z,OFF,STL,ARI,2.0,6.0,REG
2023020058,20232024,2,2023-10-19,2023-10-20T00:00:00Z,OFF,WPG,VGK,3.0,5.0,REG
2023020059,20232024,2,2023-10-19,2023-10-20T02:00:00Z,OFF,ANA,DAL,2.0,3.0,REG
2023020060,20232024,2,2023-10-19,2023-10-20T02:00:00Z,OFF,SEA,CAR,7.0,4.0,REG
2023020061,20232024,2,2023-10-19,2023-10-20T02:30:00Z,OFF,COL,CHI,4.0,0.0,REG
2023020062,20232024,2,2023-10-19,2023-10-20T02:30:00Z,OFF,SJS,BOS,1.0,3.0,REG
2023020063,20232024,2,2023-10-20,2023-10-20T23:00:00Z,OFF,CBJ,CGY,3.0,1.0,REG
2023020064,20232024,2,2023-10-20,2023-10-20T23:30:00Z,OFF,NYI,NJD,4.0,5.0,OT
2023020065,20232024,2,2023-10-21,2023-10-21T17:00:00Z,OFF,OTT,DET,2.0,5.0,REG
2023020066,20232024,2,2023-10-21,2023-10-21T20:00:00Z,OFF,ARI,ANA,2.0,1.0,REG
2023020067,20232024,2,2023-10-21,2023-10-21T23:00:00Z,OFF,BUF,NYI,3.0,1.0,REG
2023020068,20232024,2,2023-10-21,2023-10-21T23:00:00Z,OFF,FLA,VAN,3.0,5.0,REG
2023020069,20232024,2,2023-10-21,2023-10-21T23:00:00Z,OFF,MTL,WSH,3.0,2.0,OT
2023020070,20232024,2,2023-10-21,2023-10-21T23:00:00Z,OFF,TBL,TOR,3.0,4.0,OT
2023020071,20232024,2,2023-10-21,2023-10-22T00:00:00Z,OFF,CHI,VGK,3.0,5.0,REG
2023020072,20232024,2,2023-10-21,2023-10-22T00:00:00Z,OFF,DAL,PHI,5.0,4.0,OT
2023020073,20232024,2,2023-10-21,2023-10-22T00:00:00Z,OFF,MIN,CBJ,4.0,5.0,OT
2023020074,20232024,2,2023-10-21,2023-10-22T00:00:00Z,OFF,NSH,SJS,5.0,1.0,REG
2023020075,20232024,2,2023-10-21,2023-10-22T00:00:00Z,OFF,STL,PIT,4.0,2.0,REG
2023020076,20232024,2,2023-10-21,2023-10-22T01:00:00Z,OFF,COL,CAR,6.0,4.0,REG
2023020077,20232024,2,2023-10-21,2023-10-22T02:00:00Z,OFF,EDM,WPG,2.0,3.0,OT
2023020078,20232024,2,2023-10-21,2023-10-22T02:00:00Z,OFF,SEA,NYR,1.0,4.0,REG
2023020079,20232024,2,2023-10-21,2023-10-22T02:30:00Z,OFF,LAK,BOS,2.0,4.0,REG
2023020080,20232024,2,2023-10-22,2023-10-22T21:00:00Z,OFF,DET,CGY,6.0,2.0,REG
2023020081,20232024,2,2023-10-22,2023-10-23T00:30:00Z,OFF,ANA,BOS,1.0,3.0,REG
2023020082,20232024,2,2023-10-23,2023-10-23T23:00:00Z,OFF,BUF,MTL,1.0,3.0,REG
2023020083,20232024,2,2023-10-24,2023-10-24T22:00:00Z,OFF,WSH,TOR,1.0,4.0,REG
2023020085,20232024,2,2023-10-24,2023-10-24T22:45:00Z,OFF,OTT,BUF,4.0,6.0,REG
2023020086,20232024,2,2023-10-24,2023-10-24T23:00:00Z,OFF,TBL,CAR,3.0,0.0,REG
2023020087,20232024,2,2023-10-24,2023-10-24T23:15:00Z,OFF,MTL,NJD,2.0,5.0,REG
2023020088,20232024,2,2023-10-24,2023-10-24T23:30:00Z,OFF,PIT,DAL,1.0,4.0,REG
2023020089,20232024,2,2023-10-24,2023-10-24T23:45:00Z,OFF,FLA,SJS,3.0,1.0,REG
2023020090,20232024,2,2023-10-24,2023-10-25T00:00:00Z,OFF,NYI,COL,4.0,7.0,REG
2023020091,20232024,2,2023-10-24,2023-10-25T00:15:00Z,OFF,DET,SEA,4.0,5.0,OT
2023020084,20232024,2,2023-10-24,2023-10-25T00:30:00Z,OFF,CBJ,ANA,2.0,3.0,OT
2023020092,20232024,2,2023-10-24,2023-10-25T00:30:00Z,OFF,CHI,BOS,0.0,3.0,REG
2023020093,20232024,2,2023-10-24,2023-10-25T00:45:00Z,OFF,WPG,STL,4.0,2.0,REG
2023020094,20232024,2,2023-10-24,2023-10-25T01:00:00Z,OFF,MIN,EDM,7.0,4.0,REG
2023020095,20232024,2,2023-10-24,2023-10-25T01:15:00Z,OFF,NSH,VAN,2.0,3.0,REG
2023020096,20232024,2,2023-10-24,2023-10-25T01:45:00Z,OFF,CGY,NYR,1.0,3.0,REG
2023020097,20232024,2,2023-10-24,2023-10-25T02:30:00Z,OFF,LAK,ARI,6.0,3.0,REG
2023020098,20232024,2,2023-10-24,2023-10-25T03:00:00Z,OFF,VGK,PHI,3.0,2.0,REG
2023020099,20232024,2,2023-10-25,2023-10-25T23:30:00Z,OFF,NJD,WSH,4.0,6.0,REG
2023020100,20232024,2,2023-10-26,2023-10-26T23:00:00Z,OFF,BOS,ANA,3.0,4.0,OT
2023020101,20232024,2,2023-10-26,2023-10-26T23:00:00Z,OFF,CAR,SEA,3.0,2.0,OT
2023020102,20232024,2,2023-10-26,2023-10-26T23:00:00Z,OFF,DET,WPG,1.0,4.0,REG
2023020103,20232024,2,2023-10-26,2023-10-26T23:00:00Z,OFF,MTL,CBJ,4.0,3.0,OT
2023020105,20232024,2,2023-10-26,2023-10-26T23:00:00Z,OFF,PIT,COL,4.0,0.0,REG
2023020106,20232024,2,2023-10-26,2023-10-26T23:00:00Z,OFF,TBL,SJS,6.0,0.0,REG
2023020104,20232024,2,2023-10-26,2023-10-26T23:30:00Z,OFF,PHI,MIN,6.0,2.0,REG
2023020107,20232024,2,2023-10-26,2023-10-26T23:30:00Z,OFF,NYI,OTT,3.0,2.0,REG
2023020108,20232024,2,2023-10-26,2023-10-27T00:00:00Z,OFF,DAL,TOR,1.0,4.0,REG
2023020109,20232024,2,2023-10-26,2023-10-27T01:00:00Z,OFF,CGY,STL,0.0,3.0,REG
2023020110,20232024,2,2023-10-26,2023-10-27T01:00:00Z,OFF,EDM,NYR,0.0,3.0,REG
2023020111,20232024,2,2023-10-27,2023-10-27T22:00:00Z,OFF,VGK,CHI,3.0,4.0,OT
2023020112,20232024,2,2023-10-27,2023-10-27T23:00:00Z,OFF,CAR,SJS,3.0,0.0,REG
2023020113,20232024,2,2023-10-27,2023-10-27T23:00:00Z,OFF,NJD,BUF,5.0,4.0,REG
2023020114,20232024,2,2023-10-27,2023-10-27T23:00:00Z,OFF,WSH,MIN,3.0,2.0,SO
2023020115,20232024,2,2023-10-27,2023-10-28T02:00:00Z,OFF,ARI,LAK,4.0,5.0,REG
2023020116,20232024,2,2023-10-27,2023-10-28T02:00:00Z,OFF,VAN,STL,5.0,0.0,REG
2023020117,20232024,2,2023-10-28,2023-10-28T17:00:00Z,OFF,PHI,ANA,4.0,7.0,REG
2023020118,20232024,2,2023-10-28,2023-10-28T22:00:00Z,OFF,FLA,SEA,3.0,2.0,REG
2023020119,20232024,2,2023-10-28,2023-10-28T23:00:00Z,OFF,BOS,DET,4.0,1.0,REG
2023020120,20232024,2,2023-10-28,2023-10-28T23:00:00Z,OFF,CBJ,NYI,0.0,2.0,REG
2023020121,20232024,2,2023-10-28,2023-10-28T23:00:00Z,OFF,MTL,WPG,4.0,3.0,SO
2023020122,20232024,2,2023-10-28,2023-10-28T23:00:00Z,OFF,NSH,TOR,3.0,2.0,OT
2023020123,20232024,2,2023-10-28,2023-10-28T23:00:00Z,OFF,PIT,OTT,2.0,5.0,REG
2023020124,20232024,2,2023-10-28,2023-10-29T02:00:00Z,OFF,VAN,NYR,3.0,4.0,OT
2023020125,20232024,2,2023-10-28,2023-10-29T02:30:00Z,OFF,LAK,VGK,3.0,4.0,SO
2023020126,20232024,2,2023-10-29,2023-10-29T17:00:00Z,OFF,BUF,COL,4.0,0.0,REG
2023020127,20232024,2,2023-10-29,2023-10-29T21:00:00Z,OFF,NJD,MIN,4.0,3.0,REG
2023020128,20232024,2,2023-10-29,2023-10-29T21:00:00Z,OFF,WSH,SJS,3.0,1.0,REG
2023020129,20232024,2,2023-10-29,2023-10-29T23:00:00Z,OFF,EDM,CGY,5.0,2.0,REG
2023020130,20232024,2,2023-10-30,2023-10-30T23:00:00Z,OFF,BOS,FLA,3.0,2.0,OT
2023020131,20232024,2,2023-10-30,2023-10-30T23:00:00Z,OFF,PHI,CAR,2.0,3.0,REG
2023020132,20232024,2,2023-10-30,2023-10-30T23:00:00Z,OFF,PIT,ANA,3.0,4.0,REG
2023020133,20232024,2,2023-10-30,2023-10-30T23:00:00Z,OFF,TBL,SEA,3.0,4.0,OT
2023020134,20232024,2,2023-10-30,2023-10-30T23:30:00Z,OFF,NYI,DET,3.0,4.0,OT
2023020135,20232024,2,2023-10-30,2023-10-30T23:30:00Z,OFF,WPG,NYR,2.0,3.0,OT
2023020136,20232024,2,2023-10-30,2023-10-31T00:00:00Z,OFF,DAL,CBJ,5.0,3.0,REG
2023020137,20232024,2,2023-10-30,2023-10-31T02:00:00Z,OFF,ARI,CHI,8.0,1.0,REG
2023020138,20232024,2,2023-10-30,2023-10-31T02:00:00Z,OFF,VGK,MTL,3.0,2.0,SO
2023020139,20232024,2,2023-10-31,2023-11-01T00:00:00Z,OFF,TOR,LAK,1.0,4.0,REG
2023020140,20232024,2,2023-10-31,2023-11-01T02:00:00Z,OFF,VAN,NSH,5.0,2.0,REG
2023020141,20232024,2,2023-11-01,2023-11-01T23:00:00Z,OFF,PHI,BUF,2.0,5.0,REG
2023020142,20232024,2,2023-11-01,2023-11-02T00:30:00Z,OFF,CGY,DAL,3.0,4.0,REG
2023020143,20232024,2,2023-11-01,2023-11-02T01:30:00Z,OFF,COL,STL,4.0,1.0,REG
2023020144,20232024,2,2023-11-01,2023-11-02T02:00:00Z,OFF,ANA,ARI,4.0,3.0,OT
2023020146,20232024,2,2023-11-02,2023-11-02T23:00:00Z,OFF,CBJ,TBL,4.0,2.0,REG
2023020147,20232024,2,2023-11-02,2023-11-02T23:00:00Z,OFF,DET,FLA,0.0,2.0,REG
2023020148,20232024,2,2023-11-02,2023-11-02T23:00:00Z,OFF,NYR,CAR,2.0,1.0,REG
2023020149,20232024,2,2023-11-02,2023-11-02T23:00:00Z,OFF,OTT,LAK,2.0,3.0,REG
2023020150,20232024,2,2023-11-02,2023-11-02T23:00:00Z,OFF,WSH,NYI,0.0,3.0,REG
2023020145,20232024,2,2023-11-02,2023-11-02T23:30:00Z,OFF,BOS,TOR,3.0,2.0,SO
2023020151,20232024,2,2023-11-02,2023-11-03T00:00:00Z,OFF,MIN,NJD,3.0,5.0,REG
2023020152,20232024,2,2023-11-02,2023-11-03T01:00:00Z,OFF,EDM,DAL,3.0,4.0,REG
2023020153,20232024,2,2023-11-02,2023-11-03T02:00:00Z,OFF,ARI,MTL,3.0,2.0,REG
2023020154,20232024,2,2023-11-02,2023-11-03T02:00:00Z,OFF,SEA,NSH,4.0,2.0,REG
2023020155,20232024,2,2023-11-02,2023-11-03T02:00:00Z,OFF,VGK,WPG,5.0,2.0,REG
2023020156,20232024,2,2023-11-02,2023-11-03T02:30:00Z,OFF,SJS,VAN,1.0,10.0,REG
2023020157,20232024,2,2023-11-03,2023-11-03T23:00:00Z,OFF,BUF,PHI,1.0,5.0,REG
2023020158,20232024,2,2023-11-03,2023-11-04T00:00:00Z,OFF,STL,NJD,4.0,1.0,REG
2023020159,20232024,2,2023-11-04,2023-11-04T19:00:00Z,OFF,EDM,NSH,2.0,5.0,REG
2023020160,20232024,2,2023-11-04,2023-11-04T20:00:00Z,OFF,ARI,WPG,3.0,5.0,REG
2023020161,20232024,2,2023-11-04,2023-11-04T23:00:00Z,OFF,DET,BOS,5.0,4.0,REG
2023020162,20232024,2,2023-11-04,2023-11-04T23:00:00Z,OFF,OTT,TBL,4.0,6.0,REG
2023020164,20232024,2,2023-11-04,2023-11-04T23:00:00Z,OFF,STL,MTL,6.0,3.0,REG
2023020165,20232024,2,2023-11-04,2023-11-04T23:00:00Z,OFF,TOR,BUF,4.0,6.0,REG
2023020166,20232024,2,2023-11-04,2023-11-04T23:00:00Z,OFF,WSH,CBJ,2.0,1.0,REG
2023020163,20232024,2,2023-11-04,2023-11-04T23:30:00Z,OFF,PHI,LAK,0.0,5.0,REG
2023020167,20232024,2,2023-11-04,2023-11-04T23:30:00Z,OFF,NYI,CAR,3.0,4.0,OT
2023020168,20232024,2,2023-11-04,2023-11-05T00:00:00Z,OFF,CHI,FLA,5.0,2.0,REG
2023020169,20232024,2,2023-11-04,2023-11-05T00:00:00Z,OFF,MIN,NYR,5.0,4.0,SO
2023020170,20232024,2,2023-11-04,2023-11-05T02:00:00Z,OFF,SEA,CGY,3.0,6.0,REG
2023020171,20232024,2,2023-11-04,2023-11-05T02:00:00Z,OFF,SJS,PIT,2.0,10.0,REG
2023020172,20232024,2,2023-11-04,2023-11-05T02:00:00Z,OFF,VAN,DAL,2.0,0.0,REG
2023020173,20232024,2,2023-11-04,2023-11-05T02:00:00Z,OFF,VGK,COL,7.0,0.0,REG
2023020174,20232024,2,2023-11-05,2023-11-06T00:00:00Z,OFF,CHI,NJD,2.0,4.0,REG
2023020175,20232024,2,2023-11-05,2023-11-06T01:00:00Z,OFF,ANA,VGK,4.0,2.0,REG
2023020176,20232024,2,2023-11-06,2023-11-07T00:00:00Z,OFF,FLA,CBJ,5.0,4.0,OT
2023020177,20232024,2,2023-11-06,2023-11-07T00:00:00Z,OFF,TOR,TBL,6.0,5.0,OT
2023020178,20232024,2,2023-11-06,2023-11-07T01:00:00Z,OFF,DAL,BOS,2.0,3.0,REG
2023020179,20232024,2,2023-11-06,2023-11-07T03:00:00Z,OFF,VAN,EDM,6.0,2.0,REG
2023020180,20232024,2,2023-11-07,2023-11-08T00:00:00Z,OFF,CAR,BUF,3.0,2.0,OT
2023020181,20232024,2,2023-11-07,2023-11-08T00:00:00Z,OFF,MTL,TBL,3.0,5.0,REG
2023020182,20232024,2,2023-11-07,2023-11-08T00:30:00Z,OFF,NYI,MIN,2.0,4.0,REG
2023020183,20232024,2,2023-11-07,2023-11-08T00:30:00Z,OFF,NYR,DET,5.0,3.0,REG
2023020184,20232024,2,2023-11-07,2023-11-08T01:00:00Z,OFF,STL,WPG,2.0,5.0,REG
2023020185,20232024,2,2023-11-07,2023-11-08T02:00:00Z,OFF,ARI,SEA,4.0,3.0,SO
2023020186,20232024,2,2023-11-07,2023-11-08T02:00:00Z,OFF,CGY,NSH,4.0,2.0,REG
2023020187,20232024,2,2023-11-07,2023-11-08T03:00:00Z,OFF,ANA,PIT,0.0,2.0,REG
2023020188,20232024,2,2023-11-07,2023-11-08T03:00:00Z,OFF,COL,NJD,6.0,3.0,REG
2023020189,20232024,2,2023-11-07,2023-11-08T03:30:00Z,OFF,SJS,PHI,2.0,1.0,REG
2023020190,20232024,2,2023-11-08,2023-11-09T00:00:00Z,OFF,TOR,OTT,3.0,6.0,REG
2023020191,20232024,2,2023-11-08,2023-11-09T00:30:00Z,OFF,WSH,FLA,3.0,4.0,OT
2023020192,20232024,2,2023-11-08,2023-11-09T03:00:00Z,OFF,VGK,LAK,1.0,4.0,REG
2023020193,20232024,2,2023-11-09,2023-11-10T00:00:00Z,OFF,BOS,NYI,5.0,2.0,REG
2023020195,20232024,2,2023-11-09,2023-11-10T00:00:00Z,OFF,DET,MTL,2.0,3.0,OT
2023020196,20232024,2,2023-11-09,2023-11-10T00:00:00Z,OFF,NYR,MIN,4.0,1.0,REG
2023020197,20232024,2,2023-11-09,2023-11-10T00:00:00Z,OFF,OTT,VAN,2.0,5.0,REG
2023020198,20232024,2,2023-11-09,2023-11-10T00:00:00Z,OFF,TBL,CHI,3.0,5.0,REG
2023020194,20232024,2,2023-11-09,2023-11-10T00:30:00Z,OFF,CBJ,DAL,2.0,5.0,REG
2023020199,20232024,2,2023-11-09,2023-11-10T01:00:00Z,OFF,STL,ARI,2.0,1.0,REG
2023020200,20232024,2,2023-11-09,2023-11-10T01:00:00Z,OFF,WPG,NSH,6.0,3.0,REG
2023020201,20232024,2,2023-11-09,2023-11-10T02:00:00Z,OFF,COL,SEA,3.0,4.0,REG
2023020202,20232024,2,2023-11-09,2023-11-10T03:30:00Z,OFF,LAK,PIT,3.0,4.0,OT
2023020203,20232024,2,2023-11-09,2023-11-10T03:30:00Z,OFF,SJS,EDM,3.0,2.0,REG
2023020204,20232024,2,2023-11-10,2023-11-11T00:00:00Z,OFF,BUF,MIN,3.0,2.0,REG
2023020205,20232024,2,2023-11-10,2023-11-11T00:00:00Z,OFF,FLA,CAR,5.0,2.0,REG
2023020206,20232024,2,2023-11-10,2023-11-11T00:00:00Z,OFF,NJD,WSH,2.0,4.0,REG
2023020207,20232024,2,2023-11-10,2023-11-11T00:00:00Z,OFF,TOR,CGY,5.0,4.0,SO
2023020208,20232024,2,2023-11-10,2023-11-11T03:00:00Z,OFF,ANA,PHI,3.0,6.0,REG
2023020209,20232024,2,2023-11-10,2023-11-11T03:00:00Z,OFF,VGK,SJS,5.0,0.0,REG
2023020210,20232024,2,2023-11-11,2023-11-11T18:00:00Z,OFF,DET,CBJ,5.0,4.0,REG
2023020211,20232024,2,2023-11-11,2023-11-11T20:00:00Z,OFF,WPG,DAL,2.0,3.0,REG
2023020212,20232024,2,2023-11-11,2023-11-12T00:00:00Z,OFF,MTL,BOS,3.0,2.0,OT
2023020213,20232024,2,2023-11-11,2023-11-12T00:00:00Z,OFF,OTT,CGY,4.0,1.0,REG
2023020214,20232024,2,2023-11-11,2023-11-12T00:00:00Z,OFF,TBL,CAR,0.0,4.0,REG
2023020215,20232024,2,2023-11-11,2023-11-12T00:00:00Z,OFF,TOR,VAN,5.0,2.0,REG
2023020216,20232024,2,2023-11-11,2023-11-12T00:30:00Z,OFF,NYI,WSH,1.0,4.0,REG
2023020217,20232024,2,2023-11-11,2023-11-12T00:30:00Z,OFF,PIT,BUF,4.0,0.0,REG
2023020218,20232024,2,2023-11-11,2023-11-12T01:00:00Z,OFF,NSH,ARI,5.0,7.0,REG
2023020219,20232024,2,2023-11-11,2023-11-12T02:00:00Z,OFF,COL,STL,2.0,8.0,REG
2023020220,20232024,2,2023-11-11,2023-11-12T03:00:00Z,OFF,SEA,EDM,1.0,4.0,REG
2023020221,20232024,2,2023-11-11,2023-11-12T03:30:00Z,OFF,LAK,PHI,2.0,4.0,REG
2023020222,20232024,2,2023-11-12,2023-11-12T18:00:00Z,OFF,FLA,CHI,4.0,3.0,REG
2023020223,20232024,2,2023-11-12,2023-11-12T23:00:00Z,OFF,MIN,DAL,3.0,8.0,REG
2023020224,20232024,2,2023-11-12,2023-11-13T00:00:00Z,OFF,MTL,VAN,2.0,5.0,REG
2023020225,20232024,2,2023-11-12,2023-11-13T00:00:00Z,OFF,NYR,CBJ,4.0,3.0,SO
2023020226,20232024,2,2023-11-12,2023-11-13T01:00:00Z,OFF,ANA,SJS,4.0,1.0,REG
2023020227,20232024,2,2023-11-13,2023-11-14T01:30:00Z,OFF,EDM,NYI,4.0,1.0,REG
2023020228,20232024,2,2023-11-13,2023-11-14T03:00:00Z,OFF,SEA,COL,1.0,5.0,REG
2023020229,20232024,2,2023-11-14,2023-11-15T00:00:00Z,OFF,BUF,BOS,2.0,5.0,REG
2023020230,20232024,2,2023-11-14,2023-11-15T00:00:00Z,OFF,CBJ,PIT,3.0,5.0,REG
2023020231,20232024,2,2023-11-14,2023-11-15T00:00:00Z,OFF,MTL,CGY,1.0,2.0,REG
2023020232,20232024,2,2023-11-14,2023-11-15T00:00:00Z,OFF,WSH,VGK,3.0,0.0,REG
2023020233,20232024,2,2023-11-14,2023-11-15T01:00:00Z,OFF,DAL,ARI,4.0,3.0,OT
2023020234,20232024,2,2023-11-14,2023-11-15T01:00:00Z,OFF,NSH,ANA,2.0,3.0,REG
2023020235,20232024,2,2023-11-14,2023-11-15T01:00:00Z,OFF,STL,TBL,5.0,0.0,REG
2023020236,20232024,2,2023-11-14,2023-11-15T01:00:00Z,OFF,WPG,NJD,6.0,3.0,REG
2023020237,20232024,2,2023-11-14,2023-11-15T03:30:00Z,OFF,SJS,FLA,3.0,5.0,REG
2023020238,20232024,2,2023-11-15,2023-11-16T00:30:00Z,OFF,CAR,PHI,1.0,3.0,REG
2023020239,20232024,2,2023-11-15,2023-11-16T01:30:00Z,OFF,EDM,SEA,4.0,3.0,OT
2023020240,20232024,2,2023-11-15,2023-11-16T02:00:00Z,OFF,COL,ANA,8.0,2.0,REG
2023020241,20232024,2,2023-11-15,2023-11-16T03:00:00Z,OFF,VAN,NYI,4.0,3.0,OT
2023020242,20232024,2,2023-11-16,2023-11-16T19:00:00Z,OFF,OTT,DET,5.0,4.0,OT
2023020243,20232024,2,2023-11-16,2023-11-17T00:00:00Z,OFF,CBJ,ARI,2.0,3.0,REG
2023020244,20232024,2,2023-11-16,2023-11-17T00:00:00Z,OFF,MTL,VGK,5.0,6.0,REG
2023020245,20232024,2,2023-11-16,2023-11-17T00:00:00Z,OFF,PIT,NJD,2.0,5.0,REG
2023020246,20232024,2,2023-11-16,2023-11-17T01:00:00Z,OFF,CHI,TBL,2.0,4.0,REG
2023020247,20232024,2,2023-11-16,2023-11-17T02:00:00Z,OFF,CGY,VAN,5.0,2.0,REG
2023020248,20232024,2,2023-11-16,2023-11-17T03:00:00Z,OFF,SEA,NYI,4.0,3.0,SO
2023020249,20232024,2,2023-11-16,2023-11-17T03:30:00Z,OFF,LAK,FLA,2.0,1.0,REG
2023020250,20232024,2,2023-11-16,2023-11-17T03:30:00Z,OFF,SJS,STL,5.0,1.0,REG
2023020251,20232024,2,2023-11-17,2023-11-17T19:00:00Z,OFF,DET,TOR,2.0,3.0,REG
2023020252,20232024,2,2023-11-17,2023-11-18T01:00:00Z,OFF,WPG,BUF,3.0,2.0,REG
2023020253,20232024,2,2023-11-17,2023-11-18T03:00:00Z,OFF,ANA,FLA,1.0,2.0,REG
2023020254,20232024,2,2023-11-18,2023-11-18T16:00:00Z,OFF,OTT,MIN,2.0,1.0,SO
2023020255,20232024,2,2023-11-18,2023-11-18T18:00:00Z,OFF,PHI,VGK,4.0,3.0,OT
2023020256,20232024,2,2023-11-18,2023-11-18T19:00:00Z,OFF,NSH,CHI,4.0,2.0,REG
2023020257,20232024,2,2023-11-18,2023-11-18T21:00:00Z,OFF,TBL,EDM,6.0,4.0,REG
2023020258,20232024,2,2023-11-18,2023-11-19T00:00:00Z,OFF,BOS,MTL,5.0,2.0,REG
2023020259,20232024,2,2023-11-18,2023-11-19T00:00:00Z,OFF,CAR,PIT,4.0,2.0,REG
2023020260,20232024,2,2023-11-18,2023-11-19T00:00:00Z,OFF,CGY,NYI,4.0,5.0,SO
2023020261,20232024,2,2023-11-18,2023-11-19T00:00:00Z,OFF,NJD,NYR,3.0,5.0,REG
2023020262,20232024,2,2023-11-18,2023-11-19T00:00:00Z,OFF,WPG,ARI,5.0,2.0,REG
2023020263,20232024,2,2023-11-18,2023-11-19T00:30:00Z,OFF,WSH,CBJ,4.0,3.0,REG
2023020264,20232024,2,2023-11-18,2023-11-19T01:00:00Z,OFF,DAL,COL,3.0,6.0,REG
2023020265,20232024,2,2023-11-18,2023-11-19T03:00:00Z,OFF,VAN,SEA,3.0,4.0,REG
2023020266,20232024,2,2023-11-18,2023-11-19T03:30:00Z,OFF,LAK,STL,5.0,1.0,REG
2023020267,20232024,2,2023-11-19,2023-11-19T13:00:00Z,OFF,MIN,TOR,3.0,4.0,OT
2023020268,20232024,2,2023-11-19,2023-11-19T22:30:00Z,OFF,PHI,CBJ,5.0,2.0,REG
2023020269,20232024,2,2023-11-19,2023-11-19T23:00:00Z,OFF,PIT,VGK,3.0,0.0,REG
2023020270,20232024,2,2023-11-19,2023-11-20T00:00:00Z,OFF,CHI,BUF,2.0,3.0,REG
2023020271,20232024,2,2023-11-19,2023-11-20T01:00:00Z,OFF,ANA,STL,1.0,3.0,REG
2023020272,20232024,2,2023-11-20,2023-11-21T00:00:00Z,OFF,FLA,EDM,5.0,3.0,REG
2023020273,20232024,2,2023-11-20,2023-11-21T00:00:00Z,OFF,TBL,BOS,5.0,4.0,OT
2023020274,20232024,2,2023-11-20,2023-11-21T01:00:00Z,OFF,DAL,NYR,6.0,3.0,REG
2023020275,20232024,2,2023-11-20,2023-11-21T01:00:00Z,OFF,NSH,COL,4.0,3.0,REG
2023020276,20232024,2,2023-11-20,2023-11-21T02:00:00Z,OFF,ARI,LAK,1.0,4.0,REG
2023020277,20232024,2,2023-11-20,2023-11-21T03:00:00Z,OFF,SEA,CGY,3.0,4.0,OT
2023020278,20232024,2,2023-11-20,2023-11-21T03:00:00Z,OFF,VAN,SJS,3.0,1.0,REG
2023020279,20232024,2,2023-11-22,2023-11-23T00:00:00Z,OFF,CAR,EDM,6.0,3.0,REG
2023020280,20232024,2,2023-11-22,2023-11-23T00:00:00Z,OFF,CBJ,CHI,7.0,3.0,REG
2023020281,20232024,2,2023-11-22,2023-11-23T00:00:00Z,OFF,DET,NJD,4.0,0.0,REG
2023020282,20232024,2,2023-11-22,2023-11-23T00:00:00Z,OFF,FLA,BOS,1.0,3.0,REG
2023020283,20232024,2,2023-11-22,2023-11-23T00:00:00Z,OFF,PIT,NYR,0.0,1.0,REG
2023020284,20232024,2,2023-11-22,2023-11-23T00:00:00Z,OFF,TBL,WPG,2.0,3.0,OT
2023020285,20232024,2,2023-11-22,2023-11-23T00:00:00Z,OFF,WSH,BUF,4.0,3.0,OT
2023020286,20232024,2,2023-11-22,2023-11-23T00:30:00Z,OFF,NYI,PHI,3.0,2.0,REG
2023020287,20232024,2,2023-11-22,2023-11-23T02:00:00Z,OFF,ARI,STL,5.0,6.0,REG
2023020288,20232024,2,2023-11-22,2023-11-23T02:00:00Z,OFF,NSH,CGY,4.0,2.0,REG
2023020289,20232024,2,2023-11-22,2023-11-23T02:30:00Z,OFF,DAL,VGK,1.0,2.0,OT
2023020290,20232024,2,2023-11-22,2023-11-23T03:00:00Z,OFF,ANA,MTL,3.0,4.0,REG
2023020291,20232024,2,2023-11-22,2023-11-23T03:00:00Z,OFF,COL,VAN,5.0,2.0,REG
2023020292,20232024,2,2023-11-22,2023-11-23T03:00:00Z,OFF,SEA,SJS,7.0,1.0,REG
2023020293,20232024,2,2023-11-24,2023-11-24T18:00:00Z,OFF,BOS,DET,2.0,5.0,REG
2023020294,20232024,2,2023-11-24,2023-11-24T18:00:00Z,OFF,PHI,NYR,1.0,3.0,REG
2023020295,20232024,2,2023-11-24,2023-11-24T19:00:00Z,OFF,CHI,TOR,4.0,3.0,OT
2023020296,20232024,2,2023-11-24,2023-11-24T20:00:00Z,OFF,NJD,CBJ,1.0,2.0,REG
2023020297,20232024,2,2023-11-24,2023-11-24T20:00:00Z,OFF,STL,NSH,3.0,8.0,REG
2023020298,20232024,2,2023-11-24,2023-11-24T20:00:00Z,OFF,WSH,EDM,0.0,5.0,REG
2023020299,20232024,2,2023-11-24,2023-11-24T20:30:00Z,OFF,ANA,LAK,2.0,5.0,REG
2023020300,20232024,2,2023-11-24,2023-11-24T20:30:00Z,OFF,SJS,MTL,2.0,3.0,SO
2023020301,20232024,2,2023-11-24,2023-11-24T23:00:00Z,OFF,BUF,PIT,3.0,2.0,REG
2023020302,20232024,2,2023-11-24,2023-11-25T00:30:00Z,OFF,OTT,NYI,3.0,5.0,REG
2023020303,20232024,2,2023-11-24,2023-11-25T01:00:00Z,OFF,CAR,TBL,2.0,8.0,REG
2023020304,20232024,2,2023-11-24,2023-11-25T01:00:00Z,OFF,FLA,WPG,0.0,3.0,REG
2023020305,20232024,2,2023-11-24,2023-11-25T01:30:00Z,OFF,DAL,CGY,4.0,7.0,REG
2023020306,20232024,2,2023-11-24,2023-11-25T01:30:00Z,OFF,MIN,COL,2.0,3.0,REG
2023020307,20232024,2,2023-11-24,2023-11-25T03:00:00Z,OFF,SEA,VAN,1.0,5.0,REG
2023020308,20232024,2,2023-11-25,2023-11-25T18:00:00Z,OFF,NYR,BOS,7.0,4.0,REG
2023020309,20232024,2,2023-11-25,2023-11-25T21:00:00Z,OFF,LAK,MTL,4.0,0.0,REG
2023020310,20232024,2,2023-11-25,2023-11-26T00:00:00Z,OFF,NJD,BUF,7.0,2.0,REG
2023020311,20232024,2,2023-11-25,2023-11-26T00:00:00Z,OFF,PIT,TOR,3.0,2.0,REG
2023020312,20232024,2,2023-11-25,2023-11-26T00:30:00Z,OFF,NYI,PHI,0.0,1.0,SO
2023020313,20232024,2,2023-11-25,2023-11-26T03:00:00Z,OFF,COL,CGY,3.0,1.0,REG
2023020314,20232024,2,2023-11-25,2023-11-26T03:00:00Z,OFF,SJS,VAN,4.0,3.0,REG
2023020315,20232024,2,2023-11-25,2023-11-26T03:00:00Z,OFF,VGK,ARI,0.0,2.0,REG
2023020316,20232024,2,2023-11-26,2023-11-26T18:00:00Z,OFF,DET,MIN,4.0,1.0,REG
2023020317,20232024,2,2023-11-26,2023-11-26T19:00:00Z,OFF,CHI,STL,2.0,4.0,REG
2023020318,20232024,2,2023-11-26,2023-11-26T22:00:00Z,OFF,CAR,CBJ,3.0,2.0,REG
2023020319,20232024,2,2023-11-26,2023-11-27T01:00:00Z,OFF,NSH,WPG,3.0,2.0,REG
2023020320,20232024,2,2023-11-26,2023-11-27T02:00:00Z,OFF,EDM,ANA,8.0,2.0,REG
2023020321,20232024,2,2023-11-27,2023-11-28T00:00:00Z,OFF,CBJ,BOS,5.0,2.0,REG
2023020322,20232024,2,2023-11-27,2023-11-28T00:00:00Z,OFF,NYR,BUF,1.0,5.0,REG
2023020323,20232024,2,2023-11-27,2023-11-28T00:00:00Z,OFF,OTT,FLA,0.0,5.0,REG
2023020324,20232024,2,2023-11-27,2023-11-28T02:00:00Z,OFF,COL,TBL,4.0,1.0,REG
2023020325,20232024,2,2023-11-27,2023-11-28T02:30:00Z,OFF,CGY,VGK,2.0,1.0,OT
2023020326,20232024,2,2023-11-27,2023-11-28T03:30:00Z,OFF,SJS,WSH,2.0,1.0,REG
2023020327,20232024,2,2023-11-28,2023-11-29T00:00:00Z,OFF,NJD,NYI,5.0,4.0,REG
2023020329,20232024,2,2023-11-28,2023-11-29T00:00:00Z,OFF,TOR,FLA,2.0,1.0,SO
2023020328,20232024,2,2023-11-28,2023-11-29T00:30:00Z,OFF,PHI,CAR,1.0,4.0,REG
2023020330,20232024,2,2023-11-28,2023-11-29T01:00:00Z,OFF,MIN,STL,3.0,1.0,REG
2023020331,20232024,2,2023-11-28,2023-11-29T01:00:00Z,OFF,NSH,PIT,3.0,2.0,OT
2023020332,20232024,2,2023-11-28,2023-11-29T01:00:00Z,OFF,WPG,DAL,0.0,2.0,REG
2023020333,20232024,2,2023-11-28,2023-11-29T01:30:00Z,OFF,CHI,SEA,4.0,3.0,REG
2023020334,20232024,2,2023-11-28,2023-11-29T02:00:00Z,OFF,ARI,TBL,3.0,1.0,REG
2023020335,20232024,2,2023-11-28,2023-11-29T02:00:00Z,OFF,EDM,VGK,5.0,4.0,SO
2023020336,20232024,2,2023-11-28,2023-11-29T03:00:00Z,OFF,VAN,ANA,3.0,1.0,REG
2023020337,20232024,2,2023-11-29,2023-11-30T00:00:00Z,OFF,CBJ,MTL,2.0,4.0,REG
2023020338,20232024,2,2023-11-29,2023-11-30T00:30:00Z,OFF,NYR,DET,3.0,2.0,REG
2023020339,20232024,2,2023-11-29,2023-11-30T03:30:00Z,OFF,LAK,WSH,1.0,2.0,REG
2023020340,20232024,2,2023-11-30,2023-12-01T00:00:00Z,OFF,BOS,SJS,3.0,0.0,REG
2023020342,20232024,2,2023-11-30,2023-12-01T00:00:00Z,OFF,DET,CHI,5.0,1.0,REG
2023020343,20232024,2,2023-11-30,2023-12-01T00:00:00Z,OFF,MTL,FLA,1.0,5.0,REG
2023020344,20232024,2,2023-11-30,2023-12-01T00:00:00Z,OFF,PHI,NJD,3.0,4.0,OT
2023020345,20232024,2,2023-11-30,2023-12-01T00:00:00Z,OFF,TBL,PIT,2.0,4.0,REG
2023020346,20232024,2,2023-11-30,2023-12-01T00:00:00Z,OFF,TOR,SEA,4.0,3.0,SO
2023020341,20232024,2,2023-11-30,2023-12-01T00:30:00Z,OFF,CAR,NYI,4.0,5.0,OT
2023020347,20232024,2,2023-11-30,2023-12-01T01:00:00Z,OFF,NSH,MIN,1.0,6.0,REG
2023020348,20232024,2,2023-11-30,2023-12-01T01:00:00Z,OFF,STL,BUF,6.0,4.0,REG
2023020349,20232024,2,2023-11-30,2023-12-01T01:00:00Z,OFF,WPG,EDM,1.0,3.0,REG
2023020350,20232024,2,2023-11-30,2023-12-01T02:00:00Z,OFF,ARI,COL,4.0,3.0,OT
2023020351,20232024,2,2023-11-30,2023-12-01T02:00:00Z,OFF,CGY,DAL,4.0,3.0,OT
2023020352,20232024,2,2023-11-30,2023-12-01T03:00:00Z,OFF,ANA,WSH,4.0,5.0,REG
2023020353,20232024,2,2023-11-30,2023-12-01T03:00:00Z,OFF,VAN,VGK,1.0,4.0,REG
2023020354,20232024,2,2023-12-01,2023-12-02T00:00:00Z,OFF,CBJ,OTT,4.0,2.0,REG
2023020355,20232024,2,2023-12-01,2023-12-02T00:00:00Z,OFF,NJD,SJS,3.0,6.0,REG
2023020356,20232024,2,2023-12-02,2023-12-02T19:00:00Z,OFF,DAL,TBL,8.0,1.0,REG
2023020357,20232024,2,2023-12-02,2023-12-02T20:00:00Z,OFF,WPG,CHI,3.0,1.0,REG
2023020358,20232024,2,2023-12-02,2023-12-02T21:30:00Z,OFF,NSH,NYR,3.0,4.0,REG
2023020359,20232024,2,2023-12-02,2023-12-02T23:00:00Z,OFF,FLA,NYI,3.0,4.0,REG
2023020360,20232024,2,2023-12-02,2023-12-03T00:00:00Z,OFF,CAR,BUF,6.0,2.0,REG
2023020361,20232024,2,2023-12-02,2023-12-03T00:00:00Z,OFF,MTL,DET,4.0,5.0,OT
2023020362,20232024,2,2023-12-02,2023-12-03T00:00:00Z,OFF,OTT,SEA,2.0,0.0,REG
2023020363,20232024,2,2023-12-02,2023-12-03T00:00:00Z,OFF,PIT,PHI,3.0,4.0,SO
2023020364,20232024,2,2023-12-02,2023-12-03T00:00:00Z,OFF,TOR,BOS,3.0,4.0,OT
2023020365,20232024,2,2023-12-02,2023-12-03T02:00:00Z,OFF,ARI,STL,4.0,1.0,REG
2023020366,20232024,2,2023-12-02,2023-12-03T03:00:00Z,OFF,ANA,COL,4.0,3.0,SO
2023020367,20232024,2,2023-12-02,2023-12-03T03:00:00Z,OFF,CGY,VAN,3.0,4.0,REG
2023020368,20232024,2,2023-12-02,2023-12-03T03:00:00Z,OFF,VGK,WSH,4.0,1.0,REG
2023020369,20232024,2,2023-12-03,2023-12-03T19:00:00Z,OFF,MIN,CHI,4.0,1.0,REG
2023020370,20232024,2,2023-12-03,2023-12-03T23:00:00Z,OFF,NYR,SJS,6.0,5.0,REG
2023020371,20232024,2,2023-12-03,2023-12-04T00:00:00Z,OFF,BOS,CBJ,3.0,1.0,REG
2023020372,20232024,2,2023-12-03,2023-12-04T00:00:00Z,OFF,BUF,NSH,1.0,2.0,REG
2023020373,20232024,2,2023-12-03,2023-12-04T01:00:00Z,OFF,LAK,COL,4.0,1.0,REG
2023020374,20232024,2,2023-12-04,2023-12-05T00:00:00Z,OFF,PHI,PIT,2.0,1.0,OT
2023020375,20232024,2,2023-12-04,2023-12-05T00:00:00Z,OFF,TBL,DAL,4.0,0.0,REG
2023020376,20232024,2,2023-12-04,2023-12-05T00:30:00Z,OFF,MTL,SEA,4.0,2.0,REG
2023020377,20232024,2,2023-12-04,2023-12-05T00:30:00Z,OFF,WPG,CAR,2.0,1.0,REG
2023020378,20232024,2,2023-12-04,2023-12-05T02:00:00Z,OFF,ARI,WSH,6.0,0.0,REG
2023020379,20232024,2,2023-12-04,2023-12-05T03:00:00Z,OFF,VGK,STL,1.0,2.0,OT
2023020381,20232024,2,2023-12-05,2023-12-06T00:00:00Z,OFF,CBJ,LAK,3.0,4.0,OT
2023020382,20232024,2,2023-12-05,2023-12-06T00:00:00Z,OFF,OTT,NYR,6.0,2.0,REG
2023020380,20232024,2,2023-12-05,2023-12-06T00:30:00Z,OFF,BUF,DET,3.0,5.0,REG
2023020383,20232024,2,2023-12-05,2023-12-06T00:30:00Z,OFF,NYI,SJS,4.0,5.0,OT
2023020384,20232024,2,2023-12-05,2023-12-06T01:30:00Z,OFF,CHI,NSH,3.0,4.0,SO
2023020385,20232024,2,2023-12-05,2023-12-06T02:00:00Z,OFF,CGY,MIN,2.0,5.0,REG
2023020386,20232024,2,2023-12-05,2023-12-06T02:00:00Z,OFF,COL,ANA,3.0,2.0,REG
2023020387,20232024,2,2023-12-05,2023-12-06T03:00:00Z,OFF,VAN,NJD,5.0,6.0,REG
2023020388,20232024,2,2023-12-06,2023-12-07T00:00:00Z,OFF,FLA,DAL,5.0,4.0,REG
2023020389,20232024,2,2023-12-06,2023-12-07T00:00:00Z,OFF,TBL,PIT,3.0,1.0,REG
2023020390,20232024,2,2023-12-06,2023-12-07T02:00:00Z,OFF,STL,VGK,3.0,6.0,REG
2023020391,20232024,2,2023-12-06,2023-12-07T02:30:00Z,OFF,EDM,CAR,6.0,1.0,REG
2023020392,20232024,2,2023-12-07,2023-12-08T00:00:00Z,OFF,BOS,BUF,1.0,3.0,REG
2023020393,20232024,2,2023-12-07,2023-12-08T00:00:00Z,OFF,DET,SJS,5.0,6.0,OT
2023020394,20232024,2,2023-12-07,2023-12-08T00:00:00Z,OFF,MTL,LAK,0.0,4.0,REG
2023020395,20232024,2,2023-12-07,2023-12-08T00:00:00Z,OFF,OTT,TOR,3.0,4.0,REG
2023020397,20232024,2,2023-12-07,2023-12-08T00:30:00Z,OFF,NYI,CBJ,7.0,3.0,REG
2023020396,20232024,2,2023-12-07,2023-12-08T01:00:00Z,OFF,WSH,DAL,4.0,5.0,SO
2023020398,20232024,2,2023-12-07,2023-12-08T01:00:00Z,OFF,NSH,TBL,5.0,1.0,REG
2023020399,20232024,2,2023-12-07,2023-12-08T01:30:00Z,OFF,CHI,ANA,1.0,0.0,REG
2023020400,20232024,2,2023-12-07,2023-12-08T02:00:00Z,OFF,ARI,PHI,1.0,4.0,REG
2023020401,20232024,2,2023-12-07,2023-12-08T02:00:00Z,OFF,CGY,CAR,3.0,2.0,REG
2023020402,20232024,2,2023-12-07,2023-12-08T02:00:00Z,OFF,COL,WPG,2.0,4.0,REG
2023020404,20232024,2,2023-12-07,2023-12-08T03:00:00Z,OFF,VAN,MIN,2.0,0.0,REG
2023020403,20232024,2,2023-12-07,2023-12-08T03:30:00Z,OFF,SEA,NJD,1.0,2.0,REG
2023020405,20232024,2,2023-12-08,2023-12-09T00:00:00Z,OFF,CBJ,STL,5.0,2.0,REG
2023020406,20232024,2,2023-12-08,2023-12-09T00:00:00Z,OFF,FLA,PIT,3.0,1.0,REG
2023020407,20232024,2,2023-12-08,2023-12-09T02:00:00Z,OFF,EDM,MIN,4.0,3.0,REG
2023020408,20232024,2,2023-12-09,2023-12-09T18:00:00Z,OFF,BOS,ARI,5.0,3.0,REG
2023020409,20232024,2,2023-12-09,2023-12-09T21:00:00Z,OFF,CGY,NJD,2.0,4.0,REG
2023020410,20232024,2,2023-12-09,2023-12-09T21:00:00Z,OFF,DAL,VGK,1.0,6.0,REG
2023020411,20232024,2,2023-12-09,2023-12-10T00:00:00Z,OFF,BUF,MTL,2.0,3.0,SO
2023020412,20232024,2,2023-12-09,2023-12-10T00:00:00Z,OFF,DET,OTT,1.0,5.0,REG
2023020413,20232024,2,2023-12-09,2023-12-10T00:00:00Z,OFF,TOR,NSH,4.0,0.0,REG
2023020414,20232024,2,2023-12-09,2023-12-10T00:00:00Z,OFF,WSH,NYR,4.0,0.0,REG
2023020415,20232024,2,2023-12-09,2023-12-10T00:30:00Z,OFF,NYI,LAK,3.0,2.0,OT
2023020416,20232024,2,2023-12-09,2023-12-10T01:00:00Z,OFF,CHI,STL,3.0,1.0,REG
2023020417,20232024,2,2023-12-09,2023-12-10T02:00:00Z,OFF,COL,PHI,2.0,5.0,REG
2023020418,20232024,2,2023-12-09,2023-12-10T03:00:00Z,OFF,SEA,TBL,3.0,4.0,OT
2023020419,20232024,2,2023-12-09,2023-12-10T03:00:00Z,OFF,VAN,CAR,4.0,3.0,REG
2023020420,20232024,2,2023-12-10,2023-12-10T18:00:00Z,OFF,CBJ,FLA,2.0,5.0,REG
2023020421,20232024,2,2023-12-10,2023-12-10T21:00:00Z,OFF,EDM,NJD,4.0,1.0,REG
2023020422,20232024,2,2023-12-10,2023-12-11T00:00:00Z,OFF,CHI,WSH,2.0,4.0,REG
2023020423,20232024,2,2023-12-10,2023-12-11T00:00:00Z,OFF,MTL,NSH,1.0,2.0,REG
2023020424,20232024,2,2023-12-10,2023-12-11T00:00:00Z,OFF,NYR,LAK,4.0,1.0,REG
2023020425,20232024,2,2023-12-10,2023-12-11T01:00:00Z,OFF,ANA,WPG,2.0,4.0,REG
2023020426,20232024,2,2023-12-10,2023-12-11T02:00:00Z,OFF,SEA,MIN,0.0,3.0,REG
2023020427,20232024,2,2023-12-10,2023-12-11T03:00:00Z,OFF,VGK,SJS,5.0,4.0,SO
2023020428,20232024,2,2023-12-11,2023-12-12T00:00:00Z,OFF,BUF,ARI,5.0,2.0,REG
2023020429,20232024,2,2023-12-11,2023-12-12T00:00:00Z,OFF,NYI,TOR,4.0,3.0,OT
2023020430,20232024,2,2023-12-11,2023-12-12T01:00:00Z,OFF,DAL,DET,6.0,3.0,REG
2023020431,20232024,2,2023-12-11,2023-12-12T02:30:00Z,OFF,COL,CGY,6.0,5.0,REG
2023020432,20232024,2,2023-12-12,2023-12-13T00:00:00Z,OFF,NYR,TOR,3.0,7.0,REG
2023020433,20232024,2,2023-12-12,2023-12-13T00:00:00Z,OFF,OTT,CAR,1.0,4.0,REG
2023020434,20232024,2,2023-12-12,2023-12-13T00:00:00Z,OFF,PIT,ARI,4.0,2.0,REG
2023020436,20232024,2,2023-12-12,2023-12-13T00:30:00Z,OFF,STL,DET,4.0,6.0,REG
2023020435,20232024,2,2023-12-12,2023-12-13T01:00:00Z,OFF,NSH,PHI,3.0,2.0,OT
2023020437,20232024,2,2023-12-12,2023-12-13T03:00:00Z,OFF,EDM,CHI,4.0,1.0,REG
2023020438,20232024,2,2023-12-12,2023-12-13T03:00:00Z,OFF,SEA,FLA,4.0,0.0,REG
2023020439,20232024,2,2023-12-12,2023-12-13T03:00:00Z,OFF,VAN,TBL,4.0,1.0,REG
2023020440,20232024,2,2023-12-12,2023-12-13T03:00:00Z,OFF,VGK,CGY,5.0,4.0,OT
2023020441,20232024,2,2023-12-12,2023-12-13T03:30:00Z,OFF,SJS,WPG,2.0,1.0,REG
2023020442,20232024,2,2023-12-13,2023-12-14T00:00:00Z,OFF,MTL,PIT,3.0,4.0,SO
2023020443,20232024,2,2023-12-13,2023-12-14T00:30:00Z,OFF,NJD,BOS,2.0,1.0,OT
2023020444,20232024,2,2023-12-13,2023-12-14T00:30:00Z,OFF,NYI,ANA,4.0,3.0,REG
2023020445,20232024,2,2023-12-13,2023-12-14T03:00:00Z,OFF,COL,BUF,5.0,1.0,REG
2023020446,20232024,2,2023-12-13,2023-12-14T03:30:00Z,OFF,LAK,WPG,2.0,5.0,REG
2023020448,20232024,2,2023-12-14,2023-12-15T00:00:00Z,OFF,PHI,WSH,4.0,3.0,SO
2023020449,20232024,2,2023-12-14,2023-12-15T00:00:00Z,OFF,TOR,CBJ,5.0,6.0,OT
2023020447,20232024,2,2023-12-14,2023-12-15T00:30:00Z,OFF,DET,CAR,1.0,2.0,REG
2023020450,20232024,2,2023-12-14,2023-12-15T01:00:00Z,OFF,MIN,CGY,3.0,2.0,SO
2023020451,20232024,2,2023-12-14,2023-12-15T01:00:00Z,OFF,STL,OTT,4.0,2.0,REG
2023020452,20232024,2,2023-12-14,2023-12-15T02:00:00Z,OFF,EDM,TBL,4.0,7.0,REG
2023020453,20232024,2,2023-12-14,2023-12-15T03:00:00Z,OFF,SEA,CHI,7.0,1.0,REG
2023020454,20232024,2,2023-12-14,2023-12-15T03:00:00Z,OFF,VAN,FLA,4.0,0.0,REG
2023020456,20232024,2,2023-12-15,2023-12-16T00:00:00Z,OFF,NYR,ANA,5.0,1.0,REG
2023020455,20232024,2,2023-12-15,2023-12-16T00:30:00Z,OFF,CAR,NSH,5.0,6.0,OT
2023020457,20232024,2,2023-12-15,2023-12-16T00:30:00Z,OFF,NYI,BOS,4.0,5.0,SO
2023020458,20232024,2,2023-12-15,2023-12-16T01:00:00Z,OFF,DAL,OTT,5.0,4.0,REG
2023020459,20232024,2,2023-12-15,2023-12-16T02:00:00Z,OFF,ARI,SJS,1.0,0.0,REG
2023020460,20232024,2,2023-12-15,2023-12-16T03:00:00Z,OFF,VGK,BUF,2.0,5.0,REG
2023020461,20232024,2,2023-12-16,2023-12-16T19:00:00Z,OFF,MIN,VAN,2.0,1.0,SO
2023020462,20232024,2,2023-12-16,2023-12-17T00:00:00Z,OFF,BOS,NYR,1.0,2.0,OT
2023020463,20232024,2,2023-12-16,2023-12-17T00:00:00Z,OFF,CBJ,NJD,3.0,6.0,REG
2023020464,20232024,2,2023-12-16,2023-12-17T00:00:00Z,OFF,MTL,NYI,5.0,3.0,REG
2023020465,20232024,2,2023-12-16,2023-12-17T00:00:00Z,OFF,PHI,DET,1.0,0.0,REG
2023020466,20232024,2,2023-12-16,2023-12-17T00:00:00Z,OFF,TOR,PIT,7.0,0.0,REG
2023020467,20232024,2,2023-12-16,2023-12-17T00:00:00Z,OFF,WPG,COL,6.0,2.0,REG
2023020468,20232024,2,2023-12-16,2023-12-17T01:00:00Z,OFF,NSH,WSH,3.0,1.0,REG
2023020469,20232024,2,2023-12-16,2023-12-17T01:00:00Z,OFF,STL,DAL,4.0,3.0,OT
2023020470,20232024,2,2023-12-16,2023-12-17T02:00:00Z,OFF,ARI,BUF,2.0,0.0,REG
2023020471,20232024,2,2023-12-16,2023-12-17T03:00:00Z,OFF,CGY,TBL,4.0,2.0,REG
2023020472,20232024,2,2023-12-16,2023-12-17T03:00:00Z,OFF,EDM,FLA,1.0,5.0,REG
2023020473,20232024,2,2023-12-16,2023-12-17T03:00:00Z,OFF,SEA,LAK,2.0,3.0,SO
2023020474,20232024,2,2023-12-17,2023-12-17T20:00:00Z,OFF,CHI,VAN,3.0,4.0,REG
2023020475,20232024,2,2023-12-17,2023-12-17T23:00:00Z,OFF,CAR,WSH,1.0,2.0,SO
2023020476,20232024,2,2023-12-17,2023-12-18T00:00:00Z,OFF,NJD,ANA,1.0,5.0,REG
2023020477,20232024,2,2023-12-17,2023-12-18T01:00:00Z,OFF,COL,SJS,6.0,2.0,REG
2023020478,20232024,2,2023-12-17,2023-12-18T01:00:00Z,OFF,VGK,OTT,6.0,3.0,REG
2023020479,20232024,2,2023-12-18,2023-12-19T00:00:00Z,OFF,DET,ANA,3.0,4.0,REG
2023020480,20232024,2,2023-12-18,2023-12-19T00:00:00Z,OFF,PIT,MIN,4.0,3.0,REG
2023020481,20232024,2,2023-12-18,2023-12-19T00:30:00Z,OFF,WPG,MTL,2.0,3.0,OT
2023020482,20232024,2,2023-12-18,2023-12-19T01:00:00Z,OFF,DAL,SEA,4.0,3.0,OT
2023020483,20232024,2,2023-12-18,2023-12-19T02:30:00Z,OFF,CGY,FLA,3.0,1.0,REG
2023020484,20232024,2,2023-12-19,2023-12-20T00:00:00Z,OFF,BOS,MIN,3.0,4.0,OT
2023020485,20232024,2,2023-12-19,2023-12-20T00:00:00Z,OFF,BUF,CBJ,4.0,9.0,REG
2023020486,20232024,2,2023-12-19,2023-12-20T00:00:00Z,OFF,CAR,VGK,6.0,3.0,REG
2023020487,20232024,2,2023-12-19,2023-12-20T00:00:00Z,OFF,NJD,PHI,2.0,3.0,OT
2023020488,20232024,2,2023-12-19,2023-12-20T00:00:00Z,OFF,TBL,STL,6.0,1.0,REG
2023020489,20232024,2,2023-12-19,2023-12-20T00:00:00Z,OFF,TOR,NYR,2.0,5.0,REG
2023020490,20232024,2,2023-12-19,2023-12-20T00:30:00Z,OFF,NYI,EDM,3.0,1.0,REG
2023020491,20232024,2,2023-12-19,2023-12-20T01:00:00Z,OFF,NSH,VAN,2.0,5.0,REG
2023020492,20232024,2,2023-12-19,2023-12-20T01:30:00Z,OFF,CHI,COL,3.0,2.0,REG
2023020493,20232024,2,2023-12-19,2023-12-20T02:00:00Z,OFF,ARI,OTT,4.0,3.0,REG
2023020494,20232024,2,2023-12-19,2023-12-20T03:30:00Z,OFF,SJS,LAK,1.0,4.0,REG
2023020495,20232024,2,2023-12-20,2023-12-21T00:30:00Z,OFF,WPG,DET,5.0,2.0,REG
2023020496,20232024,2,2023-12-20,2023-12-21T00:30:00Z,OFF,WSH,NYI,3.0,2.0,OT
2023020497,20232024,2,2023-12-20,2023-12-21T03:00:00Z,OFF,LAK,SEA,1.0,2.0,REG
2023020498,20232024,2,2023-12-21,2023-12-22T00:00:00Z,OFF,BUF,TOR,9.0,3.0,REG
2023020499,20232024,2,2023-12-21,2023-12-22T00:00:00Z,OFF,CBJ,WSH,2.0,3.0,OT
2023020500,20232024,2,2023-12-21,2023-12-22T00:00:00Z,OFF,FLA,STL,1.0,4.0,REG
2023020502,20232024,2,2023-12-21,2023-12-22T00:00:00Z,OFF,PHI,NSH,2.0,4.0,REG
2023020503,20232024,2,2023-12-21,2023-12-22T00:00:00Z,OFF,PIT,CAR,2.0,1.0,SO
2023020504,20232024,2,2023-12-21,2023-12-22T00:00:00Z,OFF,TBL,VGK,5.0,4.0,REG
2023020501,20232024,2,2023-12-21,2023-12-22T00:30:00Z,OFF,NJD,EDM,3.0,6.0,REG
2023020505,20232024,2,2023-12-21,2023-12-22T01:00:00Z,OFF,DAL,VAN,4.0,3.0,OT
2023020506,20232024,2,2023-12-21,2023-12-22T01:00:00Z,OFF,MIN,MTL,4.0,3.0,OT
2023020507,20232024,2,2023-12-21,2023-12-22T02:00:00Z,OFF,COL,OTT,6.0,4.0,REG
2023020508,20232024,2,2023-12-21,2023-12-22T03:00:00Z,OFF,ANA,CGY,0.0,3.0,REG
2023020509,20232024,2,2023-12-21,2023-12-22T03:30:00Z,OFF,SJS,ARI,2.0,5.0,REG
2023020510,20232024,2,2023-12-22,2023-12-23T00:00:00Z,OFF,DET,PHI,7.0,6.0,SO
2023020511,20232024,2,2023-12-22,2023-12-23T00:30:00Z,OFF,NYR,EDM,3.0,4.0,REG
2023020512,20232024,2,2023-12-22,2023-12-23T01:00:00Z,OFF,WPG,BOS,5.0,1.0,REG
2023020513,20232024,2,2023-12-22,2023-12-23T01:30:00Z,OFF,CHI,MTL,2.0,5.0,REG
2023020515,20232024,2,2023-12-23,2023-12-23T19:00:00Z,OFF,NSH,DAL,2.0,3.0,REG
2023020514,20232024,2,2023-12-23,2023-12-23T20:00:00Z,OFF,FLA,VGK,4.0,2.0,REG
2023020517,20232024,2,2023-12-23,2023-12-24T00:00:00Z,OFF,CBJ,TOR,1.0,4.0,REG
2023020518,20232024,2,2023-12-23,2023-12-24T00:00:00Z,OFF,MIN,BOS,3.0,2.0,REG
2023020519,20232024,2,2023-12-23,2023-12-24T00:00:00Z,OFF,NJD,DET,3.0,2.0,REG
2023020520,20232024,2,2023-12-23,2023-12-24T00:00:00Z,OFF,OTT,PIT,5.0,4.0,OT
2023020521,20232024,2,2023-12-23,2023-12-24T00:00:00Z,OFF,WSH,TBL,1.0,2.0,SO
2023020516,20232024,2,2023-12-23,2023-12-24T00:30:00Z,OFF,CAR,NYI,4.0,5.0,REG
2023020522,20232024,2,2023-12-23,2023-12-24T00:30:00Z,OFF,NYR,BUF,4.0,3.0,OT
2023020523,20232024,2,2023-12-23,2023-12-24T01:00:00Z,OFF,ANA,SEA,2.0,3.0,REG
2023020524,20232024,2,2023-12-23,2023-12-24T01:00:00Z,OFF,STL,CHI,7.0,5.0,REG
2023020525,20232024,2,2023-12-23,2023-12-24T02:00:00Z,OFF,COL,ARI,4.0,1.0,REG
2023020526,20232024,2,2023-12-23,2023-12-24T03:00:00Z,OFF,LAK,CGY,5.0,3.0,REG
2023020527,20232024,2,2023-12-23,2023-12-24T03:00:00Z,OFF,VAN,SJS,7.0,4.0,REG
2023020528,20232024,2,2023-12-27,2023-12-28T00:00:00Z,OFF,NJD,CBJ,4.0,3.0,OT
2023020529,20232024,2,2023-12-27,2023-12-28T00:00:00Z,OFF,NYR,WSH,5.0,1.0,REG
2023020530,20232024,2,2023-12-27,2023-12-28T00:00:00Z,OFF,TBL,FLA,2.0,3.0,REG
2023020531,20232024,2,2023-12-27,2023-12-28T00:00:00Z,OFF,TOR,OTT,2.0,4.0,REG
2023020532,20232024,2,2023-12-27,2023-12-28T00:30:00Z,OFF,BUF,BOS,1.0,4.0,REG
2023020533,20232024,2,2023-12-27,2023-12-28T00:30:00Z,OFF,NYI,PIT,0.0,7.0,REG
2023020534,20232024,2,2023-12-27,2023-12-28T01:00:00Z,OFF,MIN,DET,6.0,3.0,REG
2023020535,20232024,2,2023-12-27,2023-12-28T01:00:00Z,OFF,NSH,CAR,2.0,5.0,REG
2023020536,20232024,2,2023-12-27,2023-12-28T01:00:00Z,OFF,STL,DAL,2.0,1.0,REG
2023020537,20232024,2,2023-12-27,2023-12-28T02:00:00Z,OFF,ARI,COL,5.0,4.0,OT
2023020538,20232024,2,2023-12-27,2023-12-28T02:00:00Z,OFF,CHI,WPG,2.0,1.0,OT
2023020539,20232024,2,2023-12-27,2023-12-28T02:30:00Z,OFF,CGY,SEA,1.0,2.0,REG
2023020540,20232024,2,2023-12-27,2023-12-28T03:00:00Z,OFF,ANA,VGK,5.0,2.0,REG
2023020541,20232024,2,2023-12-27,2023-12-28T03:00:00Z,OFF,LAK,SJS,5.0,1.0,REG
2023020542,20232024,2,2023-12-28,2023-12-29T00:00:00Z,OFF,CAR,MTL,5.0,3.0,REG
2023020543,20232024,2,2023-12-28,2023-12-29T03:00:00Z,OFF,VAN,PHI,1.0,4.0,REG
2023020544,20232024,2,2023-12-28,2023-12-29T03:00:00Z,OFF,VGK,LAK,3.0,2.0,REG
2023020545,20232024,2,2023-12-28,2023-12-29T03:30:00Z,OFF,SJS,EDM,0.0,5.0,REG
2023020546,20232024,2,2023-12-29,2023-12-30T00:00:00Z,OFF,CBJ,TOR,6.0,5.0,OT
2023020547,20232024,2,2023-12-29,2023-12-30T00:00:00Z,OFF,DET,NSH,5.0,4.0,OT
2023020548,20232024,2,2023-12-29,2023-12-30T00:00:00Z,OFF,FLA,NYR,4.0,3.0,REG
2023020549,20232024,2,2023-12-29,2023-12-30T00:00:00Z,OFF,OTT,NJD,2.0,6.0,REG
2023020550,20232024,2,2023-12-29,2023-12-30T00:30:00Z,OFF,NYI,WSH,5.0,1.0,REG
2023020551,20232024,2,2023-12-29,2023-12-30T01:00:00Z,OFF,DAL,CHI,5.0,4.0,OT
2023020552,20232024,2,2023-12-29,2023-12-30T01:00:00Z,OFF,STL,COL,1.0,2.0,REG
2023020553,20232024,2,2023-12-29,2023-12-30T03:00:00Z,OFF,ANA,ARI,0.0,2.0,REG
2023020554,20232024,2,2023-12-29,2023-12-30T03:00:00Z,OFF,SEA,PHI,2.0,1.0,OT
2023020555,20232024,2,2023-12-30,2023-12-30T19:00:00Z,OFF,WPG,MIN,4.0,2.0,REG
2023020556,20232024,2,2023-12-30,2023-12-30T22:00:00Z,OFF,BUF,CBJ,3.0,2.0,OT
2023020557,20232024,2,2023-12-30,2023-12-31T00:00:00Z,OFF,BOS,NJD,5.0,2.0,REG
2023020558,20232024,2,2023-12-30,2023-12-31T00:00:00Z,OFF,FLA,MTL,4.0,1.0,REG
2023020559,20232024,2,2023-12-30,2023-12-31T00:00:00Z,OFF,PIT,STL,4.0,2.0,REG
2023020560,20232024,2,2023-12-30,2023-12-31T00:00:00Z,OFF,TBL,NYR,1.0,5.0,REG
2023020561,20232024,2,2023-12-30,2023-12-31T00:00:00Z,OFF,TOR,CAR,2.0,3.0,REG
2023020562,20232024,2,2023-12-30,2023-12-31T00:00:00Z,OFF,WSH,NSH,2.0,3.0,SO
2023020563,20232024,2,2023-12-30,2023-12-31T03:00:00Z,OFF,LAK,EDM,2.0,3.0,SO
2023020564,20232024,2,2023-12-31,2023-12-31T19:00:00Z,OFF,MIN,WPG,2.0,3.0,REG
2023020565,20232024,2,2023-12-31,2023-12-31T22:00:00Z,OFF,DET,BOS,3.0,5.0,REG
2023020566,20232024,2,2023-12-31,2023-12-31T23:00:00Z,OFF,OTT,BUF,5.0,1.0,REG
2023020567,20232024,2,2023-12-31,2023-12-31T23:00:00Z,OFF,PIT,NYI,3.0,1.0,REG
2023020568,20232024,2,2023-12-31,2024-01-01T00:00:00Z,OFF,TBL,MTL,4.0,3.0,REG
2023020569,20232024,2,2023-12-31,2024-01-01T01:00:00Z,OFF,ANA,EDM,2.0,7.0,REG
2023020570,20232024,2,2023-12-31,2024-01-01T01:00:00Z,OFF,CGY,PHI,4.0,3.0,REG
2023020571,20232024,2,2023-12-31,2024-01-01T01:00:00Z,OFF,COL,SJS,3.0,1.0,REG
2023020572,20232024,2,2023-12-31,2024-01-01T01:00:00Z,OFF,DAL,CHI,8.0,1.0,REG
2023020573,20232024,2,2024-01-01,2024-01-01T20:00:00Z,OFF,SEA,VGK,3.0,0.0,REG
2023020574,20232024,2,2024-01-02,2024-01-03T00:00:00Z,OFF,CBJ,BOS,1.0,4.0,REG
2023020575,20232024,2,2024-01-02,2024-01-03T00:00:00Z,OFF,NYR,CAR,1.0,6.0,REG
2023020576,20232024,2,2024-01-02,2024-01-03T00:30:00Z,OFF,PIT,WSH,3.0,4.0,REG
2023020577,20232024,2,2024-01-02,2024-01-03T01:00:00Z,OFF,DAL,MTL,3.0,4.0,REG
2023020578,20232024,2,2024-01-02,2024-01-03T01:00:00Z,OFF,MIN,CGY,1.0,3.0,REG
2023020579,20232024,2,2024-01-02,2024-01-03T01:00:00Z,OFF,NSH,CHI,3.0,0.0,REG
2023020580,20232024,2,2024-01-02,2024-01-03T01:00:00Z,OFF,WPG,TBL,4.0,2.0,REG
2023020581,20232024,2,2024-01-02,2024-01-03T02:00:00Z,OFF,ARI,FLA,1.0,4.0,REG
2023020582,20232024,2,2024-01-02,2024-01-03T02:00:00Z,OFF,COL,NYI,5.0,4.0,OT
2023020583,20232024,2,2024-01-02,2024-01-03T02:00:00Z,OFF,EDM,PHI,5.0,2.0,REG
2023020584,20232024,2,2024-01-02,2024-01-03T03:00:00Z,OFF,VAN,OTT,6.0,3.0,REG
2023020585,20232024,2,2024-01-02,2024-01-03T03:30:00Z,OFF,LAK,TOR,0.0,3.0,REG
2023020586,20232024,2,2024-01-02,2024-01-03T03:30:00Z,OFF,SJS,DET,3.0,5.0,REG
2023020587,20232024,2,2024-01-03,2024-01-04T00:30:00Z,OFF,WSH,NJD,3.0,6.0,REG
2023020588,20232024,2,2024-01-03,2024-01-04T02:00:00Z,OFF,ANA,TOR,1.0,2.0,OT
2023020589,20232024,2,2024-01-04,2024-01-05T00:00:00Z,OFF,BOS,PIT,5.0,6.0,REG
2023020590,20232024,2,2024-01-04,2024-01-05T00:00:00Z,OFF,MTL,BUF,1.0,6.0,REG
2023020591,20232024,2,2024-01-04,2024-01-05T00:00:00Z,OFF,NYR,CHI,4.0,1.0,REG
2023020592,20232024,2,2024-01-04,2024-01-05T00:00:00Z,OFF,PHI,CBJ,2.0,3.0,SO
2023020593,20232024,2,2024-01-04,2024-01-05T01:00:00Z,OFF,DAL,COL,4.0,5.0,OT
2023020594,20232024,2,2024-01-04,2024-01-05T01:00:00Z,OFF,MIN,TBL,1.0,4.0,REG
2023020595,20232024,2,2024-01-04,2024-01-05T01:00:00Z,OFF,NSH,CGY,3.0,6.0,REG
2023020596,20232024,2,2024-01-04,2024-01-05T01:00:00Z,OFF,STL,VAN,2.0,1.0,REG
2023020597,20232024,2,2024-01-04,2024-01-05T02:00:00Z,OFF,ARI,NYI,1.0,5.0,REG
2023020598,20232024,2,2024-01-04,2024-01-05T03:00:00Z,OFF,SEA,OTT,4.0,1.0,REG
2023020599,20232024,2,2024-01-04,2024-01-05T03:00:00Z,OFF,VGK,FLA,1.0,4.0,REG
2023020600,20232024,2,2024-01-04,2024-01-05T03:30:00Z,OFF,LAK,DET,3.0,4.0,SO
2023020601,20232024,2,2024-01-04,2024-01-05T03:30:00Z,OFF,SJS,WPG,1.0,2.0,REG
2023020602,20232024,2,2024-01-05,2024-01-06T00:00:00Z,OFF,NJD,CHI,4.0,2.0,REG
2023020603,20232024,2,2024-01-05,2024-01-06T00:00:00Z,OFF,WSH,CAR,2.0,6.0,REG
2023020604,20232024,2,2024-01-05,2024-01-06T03:00:00Z,OFF,ANA,WPG,1.0,3.0,REG
2023020605,20232024,2,2024-01-06,2024-01-06T18:00:00Z,OFF,PHI,CGY,3.0,2.0,REG
2023020606,20232024,2,2024-01-06,2024-01-06T21:00:00Z,OFF,COL,FLA,4.0,8.0,REG
2023020607,20232024,2,2024-01-06,2024-01-07T00:00:00Z,OFF,BOS,TBL,7.0,3.0,REG
2023020609,20232024,2,2024-01-06,2024-01-07T00:00:00Z,OFF,CBJ,MIN,3.0,4.0,OT
2023020610,20232024,2,2024-01-06,2024-01-07T00:00:00Z,OFF,MTL,NYR,4.0,3.0,SO
2023020611,20232024,2,2024-01-06,2024-01-07T00:00:00Z,OFF,NJD,VAN,4.0,6.0,REG
2023020612,20232024,2,2024-01-06,2024-01-07T00:00:00Z,OFF,PIT,BUF,1.0,3.0,REG
2023020613,20232024,2,2024-01-06,2024-01-07T00:00:00Z,OFF,SJS,TOR,1.0,4.0,REG
2023020608,20232024,2,2024-01-06,2024-01-07T01:00:00Z,OFF,CAR,STL,1.0,2.0,SO
2023020614,20232024,2,2024-01-06,2024-01-07T01:00:00Z,OFF,DAL,NSH,3.0,4.0,REG
2023020615,20232024,2,2024-01-06,2024-01-07T03:00:00Z,OFF,EDM,OTT,3.0,1.0,REG
2023020616,20232024,2,2024-01-06,2024-01-07T03:00:00Z,OFF,VGK,NYI,5.0,2.0,REG
2023020617,20232024,2,2024-01-07,2024-01-07T20:00:00Z,OFF,CHI,CGY,4.0,3.0,REG
2023020618,20232024,2,2024-01-07,2024-01-07T20:00:00Z,OFF,WSH,LAK,4.0,3.0,REG
2023020619,20232024,2,2024-01-07,2024-01-08T00:00:00Z,OFF,ARI,WPG,2.0,6.0,REG
2023020620,20232024,2,2024-01-07,2024-01-08T01:00:00Z,OFF,ANA,DET,2.0,3.0,REG
2023020621,20232024,2,2024-01-08,2024-01-09T00:00:00Z,OFF,NYR,VAN,3.0,6.0,REG
2023020622,20232024,2,2024-01-08,2024-01-09T00:00:00Z,OFF,PHI,PIT,1.0,4.0,REG
2023020623,20232024,2,2024-01-08,2024-01-09T01:00:00Z,OFF,MIN,DAL,0.0,4.0,REG
2023020624,20232024,2,2024-01-08,2024-01-09T02:00:00Z,OFF,COL,BOS,4.0,3.0,SO
2023020625,20232024,2,2024-01-09,2024-01-10T00:00:00Z,OFF,BUF,SEA,2.0,5.0,REG
2023020626,20232024,2,2024-01-09,2024-01-10T00:00:00Z,OFF,TBL,LAK,3.0,2.0,OT
2023020627,20232024,2,2024-01-09,2024-01-10T00:00:00Z,OFF,TOR,SJS,7.0,1.0,REG
2023020628,20232024,2,2024-01-09,2024-01-10T00:30:00Z,OFF,NYI,VAN,2.0,5.0,REG
2023020629,20232024,2,2024-01-09,2024-01-10T01:00:00Z,OFF,NSH,ANA,3.0,5.0,REG
2023020630,20232024,2,2024-01-09,2024-01-10T01:00:00Z,OFF,STL,FLA,1.0,5.0,REG
2023020631,20232024,2,2024-01-09,2024-01-10T01:00:00Z,OFF,WPG,CBJ,5.0,0.0,REG
2023020632,20232024,2,2024-01-09,2024-01-10T01:30:00Z,OFF,CHI,EDM,1.0,2.0,REG
2023020633,20232024,2,2024-01-09,2024-01-10T02:00:00Z,OFF,ARI,BOS,4.0,3.0,OT
2023020634,20232024,2,2024-01-09,2024-01-10T02:00:00Z,OFF,CGY,OTT,6.0,3.0,REG
2023020635,20232024,2,2024-01-10,2024-01-11T00:00:00Z,OFF,PHI,MTL,3.0,2.0,SO
2023020636,20232024,2,2024-01-10,2024-01-11T00:30:00Z,OFF,DAL,MIN,7.0,2.0,REG
2023020637,20232024,2,2024-01-10,2024-01-11T03:00:00Z,OFF,COL,VGK,3.0,0.0,REG
2023020638,20232024,2,2024-01-11,2024-01-12T00:00:00Z,OFF,BUF,OTT,5.0,3.0,REG
2023020639,20232024,2,2024-01-11,2024-01-12T00:00:00Z,OFF,CAR,ANA,6.0,3.0,REG
2023020640,20232024,2,2024-01-11,2024-01-12T00:00:00Z,OFF,DET,EDM,2.0,3.0,OT
2023020641,20232024,2,2024-01-11,2024-01-12T00:00:00Z,OFF,FLA,LAK,3.0,2.0,OT
2023020642,20232024,2,2024-01-11,2024-01-12T00:00:00Z,OFF,MTL,SJS,2.0,3.0,REG
2023020643,20232024,2,2024-01-11,2024-01-12T00:00:00Z,OFF,PIT,VAN,3.0,4.0,OT
2023020644,20232024,2,2024-01-11,2024-01-12T00:00:00Z,OFF,TBL,NJD,4.0,3.0,OT
2023020645,20232024,2,2024-01-11,2024-01-12T00:00:00Z,OFF,WSH,SEA,1.0,4.0,REG
2023020646,20232024,2,2024-01-11,2024-01-12T00:00:00Z,OFF,NYI,TOR,4.0,3.0,OT
2023020647,20232024,2,2024-01-11,2024-01-12T01:00:00Z,OFF,STL,NYR,5.0,2.0,REG
2023020648,20232024,2,2024-01-11,2024-01-12T01:00:00Z,OFF,WPG,CHI,2.0,1.0,REG
2023020649,20232024,2,2024-01-11,2024-01-12T02:00:00Z,OFF,ARI,CGY,2.0,6.0,REG
2023020650,20232024,2,2024-01-11,2024-01-12T03:00:00Z,OFF,VGK,BOS,2.0,1.0,OT
2023020651,20232024,2,2024-01-12,2024-01-13T01:00:00Z,OFF,DAL,NSH,3.0,6.0,REG
2023020652,20232024,2,2024-01-12,2024-01-13T01:00:00Z,OFF,MIN,PHI,3.0,4.0,OT
2023020653,20232024,2,2024-01-13,2024-01-13T18:00:00Z,OFF,WSH,NYR,3.0,2.0,REG
2023020654,20232024,2,2024-01-13,2024-01-13T21:00:00Z,OFF,BUF,VAN,0.0,1.0,REG
2023020655,20232024,2,2024-01-13,2024-01-13T21:00:00Z,OFF,OTT,SJS,5.0,4.0,REG
2023020656,20232024,2,2024-01-13,2024-01-13T23:00:00Z,OFF,FLA,NJD,1.0,4.0,REG
2023020657,20232024,2,2024-01-13,2024-01-14T00:00:00Z,OFF,CAR,PIT,3.0,2.0,OT
2023020658,20232024,2,2024-01-13,2024-01-14T00:00:00Z,OFF,CBJ,SEA,4.0,7.0,REG
2023020659,20232024,2,2024-01-13,2024-01-14T00:00:00Z,OFF,DET,LAK,5.0,3.0,REG
2023020660,20232024,2,2024-01-13,2024-01-14T00:00:00Z,OFF,MTL,EDM,1.0,2.0,OT
2023020661,20232024,2,2024-01-13,2024-01-14T00:00:00Z,OFF,TBL,ANA,5.0,1.0,REG
2023020662,20232024,2,2024-01-13,2024-01-14T00:00:00Z,OFF,TOR,COL,3.0,5.0,REG
2023020663,20232024,2,2024-01-13,2024-01-14T00:00:00Z,OFF,WPG,PHI,0.0,2.0,REG
2023020664,20232024,2,2024-01-13,2024-01-14T01:00:00Z,OFF,CHI,DAL,1.0,3.0,REG
2023020665,20232024,2,2024-01-13,2024-01-14T01:00:00Z,OFF,MIN,ARI,0.0,6.0,REG
2023020666,20232024,2,2024-01-13,2024-01-14T01:00:00Z,OFF,NSH,NYI,3.0,1.0,REG
2023020667,20232024,2,2024-01-13,2024-01-14T01:00:00Z,OFF,STL,BOS,3.0,4.0,OT
2023020668,20232024,2,2024-01-13,2024-01-14T03:00:00Z,OFF,VGK,CGY,1.0,3.0,REG
2023020669,20232024,2,2024-01-14,2024-01-14T18:00:00Z,OFF,NYR,WSH,2.0,1.0,REG
2023020670,20232024,2,2024-01-14,2024-01-15T00:30:00Z,OFF,TOR,DET,2.0,4.0,REG
2023020672,20232024,2,2024-01-15,2024-01-15T17:00:00Z,OFF,BUF,SJS,3.0,0.0,REG
2023020671,20232024,2,2024-01-15,2024-01-15T18:00:00Z,OFF,BOS,NJD,3.0,0.0,REG
2023020673,20232024,2,2024-01-15,2024-01-15T18:00:00Z,OFF,CBJ,VAN,4.0,3.0,SO
2023020674,20232024,2,2024-01-15,2024-01-15T18:00:00Z,OFF,FLA,ANA,4.0,5.0,OT
2023020677,20232024,2,2024-01-15,2024-01-15T18:00:00Z,OFF,PIT,SEA,3.0,0.0,REG
2023020675,20232024,2,2024-01-15,2024-01-15T20:00:00Z,OFF,CAR,LAK,2.0,5.0,REG
2023020676,20232024,2,2024-01-15,2024-01-15T23:00:00Z,OFF,MIN,NYI,5.0,0.0,REG
2023020680,20232024,2,2024-01-15,2024-01-15T23:00:00Z,OFF,VGK,NSH,4.0,1.0,REG
2023020678,20232024,2,2024-01-15,2024-01-16T00:00:00Z,OFF,MTL,COL,4.0,3.0,REG
2023020679,20232024,2,2024-01-15,2024-01-16T01:00:00Z,OFF,STL,PHI,2.0,4.0,REG
2023020681,20232024,2,2024-01-16,2024-01-17T00:00:00Z,OFF,NYR,SEA,5.0,2.0,REG
2023020682,20232024,2,2024-01-16,2024-01-17T00:00:00Z,OFF,OTT,COL,4.0,7.0,REG
2023020683,20232024,2,2024-01-16,2024-01-17T00:00:00Z,OFF,WSH,ANA,2.0,0.0,REG
2023020684,20232024,2,2024-01-16,2024-01-17T01:00:00Z,OFF,DAL,LAK,5.0,1.0,REG
2023020685,20232024,2,2024-01-16,2024-01-17T01:00:00Z,OFF,WPG,NYI,4.0,2.0,REG
2023020686,20232024,2,2024-01-16,2024-01-17T01:30:00Z,OFF,CHI,SJS,2.0,1.0,SO
2023020687,20232024,2,2024-01-16,2024-01-17T02:00:00Z,OFF,CGY,ARI,3.0,2.0,OT
2023020688,20232024,2,2024-01-16,2024-01-17T02:00:00Z,OFF,EDM,TOR,4.0,2.0,REG
2023020689,20232024,2,2024-01-17,2024-01-18T00:00:00Z,OFF,FLA,DET,2.0,3.0,OT
2023020690,20232024,2,2024-01-17,2024-01-18T00:00:00Z,OFF,NJD,MTL,2.0,3.0,REG
2023020691,20232024,2,2024-01-18,2024-01-19T00:00:00Z,OFF,BUF,CHI,3.0,0.0,REG
2023020692,20232024,2,2024-01-18,2024-01-19T00:00:00Z,OFF,BOS,COL,5.0,2.0,REG
2023020693,20232024,2,2024-01-18,2024-01-19T00:00:00Z,OFF,OTT,MTL,6.0,2.0,REG
2023020694,20232024,2,2024-01-18,2024-01-19T00:00:00Z,OFF,PHI,DAL,5.0,1.0,REG
2023020695,20232024,2,2024-01-18,2024-01-19T00:00:00Z,OFF,TBL,MIN,7.0,3.0,REG
2023020696,20232024,2,2024-01-18,2024-01-19T00:00:00Z,OFF,WSH,STL,5.0,2.0,REG
2023020697,20232024,2,2024-01-18,2024-01-19T02:00:00Z,OFF,CGY,TOR,3.0,4.0,REG
2023020698,20232024,2,2024-01-18,2024-01-19T02:00:00Z,OFF,EDM,SEA,4.0,2.0,REG
2023020699,20232024,2,2024-01-18,2024-01-19T03:00:00Z,OFF,LAK,NSH,1.0,2.0,REG
2023020700,20232024,2,2024-01-18,2024-01-19T03:00:00Z,OFF,VAN,ARI,2.0,1.0,REG
2023020701,20232024,2,2024-01-18,2024-01-19T03:00:00Z,OFF,VGK,NYR,5.0,1.0,REG
2023020702,20232024,2,2024-01-19,2024-01-20T00:00:00Z,OFF,CAR,DET,4.0,2.0,REG
2023020703,20232024,2,2024-01-19,2024-01-20T00:00:00Z,OFF,CBJ,NJD,1.0,4.0,REG
2023020704,20232024,2,2024-01-19,2024-01-20T00:00:00Z,OFF,FLA,MIN,4.0,6.0,REG
2023020705,20232024,2,2024-01-19,2024-01-20T01:30:00Z,OFF,CHI,NYI,4.0,3.0,OT
2023020706,20232024,2,2024-01-20,2024-01-20T17:30:00Z,OFF,BUF,TBL,1.0,3.0,REG
2023020707,20232024,2,2024-01-20,2024-01-20T18:00:00Z,OFF,PHI,COL,4.0,7.0,REG
2023020708,20232024,2,2024-01-20,2024-01-20T20:00:00Z,OFF,ARI,NSH,3.0,2.0,REG
2023020709,20232024,2,2024-01-20,2024-01-20T20:00:00Z,OFF,OTT,WPG,1.0,2.0,OT
2023020710,20232024,2,2024-01-20,2024-01-21T00:00:00Z,OFF,BOS,MTL,9.0,4.0,REG
2023020711,20232024,2,2024-01-20,2024-01-21T00:00:00Z,OFF,NJD,DAL,2.0,6.0,REG
2023020712,20232024,2,2024-01-20,2024-01-21T00:00:00Z,OFF,VAN,TOR,6.0,4.0,REG
2023020713,20232024,2,2024-01-20,2024-01-21T01:00:00Z,OFF,STL,WSH,3.0,0.0,REG
2023020714,20232024,2,2024-01-20,2024-01-21T03:00:00Z,OFF,CGY,EDM,1.0,3.0,REG
2023020715,20232024,2,2024-01-20,2024-01-21T03:00:00Z,OFF,SJS,ANA,5.0,3.0,REG
2023020716,20232024,2,2024-01-20,2024-01-21T03:00:00Z,OFF,VGK,PIT,3.0,2.0,REG
2023020717,20232024,2,2024-01-20,2024-01-21T03:30:00Z,OFF,LAK,NYR,2.0,1.0,REG
2023020718,20232024,2,2024-01-21,2024-01-21T18:00:00Z,OFF,PHI,OTT,3.0,5.0,REG
2023020719,20232024,2,2024-01-21,2024-01-21T22:00:00Z,OFF,CAR,MIN,2.0,5.0,REG
2023020720,20232024,2,2024-01-21,2024-01-22T00:00:00Z,OFF,DET,TBL,2.0,1.0,REG
2023020721,20232024,2,2024-01-21,2024-01-22T00:30:00Z,OFF,NYI,DAL,3.0,2.0,OT
2023020722,20232024,2,2024-01-21,2024-01-22T01:30:00Z,OFF,ANA,NYR,2.0,5.0,REG
2023020723,20232024,2,2024-01-21,2024-01-22T02:00:00Z,OFF,SEA,TOR,1.0,3.0,REG
2023020724,20232024,2,2024-01-22,2024-01-23T00:00:00Z,OFF,BOS,WPG,4.0,1.0,REG
2023020725,20232024,2,2024-01-22,2024-01-23T00:00:00Z,OFF,NJD,VGK,6.0,5.0,OT
2023020726,20232024,2,2024-01-22,2024-01-23T01:00:00Z,OFF,NSH,FLA,1.0,4.0,REG
2023020727,20232024,2,2024-01-22,2024-01-23T02:00:00Z,OFF,ARI,PIT,5.0,2.0,REG
2023020728,20232024,2,2024-01-22,2024-01-23T03:00:00Z,OFF,VAN,CHI,2.0,0.0,REG
2023020729,20232024,2,2024-01-22,2024-01-23T03:30:00Z,OFF,LAK,SJS,3.0,4.0,SO
2023020730,20232024,2,2024-01-23,2024-01-24T00:00:00Z,OFF,DET,DAL,4.0,5.0,REG
2023020731,20232024,2,2024-01-23,2024-01-24T00:00:00Z,OFF,MTL,OTT,1.0,4.0,REG
2023020732,20232024,2,2024-01-23,2024-01-24T00:00:00Z,OFF,PHI,TBL,3.0,6.0,REG
2023020733,20232024,2,2024-01-23,2024-01-24T00:30:00Z,OFF,NYI,VGK,2.0,3.0,REG
2023020734,20232024,2,2024-01-23,2024-01-24T01:00:00Z,OFF,MIN,WSH,5.0,3.0,REG
2023020735,20232024,2,2024-01-23,2024-01-24T02:00:00Z,OFF,CGY,STL,3.0,4.0,REG
2023020736,20232024,2,2024-01-23,2024-01-24T02:00:00Z,OFF,EDM,CBJ,4.0,1.0,REG
2023020737,20232024,2,2024-01-23,2024-01-24T03:00:00Z,OFF,ANA,BUF,4.0,2.0,REG
2023020738,20232024,2,2024-01-23,2024-01-24T03:30:00Z,OFF,SJS,NYR,3.0,2.0,OT
2023020739,20232024,2,2024-01-24,2024-01-25T00:00:00Z,OFF,FLA,ARI,6.0,2.0,REG
2023020740,20232024,2,2024-01-24,2024-01-25T00:00:00Z,OFF,TOR,WPG,1.0,0.0,OT
2023020741,20232024,2,2024-01-24,2024-01-25T00:30:00Z,OFF,BOS,CAR,2.0,3.0,REG
2023020742,20232024,2,2024-01-24,2024-01-25T02:30:00Z,OFF,COL,WSH,6.0,2.0,REG
2023020743,20232024,2,2024-01-24,2024-01-25T03:00:00Z,OFF,SEA,CHI,6.0,2.0,REG
2023020744,20232024,2,2024-01-24,2024-01-25T03:00:00Z,OFF,VAN,STL,3.0,4.0,OT
2023020745,20232024,2,2024-01-24,2024-01-25T03:30:00Z,OFF,LAK,BUF,3.0,5.0,REG
2023020747,20232024,2,2024-01-25,2024-01-26T00:00:00Z,OFF,DET,PHI,3.0,0.0,REG
2023020748,20232024,2,2024-01-25,2024-01-26T00:00:00Z,OFF,MTL,NYI,4.0,3.0,REG
2023020749,20232024,2,2024-01-25,2024-01-26T00:00:00Z,OFF,OTT,BOS,2.0,3.0,OT
2023020750,20232024,2,2024-01-25,2024-01-26T00:00:00Z,OFF,TBL,ARI,6.0,3.0,REG
2023020746,20232024,2,2024-01-25,2024-01-26T00:30:00Z,OFF,CAR,NJD,3.0,2.0,REG
2023020751,20232024,2,2024-01-25,2024-01-26T01:00:00Z,OFF,DAL,ANA,4.0,3.0,OT
2023020752,20232024,2,2024-01-25,2024-01-26T01:00:00Z,OFF,MIN,NSH,2.0,3.0,REG
2023020753,20232024,2,2024-01-25,2024-01-26T02:00:00Z,OFF,CGY,CBJ,2.0,5.0,REG
2023020754,20232024,2,2024-01-25,2024-01-26T02:00:00Z,OFF,EDM,CHI,3.0,0.0,REG
2023020755,20232024,2,2024-01-26,2024-01-27T00:00:00Z,OFF,NYR,VGK,2.0,5.0,REG
2023020756,20232024,2,2024-01-26,2024-01-27T00:00:00Z,OFF,PIT,FLA,2.0,3.0,SO
2023020757,20232024,2,2024-01-26,2024-01-27T02:00:00Z,OFF,COL,LAK,5.0,1.0,REG
2023020758,20232024,2,2024-01-26,2024-01-27T03:00:00Z,OFF,SEA,STL,3.0,4.0,OT
2023020759,20232024,2,2024-01-27,2024-01-27T17:30:00Z,OFF,PHI,BOS,2.0,6.0,REG
2023020760,20232024,2,2024-01-27,2024-01-27T19:00:00Z,OFF,DAL,WSH,5.0,4.0,OT
2023020761,20232024,2,2024-01-27,2024-01-27T21:00:00Z,OFF,EDM,NSH,4.0,1.0,REG
2023020762,20232024,2,2024-01-27,2024-01-27T21:00:00Z,OFF,SJS,BUF,2.0,5.0,REG
2023020763,20232024,2,2024-01-27,2024-01-28T00:00:00Z,OFF,CAR,ARI,3.0,1.0,REG
2023020765,20232024,2,2024-01-27,2024-01-28T00:00:00Z,OFF,OTT,NYR,2.0,7.0,REG
2023020766,20232024,2,2024-01-27,2024-01-28T00:00:00Z,OFF,PIT,MTL,3.0,2.0,OT
2023020767,20232024,2,2024-01-27,2024-01-28T00:00:00Z,OFF,TBL,NJD,6.0,3.0,REG
2023020768,20232024,2,2024-01-27,2024-01-28T00:00:00Z,OFF,WPG,TOR,2.0,4.0,REG
2023020769,20232024,2,2024-01-27,2024-01-28T00:30:00Z,OFF,NYI,FLA,2.0,3.0,OT
2023020764,20232024,2,2024-01-27,2024-01-28T01:00:00Z,OFF,DET,VGK,5.0,2.0,REG
2023020770,20232024,2,2024-01-27,2024-01-28T02:00:00Z,OFF,MIN,ANA,2.0,3.0,REG
2023020771,20232024,2,2024-01-27,2024-01-28T03:00:00Z,OFF,CGY,CHI,1.0,0.0,REG
2023020772,20232024,2,2024-01-27,2024-01-28T03:00:00Z,OFF,VAN,CBJ,5.0,4.0,OT
2023020773,20232024,2,2024-01-28,2024-01-28T19:00:00Z,OFF,STL,LAK,4.0,3.0,OT
2023020774,20232024,2,2024-01-28,2024-01-29T02:00:00Z,OFF,SEA,CBJ,4.0,2.0,REG
2023020775,20232024,2,2024-01-29,2024-01-30T00:00:00Z,OFF,OTT,NSH,4.0,3.0,OT
2023020776,20232024,2,2024-01-30,2024-01-31T01:00:00Z,OFF,STL,CBJ,0.0,1.0,REG
2023020777,20232024,2,2024-01-30,2024-01-31T03:30:00Z,OFF,SJS,SEA,2.0,0.0,REG
2023020778,20232024,2,2024-01-31,2024-02-01T00:00:00Z,OFF,DET,OTT,2.0,3.0,OT
2023020779,20232024,2,2024-01-31,2024-02-01T00:30:00Z,OFF,NSH,LAK,2.0,4.0,REG
2023020780,20232024,2,2024-01-31,2024-02-01T03:30:00Z,OFF,ANA,SJS,3.0,2.0,OT
2023020781,20232024,2,2024-02-05,2024-02-06T00:00:00Z,OFF,NYR,COL,2.0,1.0,OT
2023020782,20232024,2,2024-02-05,2024-02-06T00:00:00Z,OFF,TOR,NYI,2.0,3.0,REG
2023020783,20232024,2,2024-02-06,2024-02-07T00:00:00Z,OFF,BOS,CGY,1.0,4.0,REG
2023020784,20232024,2,2024-02-06,2024-02-07T00:00:00Z,OFF,BUF,DAL,1.0,2.0,REG
2023020785,20232024,2,2024-02-06,2024-02-07T00:00:00Z,OFF,CAR,VAN,2.0,3.0,REG
2023020786,20232024,2,2024-02-06,2024-02-07T00:00:00Z,OFF,FLA,PHI,1.0,2.0,REG
2023020788,20232024,2,2024-02-06,2024-02-07T00:00:00Z,OFF,PIT,WPG,3.0,0.0,REG
2023020789,20232024,2,2024-02-06,2024-02-07T00:00:00Z,OFF,WSH,MTL,2.0,5.0,REG
2023020787,20232024,2,2024-02-06,2024-02-07T00:30:00Z,OFF,NJD,COL,5.0,3.0,REG
2023020790,20232024,2,2024-02-06,2024-02-07T03:00:00Z,OFF,VGK,EDM,3.0,1.0,REG
2023020791,20232024,2,2024-02-07,2024-02-08T00:00:00Z,OFF,NYR,TBL,3.0,1.0,REG
2023020792,20232024,2,2024-02-07,2024-02-08T00:00:00Z,OFF,TOR,DAL,5.0,4.0,REG
2023020793,20232024,2,2024-02-07,2024-02-08T02:30:00Z,OFF,CHI,MIN,1.0,2.0,REG
2023020794,20232024,2,2024-02-08,2024-02-09T00:00:00Z,OFF,BOS,VAN,4.0,0.0,REG
2023020795,20232024,2,2024-02-08,2024-02-09T00:00:00Z,OFF,FLA,WSH,4.0,2.0,REG
2023020796,20232024,2,2024-02-08,2024-02-09T00:00:00Z,OFF,NJD,CGY,3.0,5.0,REG
2023020797,20232024,2,2024-02-08,2024-02-09T00:00:00Z,OFF,PHI,WPG,4.0,1.0,REG
2023020799,20232024,2,2024-02-08,2024-02-09T00:00:00Z,OFF,CAR,COL,5.0,2.0,REG
2023020798,20232024,2,2024-02-08,2024-02-09T01:00:00Z,OFF,NYI,TBL,6.0,2.0,REG
2023020800,20232024,2,2024-02-08,2024-02-09T02:00:00Z,OFF,ARI,VGK,2.0,3.0,REG
2023020801,20232024,2,2024-02-09,2024-02-10T01:00:00Z,OFF,MIN,PIT,3.0,2.0,REG
2023020802,20232024,2,2024-02-09,2024-02-10T01:30:00Z,OFF,CHI,NYR,3.0,4.0,OT
2023020803,20232024,2,2024-02-09,2024-02-10T03:00:00Z,OFF,ANA,EDM,3.0,5.0,REG
2023020804,20232024,2,2024-02-10,2024-02-10T18:00:00Z,OFF,BUF,STL,1.0,3.0,REG
2023020805,20232024,2,2024-02-10,2024-02-10T18:00:00Z,OFF,DET,VAN,4.0,3.0,OT
2023020806,20232024,2,2024-02-10,2024-02-10T18:00:00Z,OFF,MTL,DAL,2.0,3.0,REG
2023020807,20232024,2,2024-02-10,2024-02-10T18:00:00Z,OFF,NYI,CGY,2.0,5.0,REG
2023020808,20232024,2,2024-02-10,2024-02-10T20:30:00Z,OFF,BOS,WSH,0.0,3.0,REG
2023020809,20232024,2,2024-02-10,2024-02-10T23:00:00Z,OFF,FLA,COL,4.0,0.0,REG
2023020810,20232024,2,2024-02-10,2024-02-11T00:00:00Z,OFF,CAR,NJD,1.0,0.0,OT
2023020811,20232024,2,2024-02-10,2024-02-11T00:00:00Z,OFF,CBJ,TBL,2.0,4.0,REG
2023020812,20232024,2,2024-02-10,2024-02-11T00:00:00Z,OFF,OTT,TOR,5.0,3.0,REG
2023020813,20232024,2,2024-02-10,2024-02-11T00:00:00Z,OFF,PHI,SEA,3.0,2.0,REG
2023020814,20232024,2,2024-02-10,2024-02-11T00:00:00Z,OFF,WPG,PIT,2.0,1.0,REG
2023020815,20232024,2,2024-02-10,2024-02-11T01:00:00Z,OFF,NSH,ARI,5.0,4.0,OT
2023020816,20232024,2,2024-02-10,2024-02-11T03:00:00Z,OFF,LAK,EDM,4.0,0.0,REG
2023020817,20232024,2,2024-02-11,2024-02-11T18:00:00Z,OFF,MTL,STL,2.0,7.0,REG
2023020818,20232024,2,2024-02-11,2024-02-11T18:30:00Z,OFF,WSH,VAN,2.0,3.0,OT
2023020819,20232024,2,2024-02-12,2024-02-13T00:00:00Z,OFF,NJD,SEA,3.0,1.0,REG
2023020820,20232024,2,2024-02-12,2024-02-13T00:00:00Z,OFF,NYR,CGY,2.0,0.0,REG
2023020821,20232024,2,2024-02-12,2024-02-13T00:00:00Z,OFF,PHI,ARI,5.0,3.0,REG
2023020822,20232024,2,2024-02-12,2024-02-13T03:00:00Z,OFF,VGK,MIN,3.0,5.0,REG
2023020823,20232024,2,2024-02-13,2024-02-14T00:00:00Z,OFF,BOS,TBL,2.0,3.0,SO
2023020824,20232024,2,2024-02-13,2024-02-14T00:00:00Z,OFF,BUF,LAK,7.0,0.0,REG
2023020825,20232024,2,2024-02-13,2024-02-14T00:00:00Z,OFF,MTL,ANA,5.0,0.0,REG
2023020826,20232024,2,2024-02-13,2024-02-14T00:00:00Z,OFF,OTT,CBJ,6.0,3.0,REG
2023020827,20232024,2,2024-02-13,2024-02-14T00:00:00Z,OFF,TOR,STL,4.0,1.0,REG
2023020828,20232024,2,2024-02-13,2024-02-14T00:00:00Z,OFF,WSH,COL,3.0,6.0,REG
2023020829,20232024,2,2024-02-13,2024-02-14T00:30:00Z,OFF,NYI,SEA,1.0,2.0,SO
2023020830,20232024,2,2024-02-13,2024-02-14T01:00:00Z,OFF,DAL,CAR,4.0,2.0,REG
2023020831,20232024,2,2024-02-13,2024-02-14T01:00:00Z,OFF,NSH,NJD,2.0,4.0,REG
2023020832,20232024,2,2024-02-13,2024-02-14T01:30:00Z,OFF,CHI,VAN,2.0,4.0,REG
2023020833,20232024,2,2024-02-13,2024-02-14T02:00:00Z,OFF,EDM,DET,8.0,4.0,REG
2023020834,20232024,2,2024-02-14,2024-02-15T00:30:00Z,OFF,PIT,FLA,2.0,5.0,REG
2023020835,20232024,2,2024-02-14,2024-02-15T00:30:00Z,OFF,WPG,SJS,1.0,0.0,REG
2023020836,20232024,2,2024-02-14,2024-02-15T02:30:00Z,OFF,ARI,MIN,1.0,3.0,REG
2023020837,20232024,2,2024-02-15,2024-02-16T00:00:00Z,OFF,BOS,SEA,1.0,4.0,REG
2023020838,20232024,2,2024-02-15,2024-02-16T00:00:00Z,OFF,BUF,FLA,0.0,4.0,REG
2023020839,20232024,2,2024-02-15,2024-02-16T00:00:00Z,OFF,NJD,LAK,1.0,2.0,REG
2023020840,20232024,2,2024-02-15,2024-02-16T00:00:00Z,OFF,NYR,MTL,7.0,4.0,REG
2023020841,20232024,2,2024-02-15,2024-02-16T00:00:00Z,OFF,OTT,ANA,1.0,5.0,REG
2023020842,20232024,2,2024-02-15,2024-02-16T00:00:00Z,OFF,TBL,COL,6.0,3.0,REG
2023020843,20232024,2,2024-02-15,2024-02-16T00:00:00Z,OFF,TOR,PHI,4.0,3.0,OT
2023020844,20232024,2,2024-02-15,2024-02-16T01:00:00Z,OFF,STL,EDM,6.0,3.0,REG
2023020847,20232024,2,2024-02-15,2024-02-16T01:00:00Z,OFF,NSH,DAL,2.0,9.0,REG
2023020845,20232024,2,2024-02-15,2024-02-16T01:30:00Z,OFF,CHI,PIT,1.0,4.0,REG
2023020846,20232024,2,2024-02-15,2024-02-16T02:00:00Z,OFF,CGY,SJS,3.0,6.0,REG
2023020848,20232024,2,2024-02-15,2024-02-16T03:00:00Z,OFF,VAN,DET,4.0,1.0,REG
2023020849,20232024,2,2024-02-16,2024-02-17T02:00:00Z,OFF,ARI,CAR,1.0,5.0,REG
2023020853,20232024,2,2024-02-17,2024-02-17T17:30:00Z,OFF,BOS,LAK,4.0,5.0,OT
2023020850,20232024,2,2024-02-17,2024-02-17T20:00:00Z,OFF,DAL,EDM,3.0,4.0,OT
2023020851,20232024,2,2024-02-17,2024-02-17T20:00:00Z,OFF,CHI,OTT,3.0,2.0,REG
2023020852,20232024,2,2024-02-17,2024-02-17T21:00:00Z,OFF,CGY,DET,0.0,5.0,REG
2023020854,20232024,2,2024-02-17,2024-02-17T22:00:00Z,OFF,MIN,BUF,2.0,3.0,OT
2023020855,20232024,2,2024-02-17,2024-02-17T22:00:00Z,OFF,STL,NSH,2.0,5.0,REG
2023020856,20232024,2,2024-02-17,2024-02-17T22:00:00Z,OFF,TBL,FLA,2.0,9.0,REG
2023020857,20232024,2,2024-02-17,2024-02-18T00:00:00Z,OFF,MTL,WSH,3.0,4.0,REG
2023020858,20232024,2,2024-02-17,2024-02-18T00:00:00Z,OFF,TOR,ANA,9.0,2.0,REG
2023020859,20232024,2,2024-02-17,2024-02-18T01:00:00Z,OFF,NJD,PHI,6.0,3.0,REG
2023020860,20232024,2,2024-02-17,2024-02-18T03:00:00Z,OFF,VAN,WPG,2.0,4.0,REG
2023020861,20232024,2,2024-02-17,2024-02-18T03:30:00Z,OFF,SJS,CBJ,3.0,4.0,REG
2023020862,20232024,2,2024-02-17,2024-02-18T03:30:00Z,OFF,VGK,CAR,1.0,3.0,REG
2023020863,20232024,2,2024-02-18,2024-02-18T20:00:00Z,OFF,NYI,NYR,5.0,6.0,OT
2023020864,20232024,2,2024-02-18,2024-02-18T23:00:00Z,OFF,COL,ARI,4.0,3.0,REG
2023020865,20232024,2,2024-02-18,2024-02-18T23:00:00Z,OFF,PIT,LAK,1.0,2.0,REG
2023020866,20232024,2,2024-02-19,2024-02-19T17:30:00Z,OFF,BUF,ANA,3.0,4.0,REG
2023020867,20232024,2,2024-02-19,2024-02-19T18:00:00Z,OFF,BOS,DAL,4.0,3.0,SO
2023020868,20232024,2,2024-02-19,2024-02-19T18:00:00Z,OFF,STL,TOR,2.0,4.0,REG
2023020869,20232024,2,2024-02-19,2024-02-19T19:00:00Z,OFF,MIN,VAN,10.0,7.0,REG
2023020870,20232024,2,2024-02-19,2024-02-19T20:30:00Z,OFF,SEA,DET,3.0,4.0,OT
2023020871,20232024,2,2024-02-19,2024-02-19T21:00:00Z,OFF,ARI,EDM,3.0,6.0,REG
2023020872,20232024,2,2024-02-19,2024-02-19T21:00:00Z,OFF,CGY,WPG,6.0,3.0,REG
2023020873,20232024,2,2024-02-19,2024-02-19T21:00:00Z,OFF,SJS,VGK,0.0,4.0,REG
2023020874,20232024,2,2024-02-19,2024-02-20T00:00:00Z,OFF,CAR,CHI,6.0,3.0,REG
2023020875,20232024,2,2024-02-19,2024-02-20T00:00:00Z,OFF,TBL,OTT,2.0,4.0,REG
2023020876,20232024,2,2024-02-20,2024-02-21T00:00:00Z,OFF,FLA,OTT,3.0,2.0,OT
2023020877,20232024,2,2024-02-20,2024-02-21T00:00:00Z,OFF,NYR,DAL,3.0,1.0,REG
2023020878,20232024,2,2024-02-20,2024-02-21T00:00:00Z,OFF,PIT,NYI,4.0,5.0,OT
2023020879,20232024,2,2024-02-20,2024-02-21T00:00:00Z,OFF,WSH,NJD,6.0,2.0,REG
2023020880,20232024,2,2024-02-20,2024-02-21T01:00:00Z,OFF,WPG,MIN,6.0,3.0,REG
2023020881,20232024,2,2024-02-20,2024-02-21T02:00:00Z,OFF,COL,VAN,3.0,1.0,REG
2023020882,20232024,2,2024-02-20,2024-02-21T03:00:00Z,OFF,VGK,NSH,3.0,5.0,REG
2023020883,20232024,2,2024-02-20,2024-02-21T03:30:00Z,OFF,LAK,CBJ,5.0,1.0,REG
2023020884,20232024,2,2024-02-21,2024-02-22T00:00:00Z,OFF,MTL,BUF,2.0,3.0,REG
2023020885,20232024,2,2024-02-21,2024-02-22T00:30:00Z,OFF,CHI,PHI,1.0,3.0,REG
2023020886,20232024,2,2024-02-21,2024-02-22T03:00:00Z,OFF,ANA,CBJ,4.0,7.0,REG
2023020887,20232024,2,2024-02-21,2024-02-22T03:00:00Z,OFF,ARI,TOR,3.0,6.0,REG
2023020888,20232024,2,2024-02-21,2024-02-22T03:00:00Z,OFF,EDM,BOS,5.0,6.0,OT
2023020889,20232024,2,2024-02-22,2024-02-23T00:00:00Z,OFF,CAR,FLA,1.0,0.0,REG
2023020890,20232024,2,2024-02-22,2024-02-23T00:00:00Z,OFF,DET,COL,2.0,1.0,OT
2023020891,20232024,2,2024-02-22,2024-02-23T00:00:00Z,OFF,NJD,NYR,1.0,5.0,REG
2023020892,20232024,2,2024-02-22,2024-02-23T00:00:00Z,OFF,OTT,DAL,4.0,1.0,REG
2023020893,20232024,2,2024-02-22,2024-02-23T00:00:00Z,OFF,PIT,MTL,4.0,1.0,REG
2023020894,20232024,2,2024-02-22,2024-02-23T00:00:00Z,OFF,TBL,WSH,3.0,5.0,REG
2023020895,20232024,2,2024-02-22,2024-02-23T01:00:00Z,OFF,STL,NYI,4.0,0.0,REG
2023020896,20232024,2,2024-02-22,2024-02-23T02:00:00Z,OFF,CGY,BOS,3.0,2.0,OT
2023020897,20232024,2,2024-02-22,2024-02-23T03:00:00Z,OFF,SEA,VAN,5.0,2.0,REG
2023020898,20232024,2,2024-02-22,2024-02-23T03:00:00Z,OFF,VGK,TOR,3.0,7.0,REG
2023020899,20232024,2,2024-02-22,2024-02-23T03:30:00Z,OFF,LAK,NSH,1.0,4.0,REG
2023020900,20232024,2,2024-02-23,2024-02-24T00:00:00Z,OFF,CBJ,BUF,1.0,2.0,REG
2023020901,20232024,2,2024-02-23,2024-02-24T01:30:00Z,OFF,CHI,WPG,2.0,3.0,OT
2023020902,20232024,2,2024-02-23,2024-02-24T02:00:00Z,OFF,EDM,MIN,2.0,4.0,REG
2023020909,20232024,2,2024-02-24,2024-02-24T17:00:00Z,OFF,DET,STL,6.0,1.0,REG
2023020903,20232024,2,2024-02-24,2024-02-24T19:00:00Z,OFF,NJD,MTL,4.0,3.0,REG
2023020904,20232024,2,2024-02-24,2024-02-24T19:00:00Z,OFF,NYI,TBL,2.0,4.0,REG
2023020905,20232024,2,2024-02-24,2024-02-24T20:00:00Z,OFF,PHI,NYR,1.0,2.0,REG
2023020906,20232024,2,2024-02-24,2024-02-24T23:00:00Z,OFF,FLA,WSH,3.0,2.0,OT
2023020908,20232024,2,2024-02-24,2024-02-25T00:00:00Z,OFF,COL,TOR,3.0,4.0,REG
2023020910,20232024,2,2024-02-24,2024-02-25T00:00:00Z,OFF,OTT,VGK,4.0,3.0,SO
2023020911,20232024,2,2024-02-24,2024-02-25T00:00:00Z,OFF,VAN,BOS,3.0,2.0,OT
2023020907,20232024,2,2024-02-24,2024-02-25T01:00:00Z,OFF,CAR,DAL,1.0,2.0,REG
2023020912,20232024,2,2024-02-24,2024-02-25T03:00:00Z,OFF,EDM,CGY,3.0,6.0,REG
2023020913,20232024,2,2024-02-24,2024-02-25T03:00:00Z,OFF,SEA,MIN,2.0,5.0,REG
2023020914,20232024,2,2024-02-24,2024-02-25T03:00:00Z,OFF,SJS,NSH,2.0,4.0,REG
2023020915,20232024,2,2024-02-24,2024-02-25T03:30:00Z,OFF,LAK,ANA,3.0,2.0,SO
2023020916,20232024,2,2024-02-25,2024-02-25T18:00:00Z,OFF,NJD,TBL,1.0,4.0,REG
2023020917,20232024,2,2024-02-25,2024-02-25T20:30:00Z,OFF,PIT,PHI,7.0,6.0,REG
2023020918,20232024,2,2024-02-25,2024-02-25T23:00:00Z,OFF,BUF,CAR,3.0,2.0,SO
2023020919,20232024,2,2024-02-25,2024-02-25T23:00:00Z,OFF,CBJ,NYR,4.0,2.0,REG
2023020920,20232024,2,2024-02-25,2024-02-25T23:00:00Z,OFF,CHI,DET,2.0,3.0,OT
2023020921,20232024,2,2024-02-25,2024-02-25T23:00:00Z,OFF,WPG,ARI,4.0,3.0,OT
2023020922,20232024,2,2024-02-25,2024-02-26T01:00:00Z,OFF,ANA,NSH,2.0,4.0,REG
2023020923,20232024,2,2024-02-26,2024-02-27T00:00:00Z,OFF,WSH,OTT,6.0,3.0,REG
2023020924,20232024,2,2024-02-26,2024-02-27T01:00:00Z,OFF,DAL,NYI,2.0,3.0,OT
2023020925,20232024,2,2024-02-26,2024-02-27T02:30:00Z,OFF,EDM,LAK,4.0,2.0,REG
2023020926,20232024,2,2024-02-26,2024-02-27T03:00:00Z,OFF,SEA,BOS,4.0,3.0,SO
2023020927,20232024,2,2024-02-27,2024-02-28T00:00:00Z,OFF,DET,WSH,8.0,3.0,REG
2023020928,20232024,2,2024-02-27,2024-02-28T00:00:00Z,OFF,FLA,BUF,3.0,2.0,REG
2023020929,20232024,2,2024-02-27,2024-02-28T00:00:00Z,OFF,MTL,ARI,4.0,2.0,REG
2023020930,20232024,2,2024-02-27,2024-02-28T00:00:00Z,OFF,PHI,TBL,6.0,2.0,REG
2023020931,20232024,2,2024-02-27,2024-02-28T00:00:00Z,OFF,TOR,VGK,2.0,6.0,REG
2023020932,20232024,2,2024-02-27,2024-02-28T01:00:00Z,OFF,MIN,CAR,2.0,3.0,REG
2023020933,20232024,2,2024-02-27,2024-02-28T01:00:00Z,OFF,NSH,OTT,4.0,1.0,REG
2023020934,20232024,2,2024-02-27,2024-02-28T01:00:00Z,OFF,WPG,STL,4.0,2.0,REG
2023020935,20232024,2,2024-02-27,2024-02-28T02:00:00Z,OFF,CGY,LAK,4.0,2.0,REG
2023020936,20232024,2,2024-02-27,2024-02-28T02:30:00Z,OFF,COL,DAL,5.0,1.0,REG
2023020937,20232024,2,2024-02-27,2024-02-28T03:00:00Z,OFF,VAN,PIT,3.0,4.0,OT
2023020938,20232024,2,2024-02-27,2024-02-28T03:30:00Z,OFF,SJS,NJD,2.0,7.0,REG
2023020939,20232024,2,2024-02-28,2024-02-29T00:00:00Z,OFF,NYR,CBJ,4.0,1.0,REG
2023020940,20232024,2,2024-02-28,2024-02-29T01:30:00Z,OFF,EDM,STL,3.0,2.0,OT
2023020941,20232024,2,2024-02-29,2024-03-01T00:00:00Z,OFF,BOS,VGK,5.0,4.0,REG
2023020942,20232024,2,2024-02-29,2024-03-01T00:00:00Z,OFF,CBJ,CAR,2.0,4.0,REG
2023020943,20232024,2,2024-02-29,2024-03-01T00:00:00Z,OFF,DET,NYI,3.0,5.0,REG
2023020944,20232024,2,2024-02-29,2024-03-01T00:00:00Z,OFF,FLA,MTL,4.0,3.0,SO
2023020945,20232024,2,2024-02-29,2024-03-01T00:00:00Z,OFF,TBL,BUF,2.0,3.0,OT
2023020946,20232024,2,2024-02-29,2024-03-01T00:00:00Z,OFF,TOR,ARI,4.0,2.0,REG
2023020947,20232024,2,2024-02-29,2024-03-01T01:00:00Z,OFF,DAL,WPG,4.0,1.0,REG
2023020948,20232024,2,2024-02-29,2024-03-01T01:00:00Z,OFF,NSH,MIN,6.0,1.0,REG
2023020949,20232024,2,2024-02-29,2024-03-01T02:00:00Z,OFF,CHI,COL,0.0,5.0,REG
2023020950,20232024,2,2024-02-29,2024-03-01T03:00:00Z,OFF,SEA,PIT,2.0,0.0,REG
2023020951,20232024,2,2024-02-29,2024-03-01T03:00:00Z,OFF,VAN,LAK,1.0,5.0,REG
2023020952,20232024,2,2024-02-29,2024-03-01T03:30:00Z,OFF,SJS,ANA,4.0,6.0,REG
2023020953,20232024,2,2024-03-01,2024-03-02T00:00:00Z,OFF,OTT,ARI,3.0,5.0,REG
2023020954,20232024,2,2024-03-01,2024-03-02T00:00:00Z,OFF,WSH,PHI,5.0,2.0,REG
2023020955,20232024,2,2024-03-01,2024-03-02T03:00:00Z,OFF,ANA,NJD,4.0,3.0,REG
2023020956,20232024,2,2024-03-02,2024-03-02T17:30:00Z,OFF,CAR,WPG,3.0,5.0,REG
2023020961,20232024,2,2024-03-02,2024-03-02T20:00:00Z,OFF,DET,FLA,0.0,4.0,REG
2023020958,20232024,2,2024-03-02,2024-03-02T21:00:00Z,OFF,SEA,EDM,1.0,2.0,REG
2023020959,20232024,2,2024-03-02,2024-03-02T23:00:00Z,OFF,NSH,COL,5.0,1.0,REG
2023020967,20232024,2,2024-03-02,2024-03-02T23:00:00Z,OFF,STL,MIN,3.0,1.0,REG
2023020960,20232024,2,2024-03-02,2024-03-03T00:00:00Z,OFF,BUF,VGK,7.0,2.0,REG
2023020962,20232024,2,2024-03-02,2024-03-03T00:00:00Z,OFF,PHI,OTT,4.0,2.0,REG
2023020963,20232024,2,2024-03-02,2024-03-03T00:00:00Z,OFF,TBL,MTL,4.0,3.0,SO
2023020964,20232024,2,2024-03-02,2024-03-03T00:00:00Z,OFF,TOR,NYR,4.0,3.0,SO
2023020957,20232024,2,2024-03-02,2024-03-03T00:30:00Z,OFF,NYI,BOS,5.0,1.0,REG
2023020965,20232024,2,2024-03-02,2024-03-03T01:00:00Z,OFF,CHI,CBJ,2.0,5.0,REG
2023020966,20232024,2,2024-03-02,2024-03-03T01:00:00Z,OFF,DAL,SJS,3.0,2.0,SO
2023020968,20232024,2,2024-03-02,2024-03-03T03:00:00Z,OFF,CGY,PIT,4.0,3.0,REG
2023020969,20232024,2,2024-03-03,2024-03-03T18:00:00Z,OFF,WSH,ARI,2.0,5.0,REG
2023020970,20232024,2,2024-03-03,2024-03-03T20:30:00Z,OFF,LAK,NJD,5.0,1.0,REG
2023020971,20232024,2,2024-03-03,2024-03-04T00:00:00Z,OFF,BUF,WPG,2.0,5.0,REG
2023020972,20232024,2,2024-03-03,2024-03-04T00:00:00Z,OFF,MIN,SJS,4.0,3.0,REG
2023020973,20232024,2,2024-03-03,2024-03-04T01:00:00Z,OFF,ANA,VAN,1.0,2.0,REG
2023020974,20232024,2,2024-03-03,2024-03-04T02:00:00Z,OFF,EDM,PIT,6.0,1.0,REG
2023020975,20232024,2,2024-03-04,2024-03-05T00:00:00Z,OFF,CBJ,VGK,6.0,3.0,REG
2023020976,20232024,2,2024-03-04,2024-03-05T00:00:00Z,OFF,NYR,FLA,2.0,4.0,REG
2023020977,20232024,2,2024-03-04,2024-03-05T00:00:00Z,OFF,PHI,STL,1.0,2.0,SO
2023020978,20232024,2,2024-03-04,2024-03-05T00:00:00Z,OFF,TOR,BOS,1.0,4.0,REG
2023020979,20232024,2,2024-03-04,2024-03-05T02:00:00Z,OFF,COL,CHI,5.0,0.0,REG
2023020980,20232024,2,2024-03-04,2024-03-05T02:30:00Z,OFF,CGY,SEA,2.0,4.0,REG
2023020982,20232024,2,2024-03-05,2024-03-06T00:00:00Z,OFF,NJD,FLA,3.0,5.0,REG
2023020983,20232024,2,2024-03-05,2024-03-06T00:00:00Z,OFF,PIT,CBJ,5.0,3.0,REG
2023020981,20232024,2,2024-03-05,2024-03-06T00:30:00Z,OFF,BOS,EDM,1.0,2.0,OT
2023020984,20232024,2,2024-03-05,2024-03-06T00:30:00Z,OFF,NYI,STL,4.0,2.0,REG
2023020985,20232024,2,2024-03-05,2024-03-06T01:00:00Z,OFF,NSH,MTL,3.0,4.0,OT
2023020986,20232024,2,2024-03-05,2024-03-06T01:00:00Z,OFF,WPG,SEA,3.0,4.0,REG
2023020987,20232024,2,2024-03-05,2024-03-06T02:00:00Z,OFF,ARI,CHI,2.0,5.0,REG
2023020988,20232024,2,2024-03-05,2024-03-06T03:30:00Z,OFF,LAK,VAN,1.0,2.0,OT
2023020989,20232024,2,2024-03-05,2024-03-06T03:30:00Z,OFF,SJS,DAL,6.0,7.0,OT
2023020990,20232024,2,2024-03-06,2024-03-07T00:00:00Z,OFF,TOR,BUF,2.0,1.0,OT
2023020991,20232024,2,2024-03-06,2024-03-07T02:30:00Z,OFF,COL,DET,7.0,2.0,REG
2023020992,20232024,2,2024-03-06,2024-03-07T03:00:00Z,OFF,ANA,OTT,2.0,1.0,REG
2023020993,20232024,2,2024-03-07,2024-03-08T00:00:00Z,OFF,BOS,TOR,4.0,1.0,REG
2023020994,20232024,2,2024-03-07,2024-03-08T00:00:00Z,OFF,CAR,MTL,4.0,1.0,REG
2023020995,20232024,2,2024-03-07,2024-03-08T00:00:00Z,OFF,CBJ,EDM,4.0,2.0,REG
2023020996,20232024,2,2024-03-07,2024-03-08T00:00:00Z,OFF,FLA,PHI,1.0,2.0,REG
2023020997,20232024,2,2024-03-07,2024-03-08T00:00:00Z,OFF,NJD,STL,4.0,1.0,REG
2023020998,20232024,2,2024-03-07,2024-03-08T00:00:00Z,OFF,PIT,WSH,0.0,6.0,REG
2023020999,20232024,2,2024-03-07,2024-03-08T00:00:00Z,OFF,TBL,CGY,3.0,6.0,REG
2023021000,20232024,2,2024-03-07,2024-03-08T01:00:00Z,OFF,NSH,BUF,4.0,2.0,REG
2023021001,20232024,2,2024-03-07,2024-03-08T02:00:00Z,OFF,ARI,MIN,2.0,5.0,REG
2023021002,20232024,2,2024-03-07,2024-03-08T03:00:00Z,OFF,VGK,VAN,1.0,3.0,REG
2023021003,20232024,2,2024-03-07,2024-03-08T03:30:00Z,OFF,LAK,OTT,4.0,3.0,OT
2023021004,20232024,2,2024-03-07,2024-03-08T03:30:00Z,OFF,SJS,NYI,2.0,7.0,REG
2023021005,20232024,2,2024-03-08,2024-03-09T02:00:00Z,OFF,ARI,DET,4.0,0.0,REG
2023021006,20232024,2,2024-03-08,2024-03-09T02:00:00Z,OFF,COL,MIN,2.0,1.0,OT
2023021007,20232024,2,2024-03-08,2024-03-09T03:00:00Z,OFF,ANA,DAL,2.0,6.0,REG
2023021008,20232024,2,2024-03-08,2024-03-09T03:00:00Z,OFF,SEA,WPG,0.0,3.0,REG
2023021009,20232024,2,2024-03-09,2024-03-09T17:30:00Z,OFF,BUF,EDM,3.0,2.0,SO
2023021010,20232024,2,2024-03-09,2024-03-09T17:30:00Z,OFF,CBJ,NSH,1.0,2.0,REG
2023021011,20232024,2,2024-03-09,2024-03-09T17:30:00Z,OFF,NJD,CAR,2.0,4.0,REG
2023021012,20232024,2,2024-03-09,2024-03-09T20:00:00Z,OFF,BOS,PIT,5.0,1.0,REG
2023021013,20232024,2,2024-03-09,2024-03-09T21:00:00Z,OFF,FLA,CGY,5.0,1.0,REG
2023021014,20232024,2,2024-03-09,2024-03-10T00:00:00Z,OFF,MTL,TOR,2.0,3.0,REG
2023021015,20232024,2,2024-03-09,2024-03-10T00:00:00Z,OFF,SJS,OTT,2.0,1.0,REG
2023021016,20232024,2,2024-03-09,2024-03-10T00:00:00Z,OFF,TBL,PHI,7.0,0.0,REG
2023021017,20232024,2,2024-03-09,2024-03-10T00:00:00Z,OFF,WSH,CHI,4.0,1.0,REG
2023021018,20232024,2,2024-03-09,2024-03-10T00:30:00Z,OFF,NYR,STL,4.0,0.0,REG
2023021019,20232024,2,2024-03-09,2024-03-10T03:00:00Z,OFF,VAN,WPG,5.0,0.0,REG
2023021020,20232024,2,2024-03-09,2024-03-10T03:00:00Z,OFF,VGK,DET,5.0,3.0,REG
2023021021,20232024,2,2024-03-09,2024-03-10T03:30:00Z,OFF,LAK,DAL,1.0,4.0,REG
2023021022,20232024,2,2024-03-10,2024-03-10T17:00:00Z,OFF,PIT,EDM,0.0,4.0,REG
2023021023,20232024,2,2024-03-10,2024-03-10T19:30:00Z,OFF,MIN,NSH,4.0,3.0,OT
2023021024,20232024,2,2024-03-10,2024-03-10T21:00:00Z,OFF,CAR,CGY,7.0,2.0,REG
2023021025,20232024,2,2024-03-10,2024-03-10T22:00:00Z,OFF,CHI,ARI,7.0,4.0,REG
2023021026,20232024,2,2024-03-10,2024-03-11T00:00:00Z,OFF,ANA,NYI,1.0,6.0,REG
2023021027,20232024,2,2024-03-11,2024-03-11T23:00:00Z,OFF,BOS,STL,1.0,5.0,REG
2023021028,20232024,2,2024-03-11,2024-03-11T23:00:00Z,OFF,NYR,NJD,3.0,1.0,REG
2023021029,20232024,2,2024-03-11,2024-03-11T23:30:00Z,OFF,WPG,WSH,3.0,0.0,REG
2023021030,20232024,2,2024-03-11,2024-03-12T02:30:00Z,OFF,LAK,NYI,3.0,0.0,REG
2023021031,20232024,2,2024-03-12,2024-03-12T23:00:00Z,OFF,BUF,DET,7.0,3.0,REG
2023021032,20232024,2,2024-03-12,2024-03-12T23:00:00Z,OFF,CAR,NYR,0.0,1.0,REG
2023021033,20232024,2,2024-03-12,2024-03-12T23:00:00Z,OFF,MTL,CBJ,3.0,0.0,REG
2023021034,20232024,2,2024-03-12,2024-03-12T23:00:00Z,OFF,OTT,PIT,2.0,1.0,OT
2023021035,20232024,2,2024-03-12,2024-03-12T23:00:00Z,OFF,PHI,SJS,3.0,2.0,REG
2023021036,20232024,2,2024-03-12,2024-03-13T00:00:00Z,OFF,DAL,FLA,3.0,4.0,REG
2023021037,20232024,2,2024-03-12,2024-03-13T00:00:00Z,OFF,MIN,ARI,4.0,1.0,REG
2023021038,20232024,2,2024-03-12,2024-03-13T00:30:00Z,OFF,CHI,ANA,7.0,2.0,REG
2023021039,20232024,2,2024-03-12,2024-03-13T01:00:00Z,OFF,CGY,COL,2.0,6.0,REG
2023021040,20232024,2,2024-03-12,2024-03-13T02:00:00Z,OFF,SEA,VGK,4.0,5.0,OT
2023021041,20232024,2,2024-03-13,2024-03-13T23:30:00Z,OFF,STL,LAK,3.0,1.0,REG
2023021042,20232024,2,2024-03-13,2024-03-13T23:30:00Z,OFF,WPG,NSH,2.0,4.0,REG
2023021043,20232024,2,2024-03-13,2024-03-14T02:00:00Z,OFF,EDM,WSH,7.0,2.0,REG
2023021044,20232024,2,2024-03-13,2024-03-14T02:30:00Z,OFF,VAN,COL,3.0,4.0,OT
2023021045,20232024,2,2024-03-14,2024-03-14T23:00:00Z,OFF,BUF,NYI,4.0,0.0,REG
2023021046,20232024,2,2024-03-14,2024-03-14T23:00:00Z,OFF,CAR,FLA,4.0,0.0,REG
2023021047,20232024,2,2024-03-14,2024-03-14T23:00:00Z,OFF,CBJ,OTT,2.0,3.0,SO
2023021048,20232024,2,2024-03-14,2024-03-14T23:00:00Z,OFF,DET,ARI,1.0,4.0,REG
2023021049,20232024,2,2024-03-14,2024-03-14T23:00:00Z,OFF,MTL,BOS,1.0,2.0,OT
2023021051,20232024,2,2024-03-14,2024-03-14T23:00:00Z,OFF,PIT,SJS,6.0,3.0,REG
2023021052,20232024,2,2024-03-14,2024-03-14T23:00:00Z,OFF,TBL,NYR,6.0,3.0,REG
2023021050,20232024,2,2024-03-14,2024-03-14T23:30:00Z,OFF,PHI,TOR,2.0,6.0,REG
2023021053,20232024,2,2024-03-14,2024-03-15T00:00:00Z,OFF,DAL,NJD,2.0,6.0,REG
2023021054,20232024,2,2024-03-14,2024-03-15T00:00:00Z,OFF,MIN,ANA,2.0,0.0,REG
2023021055,20232024,2,2024-03-14,2024-03-15T01:00:00Z,OFF,CGY,VGK,4.0,1.0,REG
2023021056,20232024,2,2024-03-14,2024-03-15T02:00:00Z,OFF,SEA,WSH,1.0,2.0,REG
2023021057,20232024,2,2024-03-15,2024-03-16T00:00:00Z,OFF,WPG,ANA,6.0,0.0,REG
2023021058,20232024,2,2024-03-15,2024-03-16T00:30:00Z,OFF,CHI,LAK,0.0,5.0,REG
2023021059,20232024,2,2024-03-16,2024-03-16T16:30:00Z,OFF,DET,BUF,4.0,1.0,REG
2023021060,20232024,2,2024-03-16,2024-03-16T16:30:00Z,OFF,NYI,OTT,3.0,4.0,OT
2023021061,20232024,2,2024-03-16,2024-03-16T19:00:00Z,OFF,PIT,NYR,4.0,7.0,REG
2023021062,20232024,2,2024-03-16,2024-03-16T21:00:00Z,OFF,ARI,NJD,4.0,1.0,REG
2023021063,20232024,2,2024-03-16,2024-03-16T22:00:00Z,OFF,FLA,TBL,3.0,5.0,REG
2023021064,20232024,2,2024-03-16,2024-03-16T23:00:00Z,OFF,BOS,PHI,6.0,5.0,REG
2023021065,20232024,2,2024-03-16,2024-03-16T23:00:00Z,OFF,CBJ,SJS,4.0,2.0,REG
2023021066,20232024,2,2024-03-16,2024-03-16T23:00:00Z,OFF,CGY,MTL,5.0,2.0,REG
2023021067,20232024,2,2024-03-16,2024-03-16T23:00:00Z,OFF,TOR,CAR,4.0,5.0,SO
2023021068,20232024,2,2024-03-16,2024-03-17T00:00:00Z,OFF,DAL,LAK,4.0,1.0,REG
2023021069,20232024,2,2024-03-16,2024-03-17T00:00:00Z,OFF,STL,MIN,3.0,2.0,SO
2023021070,20232024,2,2024-03-16,2024-03-17T02:00:00Z,OFF,EDM,COL,2.0,3.0,OT
2023021071,20232024,2,2024-03-16,2024-03-17T02:00:00Z,OFF,SEA,NSH,1.0,4.0,REG
2023021072,20232024,2,2024-03-16,2024-03-17T02:00:00Z,OFF,VAN,WSH,1.0,2.0,REG
2023021073,20232024,2,2024-03-17,2024-03-17T17:00:00Z,OFF,NYR,NYI,5.0,2.0,REG
2023021074,20232024,2,2024-03-17,2024-03-17T19:30:00Z,OFF,VGK,NJD,3.0,1.0,REG
2023021075,20232024,2,2024-03-17,2024-03-17T22:00:00Z,OFF,CBJ,WPG,1.0,6.0,REG
2023021076,20232024,2,2024-03-17,2024-03-17T22:00:00Z,OFF,CHI,SJS,5.0,2.0,REG
2023021077,20232024,2,2024-03-17,2024-03-17T22:00:00Z,OFF,OTT,CAR,2.0,7.0,REG
2023021078,20232024,2,2024-03-17,2024-03-17T22:00:00Z,OFF,PIT,DET,6.0,3.0,REG
2023021079,20232024,2,2024-03-17,2024-03-17T23:00:00Z,OFF,STL,ANA,4.0,2.0,REG
2023021080,20232024,2,2024-03-18,2024-03-19T00:30:00Z,OFF,CGY,WSH,2.0,5.0,REG
2023021081,20232024,2,2024-03-18,2024-03-19T02:00:00Z,OFF,SEA,BUF,2.0,6.0,REG
2023021082,20232024,2,2024-03-19,2024-03-19T23:00:00Z,OFF,BOS,OTT,6.0,2.0,REG
2023021083,20232024,2,2024-03-19,2024-03-19T23:00:00Z,OFF,DET,CBJ,4.0,3.0,OT
2023021084,20232024,2,2024-03-19,2024-03-19T23:00:00Z,OFF,NJD,PIT,5.0,2.0,REG
2023021085,20232024,2,2024-03-19,2024-03-19T23:00:00Z,OFF,NYR,WPG,2.0,4.0,REG
2023021086,20232024,2,2024-03-19,2024-03-19T23:00:00Z,OFF,PHI,TOR,4.0,3.0,REG
2023021087,20232024,2,2024-03-19,2024-03-19T23:30:00Z,OFF,NYI,CAR,1.0,4.0,REG
2023021088,20232024,2,2024-03-19,2024-03-20T00:00:00Z,OFF,NSH,SJS,8.0,2.0,REG
2023021089,20232024,2,2024-03-19,2024-03-20T00:00:00Z,OFF,STL,COL,3.0,4.0,REG
2023021090,20232024,2,2024-03-19,2024-03-20T01:00:00Z,OFF,EDM,MTL,3.0,2.0,OT
2023021091,20232024,2,2024-03-19,2024-03-20T02:00:00Z,OFF,ANA,MIN,0.0,4.0,REG
2023021092,20232024,2,2024-03-19,2024-03-20T02:00:00Z,OFF,LAK,CHI,6.0,2.0,REG
2023021093,20232024,2,2024-03-19,2024-03-20T02:00:00Z,OFF,VAN,BUF,3.0,2.0,REG
2023021094,20232024,2,2024-03-19,2024-03-20T02:00:00Z,OFF,VGK,TBL,3.0,5.0,REG
2023021095,20232024,2,2024-03-20,2024-03-20T23:30:00Z,OFF,WSH,TOR,3.0,7.0,REG
2023021096,20232024,2,2024-03-20,2024-03-21T00:00:00Z,OFF,DAL,ARI,5.0,2.0,REG
2023021097,20232024,2,2024-03-20,2024-03-21T02:00:00Z,OFF,LAK,MIN,6.0,0.0,REG
2023021098,20232024,2,2024-03-21,2024-03-21T23:00:00Z,OFF,BOS,NYR,2.0,5.0,REG
2023021099,20232024,2,2024-03-21,2024-03-21T23:00:00Z,OFF,CAR,PHI,3.0,2.0,OT
2023021100,20232024,2,2024-03-21,2024-03-21T23:00:00Z,OFF,DET,NYI,6.0,3.0,REG
2023021102,20232024,2,2024-03-21,2024-03-21T23:00:00Z,OFF,NJD,WPG,4.0,1.0,REG
2023021103,20232024,2,2024-03-21,2024-03-21T23:00:00Z,OFF,OTT,STL,2.0,5.0,REG
2023021101,20232024,2,2024-03-21,2024-03-21T23:30:00Z,OFF,FLA,NSH,0.0,3.0,REG
2023021104,20232024,2,2024-03-21,2024-03-22T01:00:00Z,OFF,EDM,BUF,8.0,3.0,REG
2023021105,20232024,2,2024-03-21,2024-03-22T02:00:00Z,OFF,ANA,CHI,4.0,0.0,REG
2023021106,20232024,2,2024-03-21,2024-03-22T02:00:00Z,OFF,VAN,MTL,4.0,1.0,REG
2023021107,20232024,2,2024-03-21,2024-03-22T02:30:00Z,OFF,VGK,SEA,3.0,1.0,REG
2023021108,20232024,2,2024-03-21,2024-03-22T02:30:00Z,OFF,SJS,TBL,1.0,4.0,REG
2023021109,20232024,2,2024-03-22,2024-03-22T23:00:00Z,OFF,WSH,CAR,7.0,6.0,SO
2023021110,20232024,2,2024-03-22,2024-03-23T00:00:00Z,OFF,DAL,PIT,4.0,2.0,REG
2023021111,20232024,2,2024-03-22,2024-03-23T01:00:00Z,OFF,COL,CBJ,6.0,1.0,REG
2023021112,20232024,2,2024-03-22,2024-03-23T02:00:00Z,OFF,ARI,SEA,2.0,1.0,OT
2023021113,20232024,2,2024-03-23,2024-03-23T17:00:00Z,OFF,NYI,WPG,6.0,3.0,REG
2023021114,20232024,2,2024-03-23,2024-03-23T17:00:00Z,OFF,PHI,BOS,3.0,2.0,REG
2023021115,20232024,2,2024-03-23,2024-03-23T18:00:00Z,OFF,MIN,STL,4.0,5.0,OT
2023021116,20232024,2,2024-03-23,2024-03-23T21:00:00Z,OFF,NSH,DET,1.0,0.0,REG
2023021117,20232024,2,2024-03-23,2024-03-23T23:00:00Z,OFF,NJD,OTT,2.0,5.0,REG
2023021118,20232024,2,2024-03-23,2024-03-23T23:00:00Z,OFF,TOR,EDM,6.0,3.0,REG
2023021119,20232024,2,2024-03-23,2024-03-24T00:00:00Z,OFF,NYR,FLA,4.0,3.0,SO
2023021120,20232024,2,2024-03-23,2024-03-24T02:00:00Z,OFF,VAN,CGY,4.0,2.0,REG
2023021121,20232024,2,2024-03-23,2024-03-24T02:30:00Z,OFF,LAK,TBL,4.0,3.0,OT
2023021122,20232024,2,2024-03-23,2024-03-24T02:30:00Z,OFF,SJS,CHI,4.0,5.0,OT
2023021123,20232024,2,2024-03-23,2024-03-24T02:30:00Z,OFF,VGK,CBJ,4.0,2.0,REG
2023021124,20232024,2,2024-03-24,2024-03-24T16:30:00Z,OFF,WSH,WPG,3.0,0.0,REG
2023021125,20232024,2,2024-03-24,2024-03-24T18:00:00Z,OFF,COL,PIT,5.0,4.0,OT
2023021126,20232024,2,2024-03-24,2024-03-24T21:00:00Z,OFF,NYI,NJD,0.0,4.0,REG
2023021127,20232024,2,2024-03-24,2024-03-24T22:00:00Z,OFF,CAR,TOR,2.0,1.0,REG
2023021128,20232024,2,2024-03-24,2024-03-24T22:00:00Z,OFF,OTT,EDM,5.0,3.0,REG
2023021129,20232024,2,2024-03-24,2024-03-24T22:00:00Z,OFF,PHI,FLA,1.0,4.0,REG
2023021130,20232024,2,2024-03-24,2024-03-25T00:00:00Z,OFF,ARI,DAL,2.0,4.0,REG
2023021131,20232024,2,2024-03-24,2024-03-25T00:30:00Z,OFF,ANA,TBL,2.0,3.0,OT
2023021132,20232024,2,2024-03-24,2024-03-25T01:00:00Z,OFF,CGY,BUF,1.0,4.0,REG
2023021133,20232024,2,2024-03-24,2024-03-25T01:00:00Z,OFF,SEA,MTL,1.0,5.0,REG
2023021134,20232024,2,2024-03-25,2024-03-26T00:00:00Z,OFF,STL,VGK,1.0,2.0,OT
2023021135,20232024,2,2024-03-25,2024-03-26T01:00:00Z,OFF,VAN,LAK,2.0,3.0,REG
2023021136,20232024,2,2024-03-26,2024-03-26T23:00:00Z,OFF,FLA,BOS,3.0,4.0,REG
2023021137,20232024,2,2024-03-26,2024-03-26T23:00:00Z,OFF,NYR,PHI,6.0,5.0,OT
2023021138,20232024,2,2024-03-26,2024-03-26T23:00:00Z,OFF,PIT,CAR,4.0,1.0,REG
2023021140,20232024,2,2024-03-26,2024-03-26T23:00:00Z,OFF,WSH,DET,4.0,3.0,OT
2023021139,20232024,2,2024-03-26,2024-03-26T23:30:00Z,OFF,TOR,NJD,3.0,6.0,REG
2023021141,20232024,2,2024-03-26,2024-03-27T00:00:00Z,OFF,NSH,VGK,5.0,4.0,OT
2023021142,20232024,2,2024-03-26,2024-03-27T00:00:00Z,OFF,WPG,EDM,3.0,4.0,OT
2023021143,20232024,2,2024-03-26,2024-03-27T00:30:00Z,OFF,CHI,CGY,3.0,1.0,REG
2023021144,20232024,2,2024-03-26,2024-03-27T01:00:00Z,OFF,COL,MTL,1.0,2.0,REG
2023021145,20232024,2,2024-03-26,2024-03-27T02:00:00Z,OFF,ARI,CBJ,6.0,2.0,REG
2023021146,20232024,2,2024-03-26,2024-03-27T02:00:00Z,OFF,SEA,ANA,4.0,0.0,REG
2023021147,20232024,2,2024-03-26,2024-03-27T02:30:00Z,OFF,SJS,DAL,3.0,6.0,REG
2023021148,20232024,2,2024-03-27,2024-03-27T23:00:00Z,OFF,BUF,OTT,2.0,6.0,REG
2023021149,20232024,2,2024-03-27,2024-03-27T23:30:00Z,OFF,TBL,BOS,3.0,1.0,REG
2023021151,20232024,2,2024-03-28,2024-03-28T23:00:00Z,OFF,FLA,NYI,2.0,3.0,REG
2023021152,20232024,2,2024-03-28,2024-03-28T23:00:00Z,OFF,MTL,PHI,4.0,1.0,REG
2023021153,20232024,2,2024-03-28,2024-03-28T23:00:00Z,OFF,OTT,CHI,2.0,0.0,REG
2023021154,20232024,2,2024-03-28,2024-03-28T23:00:00Z,OFF,PIT,CBJ,3.0,2.0,REG
2023021155,20232024,2,2024-03-28,2024-03-28T23:00:00Z,OFF,TOR,WSH,5.0,1.0,REG
2023021150,20232024,2,2024-03-28,2024-03-28T23:30:00Z,OFF,CAR,DET,4.0,0.0,REG
2023021156,20232024,2,2024-03-28,2024-03-29T00:00:00Z,OFF,MIN,SJS,3.0,1.0,REG
2023021157,20232024,2,2024-03-28,2024-03-29T00:00:00Z,OFF,STL,CGY,5.0,3.0,REG
2023021158,20232024,2,2024-03-28,2024-03-29T00:00:00Z,OFF,WPG,VGK,1.0,4.0,REG
2023021159,20232024,2,2024-03-28,2024-03-29T01:00:00Z,OFF,COL,NYR,2.0,3.0,SO
2023021160,20232024,2,2024-03-28,2024-03-29T01:00:00Z,OFF,EDM,LAK,4.0,1.0,REG
2023021161,20232024,2,2024-03-28,2024-03-29T02:00:00Z,OFF,ARI,NSH,8.0,4.0,REG
2023021162,20232024,2,2024-03-28,2024-03-29T02:00:00Z,OFF,SEA,ANA,4.0,2.0,REG
2023021163,20232024,2,2024-03-28,2024-03-29T02:00:00Z,OFF,VAN,DAL,1.0,3.0,REG
2023021164,20232024,2,2024-03-29,2024-03-29T23:00:00Z,OFF,BUF,NJD,5.0,2.0,REG
2023021165,20232024,2,2024-03-30,2024-03-30T16:30:00Z,OFF,FLA,DET,3.0,2.0,SO
2023021166,20232024,2,2024-03-30,2024-03-30T19:30:00Z,OFF,MIN,VGK,1.0,2.0,OT
2023021167,20232024,2,2024-03-30,2024-03-30T20:00:00Z,OFF,EDM,ANA,6.0,1.0,REG
2023021168,20232024,2,2024-03-30,2024-03-30T22:00:00Z,OFF,ARI,NYR,5.0,8.0,REG
2023021169,20232024,2,2024-03-30,2024-03-30T22:00:00Z,OFF,COL,NSH,7.0,4.0,REG
2023021170,20232024,2,2024-03-30,2024-03-30T23:00:00Z,OFF,BUF,TOR,0.0,3.0,REG
2023021171,20232024,2,2024-03-30,2024-03-30T23:00:00Z,OFF,CBJ,PIT,4.0,3.0,SO
2023021172,20232024,2,2024-03-30,2024-03-30T23:00:00Z,OFF,MTL,CAR,0.0,3.0,REG
2023021173,20232024,2,2024-03-30,2024-03-30T23:00:00Z,OFF,PHI,CHI,1.0,5.0,REG
2023021174,20232024,2,2024-03-30,2024-03-30T23:00:00Z,OFF,TBL,NYI,4.0,1.0,REG
2023021175,20232024,2,2024-03-30,2024-03-30T23:00:00Z,OFF,WPG,OTT,2.0,3.0,REG
2023021176,20232024,2,2024-03-30,2024-03-30T23:00:00Z,OFF,WSH,BOS,2.0,3.0,SO
2023021177,20232024,2,2024-03-30,2024-03-31T00:00:00Z,OFF,STL,SJS,0.0,4.0,REG
2023021178,20232024,2,2024-03-30,2024-03-31T02:00:00Z,OFF,CGY,LAK,4.0,2.0,REG
2023021179,20232024,2,2024-03-30,2024-03-31T02:00:00Z,OFF,SEA,DAL,0.0,3.0,REG
2023021180,20232024,2,2024-03-31,2024-03-31T19:30:00Z,OFF,VAN,ANA,3.0,2.0,REG
2023021181,20232024,2,2024-04-01,2024-04-01T23:00:00Z,OFF,CBJ,COL,4.0,1.0,REG
2023021182,20232024,2,2024-04-01,2024-04-01T23:00:00Z,OFF,NYR,PIT,2.0,5.0,REG
2023021183,20232024,2,2024-04-01,2024-04-01T23:00:00Z,OFF,PHI,NYI,3.0,4.0,OT
2023021184,20232024,2,2024-04-01,2024-04-01T23:00:00Z,OFF,TBL,DET,2.0,4.0,REG
2023021185,20232024,2,2024-04-01,2024-04-01T23:00:00Z,OFF,TOR,FLA,6.0,4.0,REG
2023021186,20232024,2,2024-04-01,2024-04-02T01:00:00Z,OFF,STL,EDM,3.0,2.0,OT
2023021187,20232024,2,2024-04-01,2024-04-02T01:00:00Z,OFF,WPG,LAK,4.0,3.0,REG
2023021188,20232024,2,2024-04-01,2024-04-02T02:30:00Z,OFF,SJS,SEA,2.0,4.0,REG
2023021189,20232024,2,2024-04-02,2024-04-02T23:00:00Z,OFF,BUF,WSH,6.0,2.0,REG
2023021190,20232024,2,2024-04-02,2024-04-02T23:00:00Z,OFF,MTL,FLA,5.0,3.0,REG
2023021191,20232024,2,2024-04-02,2024-04-02T23:00:00Z,OFF,NJD,PIT,3.0,6.0,REG
2023021192,20232024,2,2024-04-02,2024-04-02T23:30:00Z,OFF,NYI,CHI,2.0,1.0,REG
2023021193,20232024,2,2024-04-02,2024-04-03T00:00:00Z,OFF,MIN,OTT,3.0,2.0,REG
2023021194,20232024,2,2024-04-02,2024-04-03T00:00:00Z,OFF,NSH,BOS,0.0,3.0,REG
2023021195,20232024,2,2024-04-02,2024-04-03T01:00:00Z,OFF,CGY,ANA,3.0,5.0,REG
2023021196,20232024,2,2024-04-02,2024-04-03T02:00:00Z,OFF,VGK,VAN,6.0,3.0,REG
2023021197,20232024,2,2024-04-03,2024-04-03T23:00:00Z,OFF,TOR,TBL,1.0,4.0,REG
2023021198,20232024,2,2024-04-03,2024-04-03T23:00:00Z,OFF,NYR,NJD,4.0,3.0,REG
2023021199,20232024,2,2024-04-03,2024-04-04T01:30:00Z,OFF,DAL,EDM,5.0,0.0,REG
2023021201,20232024,2,2024-04-03,2024-04-04T01:30:00Z,OFF,LAK,SEA,5.0,2.0,REG
2023021200,20232024,2,2024-04-03,2024-04-04T02:00:00Z,OFF,ARI,VAN,1.0,2.0,REG
2023021202,20232024,2,2024-04-04,2024-04-04T23:00:00Z,OFF,CAR,BOS,1.0,4.0,REG
2023021203,20232024,2,2024-04-04,2024-04-04T23:00:00Z,OFF,CBJ,NYI,2.0,4.0,REG
2023021204,20232024,2,2024-04-04,2024-04-04T23:00:00Z,OFF,MTL,TBL,4.0,7.0,REG
2023021205,20232024,2,2024-04-04,2024-04-04T23:00:00Z,OFF,OTT,FLA,0.0,6.0,REG
2023021206,20232024,2,2024-04-04,2024-04-04T23:00:00Z,OFF,WSH,PIT,1.0,4.0,REG
2023021207,20232024,2,2024-04-04,2024-04-05T00:00:00Z,OFF,MIN,COL,2.0,5.0,REG
2023021208,20232024,2,2024-04-04,2024-04-05T00:00:00Z,OFF,NSH,STL,6.0,3.0,REG
2023021209,20232024,2,2024-04-04,2024-04-05T00:00:00Z,OFF,WPG,CGY,5.0,2.0,REG
2023021210,20232024,2,2024-04-04,2024-04-05T02:30:00Z,OFF,SJS,LAK,1.0,2.0,REG
2023021211,20232024,2,2024-04-05,2024-04-05T23:00:00Z,OFF,BUF,PHI,4.0,2.0,REG
2023021212,20232024,2,2024-04-05,2024-04-05T23:00:00Z,OFF,CAR,WSH,4.0,2.0,REG
2023021213,20232024,2,2024-04-05,2024-04-05T23:00:00Z,OFF,DET,NYR,3.0,4.0,REG
2023021214,20232024,2,2024-04-05,2024-04-06T01:00:00Z,OFF,EDM,COL,6.0,2.0,REG
2023021215,20232024,2,2024-04-05,2024-04-06T02:00:00Z,OFF,ANA,SEA,1.0,3.0,REG
2023021216,20232024,2,2024-04-05,2024-04-06T02:00:00Z,OFF,ARI,VGK,7.0,4.0,REG
2023021217,20232024,2,2024-04-06,2024-04-06T17:00:00Z,OFF,PIT,TBL,5.0,4.0,REG
2023021218,20232024,2,2024-04-06,2024-04-06T19:30:00Z,OFF,BOS,FLA,3.0,2.0,OT
2023021220,20232024,2,2024-04-06,2024-04-06T19:30:00Z,OFF,CHI,DAL,3.0,2.0,REG
2023021219,20232024,2,2024-04-06,2024-04-06T20:00:00Z,OFF,MIN,WPG,2.0,4.0,REG
2023021221,20232024,2,2024-04-06,2024-04-06T22:00:00Z,OFF,SJS,STL,3.0,2.0,OT
2023021222,20232024,2,2024-04-06,2024-04-06T23:00:00Z,OFF,CBJ,PHI,6.0,2.0,REG
2023021223,20232024,2,2024-04-06,2024-04-06T23:00:00Z,OFF,MTL,TOR,2.0,4.0,REG
2023021224,20232024,2,2024-04-06,2024-04-06T23:00:00Z,OFF,OTT,NJD,3.0,4.0,REG
2023021225,20232024,2,2024-04-06,2024-04-06T23:30:00Z,OFF,NYI,NSH,2.0,0.0,REG
2023021226,20232024,2,2024-04-06,2024-04-07T02:00:00Z,OFF,CGY,EDM,2.0,4.0,REG
2023021227,20232024,2,2024-04-06,2024-04-07T02:00:00Z,OFF,LAK,VAN,6.0,3.0,REG
2023021228,20232024,2,2024-04-07,2024-04-07T17:00:00Z,OFF,DET,BUF,3.0,1.0,REG
2023021229,20232024,2,2024-04-07,2024-04-07T19:30:00Z,OFF,CHI,MIN,0.0,4.0,REG
2023021230,20232024,2,2024-04-07,2024-04-07T21:00:00Z,OFF,CAR,CBJ,3.0,0.0,REG
2023021231,20232024,2,2024-04-07,2024-04-07T22:00:00Z,OFF,SJS,ARI,2.0,5.0,REG
2023021232,20232024,2,2024-04-07,2024-04-07T22:00:00Z,OFF,WSH,OTT,2.0,3.0,OT
2023021233,20232024,2,2024-04-07,2024-04-07T23:00:00Z,OFF,NJD,NSH,2.0,3.0,SO
2023021234,20232024,2,2024-04-07,2024-04-07T23:00:00Z,OFF,NYR,MTL,5.0,2.0,REG
2023021235,20232024,2,2024-04-07,2024-04-08T00:00:00Z,OFF,ANA,STL,5.0,6.0,SO
2023021236,20232024,2,2024-04-07,2024-04-08T02:00:00Z,OFF,COL,DAL,4.0,7.0,REG
2023021237,20232024,2,2024-04-08,2024-04-08T23:00:00Z,OFF,TOR,PIT,3.0,2.0,OT
2023021238,20232024,2,2024-04-08,2024-04-09T02:00:00Z,OFF,VAN,VGK,4.0,3.0,REG
2023021239,20232024,2,2024-04-09,2024-04-09T23:00:00Z,OFF,BOS,CAR,1.0,4.0,REG
2023021240,20232024,2,2024-04-09,2024-04-09T23:00:00Z,OFF,DET,WSH,1.0,2.0,REG
2023021241,20232024,2,2024-04-09,2024-04-09T23:00:00Z,OFF,FLA,OTT,2.0,0.0,REG
2023021242,20232024,2,2024-04-09,2024-04-09T23:00:00Z,OFF,MTL,PHI,9.0,3.0,REG
2023021243,20232024,2,2024-04-09,2024-04-09T23:00:00Z,OFF,NJD,TOR,2.0,5.0,REG
2023021244,20232024,2,2024-04-09,2024-04-09T23:00:00Z,OFF,NYI,NYR,4.0,2.0,REG
2023021245,20232024,2,2024-04-09,2024-04-09T23:00:00Z,OFF,TBL,CBJ,5.0,2.0,REG
2023021246,20232024,2,2024-04-09,2024-04-10T00:00:00Z,OFF,DAL,BUF,3.0,2.0,REG
2023021247,20232024,2,2024-04-09,2024-04-10T00:00:00Z,OFF,NSH,WPG,3.0,4.0,OT
2023021248,20232024,2,2024-04-09,2024-04-10T01:30:00Z,OFF,COL,MIN,5.0,2.0,REG
2023021249,20232024,2,2024-04-09,2024-04-10T02:00:00Z,OFF,ANA,LAK,3.0,1.0,REG
2023021250,20232024,2,2024-04-09,2024-04-10T02:00:00Z,OFF,SEA,ARI,5.0,0.0,REG
2023021251,20232024,2,2024-04-09,2024-04-10T02:30:00Z,OFF,SJS,CGY,2.0,3.0,OT
2023021252,20232024,2,2024-04-10,2024-04-11T00:00:00Z,OFF,STL,CHI,5.0,2.0,REG
2023021253,20232024,2,2024-04-10,2024-04-11T00:30:00Z,OFF,EDM,VGK,5.0,1.0,REG
2023021254,20232024,2,2024-04-10,2024-04-11T02:30:00Z,OFF,VAN,ARI,3.0,4.0,OT
2023021255,20232024,2,2024-04-11,2024-04-11T23:00:00Z,OFF,BUF,WSH,4.0,2.0,REG
2023021256,20232024,2,2024-04-11,2024-04-11T23:00:00Z,OFF,FLA,CBJ,4.0,0.0,REG
2023021257,20232024,2,2024-04-11,2024-04-11T23:00:00Z,OFF,NYR,PHI,1.0,4.0,REG
2023021258,20232024,2,2024-04-11,2024-04-11T23:00:00Z,OFF,PIT,DET,6.0,5.0,OT
2023021259,20232024,2,2024-04-11,2024-04-11T23:00:00Z,OFF,TBL,OTT,2.0,3.0,SO
2023021260,20232024,2,2024-04-11,2024-04-11T23:00:00Z,OFF,TOR,NJD,5.0,6.0,REG
2023021261,20232024,2,2024-04-11,2024-04-11T23:30:00Z,OFF,NYI,MTL,3.0,2.0,OT
2023021262,20232024,2,2024-04-11,2024-04-12T00:00:00Z,OFF,DAL,WPG,0.0,3.0,REG
2023021263,20232024,2,2024-04-11,2024-04-12T02:00:00Z,OFF,SEA,SJS,1.0,3.0,REG
2023021264,20232024,2,2024-04-11,2024-04-12T02:30:00Z,OFF,LAK,CGY,4.0,1.0,REG
2023021265,20232024,2,2024-04-12,2024-04-13T00:00:00Z,OFF,STL,CAR,2.0,5.0,REG
2023021266,20232024,2,2024-04-12,2024-04-13T00:30:00Z,OFF,CHI,NSH,1.0,5.0,REG
2023021267,20232024,2,2024-04-12,2024-04-13T01:00:00Z,OFF,EDM,ARI,2.0,3.0,OT
2023021268,20232024,2,2024-04-12,2024-04-13T02:00:00Z,OFF,ANA,CGY,3.0,6.0,REG
2023021269,20232024,2,2024-04-12,2024-04-13T02:00:00Z,OFF,VGK,MIN,7.0,2.0,REG
2023021270,20232024,2,2024-04-13,2024-04-13T16:30:00Z,OFF,NYR,NYI,3.0,2.0,SO
2023021271,20232024,2,2024-04-13,2024-04-13T19:00:00Z,OFF,DAL,SEA,3.0,1.0,REG
2023021272,20232024,2,2024-04-13,2024-04-13T20:00:00Z,OFF,COL,WPG,0.0,7.0,REG
2023021273,20232024,2,2024-04-13,2024-04-13T21:00:00Z,OFF,FLA,BUF,3.0,2.0,OT
2023021274,20232024,2,2024-04-13,2024-04-13T21:00:00Z,OFF,PHI,NJD,1.0,0.0,REG
2023021275,20232024,2,2024-04-13,2024-04-13T21:30:00Z,OFF,WSH,TBL,4.0,2.0,REG
2023021276,20232024,2,2024-04-13,2024-04-13T23:00:00Z,OFF,OTT,MTL,5.0,4.0,SO
2023021277,20232024,2,2024-04-13,2024-04-13T23:00:00Z,OFF,TOR,DET,4.0,5.0,OT
2023021278,20232024,2,2024-04-13,2024-04-14T00:00:00Z,OFF,NSH,CBJ,6.0,4.0,REG
2023021279,20232024,2,2024-04-13,2024-04-14T00:00:00Z,OFF,PIT,BOS,4.0,6.0,REG
2023021280,20232024,2,2024-04-13,2024-04-14T02:00:00Z,OFF,EDM,VAN,1.0,3.0,REG
2023021281,20232024,2,2024-04-13,2024-04-14T02:30:00Z,OFF,LAK,ANA,3.0,1.0,REG
2023021282,20232024,2,2024-04-13,2024-04-14T02:30:00Z,OFF,SJS,MIN,2.0,6.0,REG
2023021283,20232024,2,2024-04-14,2024-04-14T17:00:00Z,OFF,STL,SEA,4.0,1.0,REG
2023021284,20232024,2,2024-04-14,2024-04-14T19:30:00Z,OFF,VGK,COL,4.0,3.0,OT
2023021285,20232024,2,2024-04-14,2024-04-14T22:00:00Z,OFF,CHI,CAR,2.0,4.0,REG
2023021286,20232024,2,2024-04-14,2024-04-15T00:00:00Z,OFF,CGY,ARI,6.0,5.0,REG
2023021287,20232024,2,2024-04-15,2024-04-15T23:00:00Z,OFF,DET,MTL,5.0,4.0,OT
2023021288,20232024,2,2024-04-15,2024-04-15T23:00:00Z,OFF,NJD,NYI,1.0,4.0,REG
2023021289,20232024,2,2024-04-15,2024-04-15T23:00:00Z,OFF,PIT,NSH,4.0,2.0,REG
2023021290,20232024,2,2024-04-15,2024-04-15T23:00:00Z,OFF,TBL,BUF,2.0,4.0,REG
2023021291,20232024,2,2024-04-15,2024-04-15T23:00:00Z,OFF,WSH,BOS,2.0,0.0,REG
2023021292,20232024,2,2024-04-15,2024-04-15T23:30:00Z,OFF,NYR,OTT,4.0,0.0,REG
2023021293,20232024,2,2024-04-15,2024-04-16T01:30:00Z,OFF,EDM,SJS,9.0,2.0,REG
2023021294,20232024,2,2024-04-15,2024-04-16T01:30:00Z,OFF,LAK,MIN,1.0,3.0,REG
2023021295,20232024,2,2024-04-16,2024-04-16T23:00:00Z,OFF,BOS,OTT,1.0,3.0,REG
2023021296,20232024,2,2024-04-16,2024-04-16T23:00:00Z,OFF,CBJ,CAR,6.0,3.0,REG
2023021298,20232024,2,2024-04-16,2024-04-16T23:00:00Z,OFF,MTL,DET,4.0,5.0,SO
2023021299,20232024,2,2024-04-16,2024-04-16T23:00:00Z,OFF,PHI,WSH,1.0,2.0,REG
2023021297,20232024,2,2024-04-16,2024-04-16T23:30:00Z,OFF,FLA,TOR,5.0,2.0,REG
2023021300,20232024,2,2024-04-16,2024-04-17T00:00:00Z,OFF,WPG,SEA,4.0,3.0,REG
2023021301,20232024,2,2024-04-16,2024-04-17T02:00:00Z,OFF,VGK,CHI,3.0,1.0,REG
2023021302,20232024,2,2024-04-16,2024-04-17T02:00:00Z,OFF,VAN,CGY,4.0,1.0,REG
2023021303,20232024,2,2024-04-17,2024-04-17T23:00:00Z,OFF,NYI,PIT,5.0,4.0,REG
2023021304,20232024,2,2024-04-17,2024-04-17T23:00:00Z,OFF,TBL,TOR,6.0,4.0,REG
2023021305,20232024,2,2024-04-17,2024-04-18T01:30:00Z,OFF,DAL,STL,2.0,1.0,SO
2023021306,20232024,2,2024-04-17,2024-04-18T02:00:00Z,OFF,ARI,EDM,5.0,2.0,REG
2023021307,20232024,2,2024-04-18,2024-04-18T23:00:00Z,OFF,MIN,SEA,3.0,4.0,REG
2023021308,20232024,2,2024-04-18,2024-04-19T00:00:00Z,OFF,WPG,VAN,4.0,2.0,REG
2023021309,20232024,2,2024-04-18,2024-04-19T01:00:00Z,OFF,CGY,SJS,5.0,1.0,REG
2023021310,20232024,2,2024-04-18,2024-04-19T01:30:00Z,OFF,COL,EDM,5.0,1.0,REG
2023021311,20232024,2,2024-04-18,2024-04-19T02:00:00Z,OFF,VGK,ANA,1.0,4.0,REG
2023021312,20232024,2,2024-04-18,2024-04-19T02:30:00Z,OFF,LAK,CHI,5.0,4.0,OT
2023030141,20232024,3,2024-04-20,2024-04-20T21:00:00Z,OFF,CAR,NYI,3.0,1.0,REG
2023030121,20232024,3,2024-04-20,2024-04-21T00:00:00Z,OFF,BOS,TOR,5.0,1.0,REG
2023030111,20232024,3,2024-04-21,2024-04-21T16:30:00Z,OFF,FLA,TBL,3.0,2.0,REG
2023030131,20232024,3,2024-04-21,2024-04-21T19:00:00Z,OFF,NYR,WSH,4.0,1.0,REG
2023030161,20232024,3,2024-04-21,2024-04-21T23:00:00Z,OFF,WPG,COL,7.0,6.0,REG
2023030171,20232024,3,2024-04-21,2024-04-22T02:00:00Z,OFF,VAN,NSH,4.0,2.0,REG
2023030122,20232024,3,2024-04-22,2024-04-22T23:00:00Z,OFF,BOS,TOR,2.0,3.0,REG
2023030142,20232024,3,2024-04-22,2024-04-22T23:30:00Z,OFF,CAR,NYI,5.0,3.0,REG
2023030151,20232024,3,2024-04-22,2024-04-23T01:30:00Z,OFF,DAL,VGK,3.0,4.0,REG
2023030181,20232024,3,2024-04-22,2024-04-23T02:00:00Z,OFF,EDM,LAK,7.0,4.0,REG
2023030132,20232024,3,2024-04-23,2024-04-23T23:00:00Z,OFF,NYR,WSH,4.0,3.0,REG
2023030112,20232024,3,2024-04-23,2024-04-23T23:30:00Z,OFF,FLA,TBL,3.0,2.0,OT
2023030162,20232024,3,2024-04-23,2024-04-24T01:30:00Z,OFF,WPG,COL,2.0,5.0,REG
2023030172,20232024,3,2024-04-23,2024-04-24T02:00:00Z,OFF,VAN,NSH,1.0,4.0,REG
2023030123,20232024,3,2024-04-24,2024-04-24T23:00:00Z,OFF,TOR,BOS,2.0,4.0,REG
2023030152,20232024,3,2024-04-24,2024-04-25T01:30:00Z,OFF,DAL,VGK,1.0,3.0,REG
2023030182,20232024,3,2024-04-24,2024-04-25T02:00:00Z,OFF,EDM,LAK,4.0,5.0,OT
2023030113,20232024,3,2024-04-25,2024-04-25T23:00:00Z,OFF,TBL,FLA,3.0,5.0,REG
2023030143,20232024,3,2024-04-25,2024-04-25T23:30:00Z,OFF,NYI,CAR,2.0,3.0,REG
2023030133,20232024,3,2024-04-26,2024-04-26T23:00:00Z,OFF,WSH,NYR,1.0,3.0,REG
2023030173,20232024,3,2024-04-26,2024-04-26T23:30:00Z,OFF,NSH,VAN,1.0,2.0,REG
2023030163,20232024,3,2024-04-26,2024-04-27T02:00:00Z,OFF,COL,WPG,6.0,2.0,REG
2023030183,20232024,3,2024-04-26,2024-04-27T02:30:00Z,OFF,LAK,EDM,1.0,6.0,REG
2023030144,20232024,3,2024-04-27,2024-04-27T18:00:00Z,OFF,NYI,CAR,3.0,2.0,OT
2023030114,20232024,3,2024-04-27,2024-04-27T21:00:00Z,OFF,TBL,FLA,6.0,3.0,REG
2023030124,20232024,3,2024-04-27,2024-04-28T00:00:00Z,OFF,TOR,BOS,1.0,3.0,REG
2023030153,20232024,3,2024-04-27,2024-04-28T02:30:00Z,OFF,VGK,DAL,2.0,3.0,OT
2023030164,20232024,3,2024-04-28,2024-04-28T18:30:00Z,OFF,COL,WPG,5.0,1.0,REG
2023030174,20232024,3,2024-04-28,2024-04-28T21:00:00Z,OFF,NSH,VAN,3.0,4.0,OT
2023030134,20232024,3,2024-04-28,2024-04-29T00:00:00Z,OFF,WSH,NYR,2.0,4.0,REG
2023030184,20232024,3,2024-04-28,2024-04-29T02:30:00Z,OFF,LAK,EDM,0.0,1.0,REG
2023030115,20232024,3,2024-04-29,2024-04-29T23:00:00Z,OFF,FLA,TBL,6.0,1.0,REG
2023030154,20232024,3,2024-04-29,2024-04-30T01:30:00Z,OFF,VGK,DAL,2.0,4.0,REG
2023030125,20232024,3,2024-04-30,2024-04-30T23:00:00Z,OFF,BOS,TOR,1.0,2.0,OT
2023030145,20232024,3,2024-04-30,2024-04-30T23:30:00Z,OFF,CAR,NYI,6.0,3.0,REG
2023030165,20232024,3,2024-04-30,2024-05-01T01:30:00Z,OFF,WPG,COL,3.0,6.0,REG
2023030175,20232024,3,2024-04-30,2024-05-01T02:00:00Z,OFF,VAN,NSH,1.0,2.0,REG
2023030155,20232024,3,2024-05-01,2024-05-01T23:30:00Z,OFF,DAL,VGK,3.0,2.0,REG
2023030185,20232024,3,2024-05-01,2024-05-02T02:00:00Z,OFF,EDM,LAK,4.0,3.0,REG
2023030126,20232024,3,2024-05-02,2024-05-03T00:00:00Z,OFF,TOR,BOS,2.0,1.0,REG
2023030176,20232024,3,2024-05-03,2024-05-03T23:00:00Z,OFF,NSH,VAN,0.0,1.0,REG
2023030156,20232024,3,2024-05-03,2024-05-04T02:00:00Z,OFF,VGK,DAL,2.0,0.0,REG
2023030127,20232024,3,2024-05-04,2024-05-05T00:00:00Z,OFF,BOS,TOR,2.0,1.0,OT
2023030221,20232024,3,2024-05-05,2024-05-05T20:00:00Z,OFF,NYR,CAR,4.0,3.0,REG
2023030157,20232024,3,2024-05-05,2024-05-05T23:30:00Z,OFF,DAL,VGK,2.0,1.0,REG
2023030211,20232024,3,2024-05-06,2024-05-07T00:00:00Z,OFF,FLA,BOS,1.0,5.0,REG
2023030222,20232024,3,2024-05-07,2024-05-07T23:00:00Z,OFF,NYR,CAR,4.0,3.0,OT
2023030231,20232024,3,2024-05-07,2024-05-08T01:30:00Z,OFF,DAL,COL,3.0,4.0,OT
2023030212,20232024,3,2024-05-08,2024-05-08T23:30:00Z,OFF,FLA,BOS,6.0,1.0,REG
2023030241,20232024,3,2024-05-08,2024-05-09T02:00:00Z,OFF,VAN,EDM,5.0,4.0,REG
2023030223,20232024,3,2024-05-09,2024-05-09T23:00:00Z,OFF,CAR,NYR,2.0,3.0,OT
2023030232,20232024,3,2024-05-09,2024-05-10T01:30:00Z,OFF,DAL,COL,5.0,3.0,REG
2023030213,20232024,3,2024-05-10,2024-05-10T23:00:00Z,OFF,BOS,FLA,2.0,6.0,REG
2023030242,20232024,3,2024-05-10,2024-05-11T02:00:00Z,OFF,VAN,EDM,3.0,4.0,OT
2023030224,20232024,3,2024-05-11,2024-05-11T23:00:00Z,OFF,CAR,NYR,4.0,3.0,REG
2023030233,20232024,3,2024-05-11,2024-05-12T02:00:00Z,OFF,COL,DAL,1.0,4.0,REG
2023030214,20232024,3,2024-05-12,2024-05-12T22:30:00Z,OFF,BOS,FLA,2.0,3.0,REG
2023030243,20232024,3,2024-05-12,2024-05-13T01:30:00Z,OFF,EDM,VAN,3.0,4.0,REG
2023030225,20232024,3,2024-05-13,2024-05-13T23:00:00Z,OFF,NYR,CAR,1.0,4.0,REG
2023030234,20232024,3,2024-05-13,2024-05-14T01:30:00Z,OFF,COL,DAL,1.0,5.0,REG
2023030215,20232024,3,2024-05-14,2024-05-14T23:00:00Z,OFF,FLA,BOS,1.0,2.0,REG
2023030244,20232024,3,2024-05-14,2024-05-15T01:30:00Z,OFF,EDM,VAN,3.0,2.0,REG
2023030235,20232024,3,2024-05-15,2024-05-16T00:00:00Z,OFF,DAL,COL,3.0,5.0,REG
2023030226,20232024,3,2024-05-16,2024-05-16T23:00:00Z,OFF,CAR,NYR,3.0,5.0,REG
2023030245,20232024,3,2024-05-16,2024-05-17T02:00:00Z,OFF,VAN,EDM,3.0,2.0,REG
2023030216,20232024,3,2024-05-17,2024-05-17T23:00:00Z,OFF,BOS,FLA,1.0,2.0,REG
2023030236,20232024,3,2024-05-17,2024-05-18T02:00:00Z,OFF,COL,DAL,1.0,2.0,OT
2023030246,20232024,3,2024-05-18,2024-05-19T00:00:00Z,OFF,EDM,VAN,5.0,1.0,REG
2023030247,20232024,3,2024-05-20,2024-05-21T01:00:00Z,OFF,VAN,EDM,2.0,3.0,REG
2023030311,20232024,3,2024-05-22,2024-05-23T00:00:00Z,OFF,NYR,FLA,0.0,3.0,REG
2023030321,20232024,3,2024-05-23,2024-05-24T00:30:00Z,OFF,DAL,EDM,2.0,3.0,OT
2023030312,20232024,3,2024-05-24,2024-05-25T00:00:00Z,OFF,NYR,FLA,2.0,1.0,OT
2023030322,20232024,3,2024-05-25,2024-05-26T00:00:00Z,OFF,DAL,EDM,3.0,1.0,REG
2023030313,20232024,3,2024-05-26,2024-05-26T19:00:00Z,OFF,FLA,NYR,4.0,5.0,OT
2023030323,20232024,3,2024-05-27,2024-05-28T00:30:00Z,OFF,EDM,DAL,3.0,5.0,REG
2023030314,20232024,3,2024-05-28,2024-05-29T00:00:00Z,OFF,FLA,NYR,3.0,2.0,OT
2023030324,20232024,3,2024-05-29,2024-05-30T00:30:00Z,OFF,EDM,DAL,5.0,2.0,REG
2023030315,20232024,3,2024-05-30,2024-05-31T00:00:00Z,OFF,NYR,FLA,2.0,3.0,REG
2023030325,20232024,3,2024-05-31,2024-06-01T00:30:00Z,OFF,DAL,EDM,1.0,3.0,REG
2023030316,20232024,3,2024-06-01,2024-06-02T00:00:00Z,OFF,FLA,NYR,2.0,1.0,REG
2023030326,20232024,3,2024-06-02,2024-06-03T00:00:00Z,OFF,EDM,DAL,2.0,1.0,REG
2023030411,20232024,3,2024-06-08,2024-06-09T00:00:00Z,OFF,FLA,EDM,3.0,0.0,REG
2023030412,20232024,3,2024-06-10,2024-06-11T00:00:00Z,OFF,FLA,EDM,4.0,1.0,REG
2023030413,20232024,3,2024-06-13,2024-06-14T00:00:00Z,OFF,EDM,FLA,3.0,4.0,REG
2023030414,20232024,3,2024-06-15,2024-06-16T00:00:00Z,OFF,EDM,FLA,8.0,1.0,REG
2023030415,20232024,3,2024-06-18,2024-06-19T00:00:00Z,OFF,FLA,EDM,3.0,5.0,REG
2023030416,20232024,3,2024-06-21,2024-06-22T00:00:00Z,OFF,EDM,FLA,5.0,1.0,REG
2023030417,20232024,3,2024-06-24,2024-06-25T00:00:00Z,OFF,FLA,EDM,2.0,1.0,REG
2024020001,20242025,2,2024-10-04,2024-10-04T17:00:00Z,OFF,BUF,NJD,1.0,4.0,REG
2024020002,20242025,2,2024-10-05,2024-10-05T14:00:00Z,OFF,NJD,BUF,3.0,1.0,REG
2024020003,20242025,2,2024-10-08,2024-10-08T20:30:00Z,OFF,SEA,STL,2.0,3.0,REG
2024020004,20242025,2,2024-10-08,2024-10-08T23:00:00Z,OFF,FLA,BOS,6.0,4.0,REG
2024020005,20242025,2,2024-10-08,2024-10-09T02:00:00Z,OFF,UTA,CHI,5.0,2.0,REG
2024020006,20242025,2,2024-10-09,2024-10-09T23:00:00Z,OFF,MTL,TOR,1.0,0.0,REG
2024020007,20242025,2,2024-10-09,2024-10-09T23:30:00Z,OFF,PIT,NYR,0.0,6.0,REG
2024020008,20242025,2,2024-10-09,2024-10-10T02:00:00Z,OFF,EDM,WPG,0.0,6.0,REG
2024020009,20242025,2,2024-10-09,2024-10-10T02:00:00Z,OFF,VAN,CGY,5.0,6.0,OT
2024020010,20242025,2,2024-10-09,2024-10-10T02:00:00Z,OFF,VGK,COL,8.0,4.0,REG
2024020011,20242025,2,2024-10-10,2024-10-10T23:00:00Z,OFF,BOS,MTL,6.0,4.0,REG
2024020012,20242025,2,2024-10-10,2024-10-10T23:00:00Z,OFF,BUF,LAK,1.0,3.0,REG
2024020013,20242025,2,2024-10-10,2024-10-10T23:00:00Z,OFF,OTT,FLA,3.0,1.0,REG
2024020015,20242025,2,2024-10-10,2024-10-10T23:00:00Z,OFF,NJD,TOR,2.0,4.0,REG
2024020016,20242025,2,2024-10-10,2024-10-10T23:30:00Z,OFF,NYI,UTA,4.0,5.0,OT
2024020014,20242025,2,2024-10-10,2024-10-11T00:00:00Z,OFF,DET,PIT,3.0,6.0,REG
2024020017,20242025,2,2024-10-10,2024-10-11T00:00:00Z,OFF,NSH,DAL,3.0,4.0,REG
2024020018,20242025,2,2024-10-10,2024-10-11T00:00:00Z,OFF,MIN,CBJ,3.0,2.0,REG
2024020019,20242025,2,2024-10-10,2024-10-11T02:30:00Z,OFF,SJS,STL,4.0,5.0,OT
2024020020,20242025,2,2024-10-11,2024-10-11T23:00:00Z,OFF,CAR,TBL,1.0,4.0,REG
2024020021,20242025,2,2024-10-11,2024-10-12T00:00:00Z,OFF,WPG,CHI,2.0,1.0,OT
2024020022,20242025,2,2024-10-11,2024-10-12T02:00:00Z,OFF,VAN,PHI,2.0,3.0,SO
2024020023,20242025,2,2024-10-11,2024-10-12T02:00:00Z,OFF,VGK,STL,4.0,3.0,REG
2024020024,20242025,2,2024-10-12,2024-10-12T17:00:00Z,OFF,BOS,LAK,2.0,1.0,OT
2024020025,20242025,2,2024-10-12,2024-10-12T23:00:00Z,OFF,BUF,FLA,5.0,2.0,REG
2024020026,20242025,2,2024-10-12,2024-10-12T23:00:00Z,OFF,TOR,PIT,4.0,2.0,REG
2024020027,20242025,2,2024-10-12,2024-10-12T23:00:00Z,OFF,MTL,OTT,4.0,1.0,REG
2024020028,20242025,2,2024-10-12,2024-10-12T23:00:00Z,OFF,DET,NSH,3.0,0.0,REG
2024020030,20242025,2,2024-10-12,2024-10-12T23:00:00Z,OFF,NYR,UTA,5.0,6.0,OT
2024020031,20242025,2,2024-10-12,2024-10-12T23:00:00Z,OFF,WSH,NJD,3.0,5.0,REG
2024020032,20242025,2,2024-10-12,2024-10-13T00:00:00Z,OFF,DAL,NYI,3.0,0.0,REG
2024020033,20242025,2,2024-10-12,2024-10-13T00:00:00Z,OFF,MIN,SEA,4.0,5.0,SO
2024020034,20242025,2,2024-10-12,2024-10-13T01:00:00Z,OFF,COL,CBJ,4.0,6.0,REG
2024020035,20242025,2,2024-10-12,2024-10-13T02:00:00Z,OFF,CGY,PHI,6.0,3.0,REG
2024020036,20242025,2,2024-10-12,2024-10-13T02:00:00Z,OFF,EDM,CHI,2.0,5.0,REG
2024020037,20242025,2,2024-10-12,2024-10-13T02:00:00Z,OFF,SJS,ANA,0.0,2.0,REG
2024020038,20242025,2,2024-10-13,2024-10-13T22:00:00Z,OFF,WPG,MIN,2.0,1.0,OT
2024020039,20242025,2,2024-10-13,2024-10-14T00:00:00Z,OFF,DAL,SEA,2.0,0.0,REG
2024020040,20242025,2,2024-10-13,2024-10-14T00:00:00Z,OFF,EDM,CGY,1.0,4.0,REG
2024020041,20242025,2,2024-10-13,2024-10-14T02:00:00Z,OFF,VGK,ANA,3.0,1.0,REG
2024020042,20242025,2,2024-10-14,2024-10-14T17:00:00Z,OFF,BOS,FLA,3.0,4.0,REG
2024020043,20242025,2,2024-10-14,2024-10-14T17:00:00Z,OFF,OTT,LAK,8.0,7.0,OT
2024020044,20242025,2,2024-10-14,2024-10-14T17:00:00Z,OFF,NJD,UTA,3.0,0.0,REG
2024020045,20242025,2,2024-10-14,2024-10-14T23:00:00Z,OFF,NYR,DET,4.0,1.0,REG
2024020046,20242025,2,2024-10-14,2024-10-14T23:30:00Z,OFF,MTL,PIT,3.0,6.0,REG
2024020047,20242025,2,2024-10-14,2024-10-15T01:00:00Z,OFF,COL,NYI,2.0,6.0,REG
2024020048,20242025,2,2024-10-15,2024-10-15T23:00:00Z,OFF,TBL,VAN,4.0,1.0,REG
2024020049,20242025,2,2024-10-15,2024-10-15T23:00:00Z,OFF,WSH,VGK,4.0,2.0,REG
2024020050,20242025,2,2024-10-15,2024-10-15T23:00:00Z,OFF,CAR,NJD,4.0,2.0,REG
2024020051,20242025,2,2024-10-15,2024-10-15T23:00:00Z,OFF,CBJ,FLA,3.0,4.0,REG
2024020052,20242025,2,2024-10-15,2024-10-15T23:30:00Z,OFF,STL,MIN,1.0,4.0,REG
2024020053,20242025,2,2024-10-15,2024-10-16T00:00:00Z,OFF,NSH,SEA,3.0,7.0,REG
2024020054,20242025,2,2024-10-15,2024-10-16T00:00:00Z,OFF,DAL,SJS,3.0,2.0,SO
2024020055,20242025,2,2024-10-15,2024-10-16T01:00:00Z,OFF,CGY,CHI,3.0,1.0,REG
2024020056,20242025,2,2024-10-15,2024-10-16T02:00:00Z,OFF,EDM,PHI,4.0,3.0,OT
2024020057,20242025,2,2024-10-16,2024-10-16T23:00:00Z,OFF,PIT,BUF,6.0,5.0,OT
2024020058,20242025,2,2024-10-16,2024-10-16T23:30:00Z,OFF,TOR,LAK,6.0,2.0,REG
2024020059,20242025,2,2024-10-16,2024-10-17T01:30:00Z,OFF,COL,BOS,3.0,5.0,REG
2024020060,20242025,2,2024-10-16,2024-10-17T02:00:00Z,OFF,ANA,UTA,5.0,4.0,OT
2024020061,20242025,2,2024-10-17,2024-10-17T23:00:00Z,OFF,MTL,LAK,1.0,4.0,REG
2024020062,20242025,2,2024-10-17,2024-10-17T23:00:00Z,OFF,OTT,NJD,1.0,3.0,REG
2024020064,20242025,2,2024-10-17,2024-10-17T23:00:00Z,OFF,TBL,VGK,4.0,3.0,REG
2024020065,20242025,2,2024-10-17,2024-10-17T23:00:00Z,OFF,FLA,VAN,2.0,3.0,OT
2024020066,20242025,2,2024-10-17,2024-10-17T23:00:00Z,OFF,WSH,DAL,3.0,2.0,REG
2024020067,20242025,2,2024-10-17,2024-10-17T23:00:00Z,OFF,CBJ,BUF,6.0,4.0,REG
2024020063,20242025,2,2024-10-17,2024-10-17T23:30:00Z,OFF,DET,NYR,2.0,5.0,REG
2024020068,20242025,2,2024-10-17,2024-10-18T00:00:00Z,OFF,STL,NYI,1.0,0.0,OT
2024020069,20242025,2,2024-10-17,2024-10-18T00:00:00Z,OFF,NSH,EDM,2.0,4.0,REG
2024020070,20242025,2,2024-10-17,2024-10-18T00:30:00Z,OFF,CHI,SJS,4.0,2.0,REG
2024020071,20242025,2,2024-10-17,2024-10-18T02:00:00Z,OFF,SEA,PHI,6.0,4.0,REG
2024020072,20242025,2,2024-10-18,2024-10-18T23:00:00Z,OFF,PIT,CAR,1.0,4.0,REG
2024020073,20242025,2,2024-10-18,2024-10-19T00:00:00Z,OFF,WPG,SJS,8.0,3.0,REG
2024020074,20242025,2,2024-10-18,2024-10-19T01:00:00Z,OFF,COL,ANA,4.0,3.0,OT
2024020075,20242025,2,2024-10-19,2024-10-19T17:00:00Z,OFF,OTT,TBL,5.0,4.0,REG
2024020076,20242025,2,2024-10-19,2024-10-19T18:00:00Z,OFF,NSH,DET,2.0,5.0,REG
2024020077,20242025,2,2024-10-19,2024-10-19T20:00:00Z,OFF,DAL,EDM,4.0,1.0,REG
2024020078,20242025,2,2024-10-19,2024-10-19T22:00:00Z,OFF,FLA,VGK,4.0,3.0,OT
2024020079,20242025,2,2024-10-19,2024-10-19T23:00:00Z,OFF,TOR,NYR,1.0,4.0,REG
2024020080,20242025,2,2024-10-19,2024-10-19T23:00:00Z,OFF,NJD,WSH,5.0,6.0,OT
2024020081,20242025,2,2024-10-19,2024-10-19T23:00:00Z,OFF,NYI,MTL,4.0,3.0,SO
2024020082,20242025,2,2024-10-19,2024-10-19T23:00:00Z,OFF,PHI,VAN,0.0,3.0,REG
2024020083,20242025,2,2024-10-19,2024-10-19T23:00:00Z,OFF,CBJ,MIN,1.0,3.0,REG
2024020084,20242025,2,2024-10-19,2024-10-19T23:00:00Z,OFF,STL,CAR,4.0,3.0,REG
2024020085,20242025,2,2024-10-19,2024-10-20T00:00:00Z,OFF,CHI,BUF,2.0,4.0,REG
2024020086,20242025,2,2024-10-19,2024-10-20T01:00:00Z,OFF,UTA,BOS,2.0,1.0,OT
2024020087,20242025,2,2024-10-19,2024-10-20T02:00:00Z,OFF,SEA,CGY,2.0,1.0,OT
2024020088,20242025,2,2024-10-20,2024-10-20T19:00:00Z,OFF,WPG,PIT,6.0,3.0,REG
2024020089,20242025,2,2024-10-20,2024-10-21T00:00:00Z,OFF,SJS,COL,1.0,4.0,REG
2024020090,20242025,2,2024-10-20,2024-10-21T00:00:00Z,OFF,ANA,LAK,1.0,4.0,REG
2024020091,20242025,2,2024-10-21,2024-10-21T23:30:00Z,OFF,TOR,TBL,5.0,2.0,REG
2024020092,20242025,2,2024-10-22,2024-10-22T22:00:00Z,OFF,PHI,WSH,1.0,4.0,REG
2024020093,20242025,2,2024-10-22,2024-10-22T22:30:00Z,OFF,FLA,MIN,1.0,5.0,REG
2024020094,20242025,2,2024-10-22,2024-10-22T22:45:00Z,OFF,NJD,TBL,5.0,8.0,REG
2024020095,20242025,2,2024-10-22,2024-10-22T23:00:00Z,OFF,BUF,DAL,4.0,2.0,REG
2024020096,20242025,2,2024-10-22,2024-10-22T23:15:00Z,OFF,MTL,NYR,2.0,7.0,REG
2024020097,20242025,2,2024-10-22,2024-10-22T23:30:00Z,OFF,CBJ,TOR,6.0,2.0,REG
2024020098,20242025,2,2024-10-22,2024-10-22T23:45:00Z,OFF,NYI,DET,0.0,1.0,REG
2024020099,20242025,2,2024-10-22,2024-10-23T00:00:00Z,OFF,STL,WPG,2.0,3.0,REG
2024020100,20242025,2,2024-10-22,2024-10-23T00:15:00Z,OFF,CHI,VAN,3.0,6.0,REG
2024020106,20242025,2,2024-10-22,2024-10-23T00:30:00Z,OFF,SEA,COL,2.0,3.0,REG
2024020101,20242025,2,2024-10-22,2024-10-23T00:45:00Z,OFF,NSH,BOS,4.0,0.0,REG
2024020103,20242025,2,2024-10-22,2024-10-23T01:00:00Z,OFF,EDM,CAR,2.0,3.0,OT
2024020104,20242025,2,2024-10-22,2024-10-23T01:15:00Z,OFF,UTA,OTT,0.0,4.0,REG
2024020102,20242025,2,2024-10-22,2024-10-23T01:30:00Z,OFF,CGY,PIT,4.0,3.0,SO
2024020105,20242025,2,2024-10-22,2024-10-23T02:15:00Z,OFF,ANA,SJS,3.0,1.0,REG
2024020107,20242025,2,2024-10-22,2024-10-23T03:00:00Z,OFF,VGK,LAK,6.0,1.0,REG
2024020108,20242025,2,2024-10-23,2024-10-23T23:30:00Z,OFF,WSH,PHI,6.0,3.0,REG
2024020109,20242025,2,2024-10-24,2024-10-24T23:00:00Z,OFF,BOS,DAL,2.0,5.0,REG
2024020110,20242025,2,2024-10-24,2024-10-24T23:00:00Z,OFF,TOR,STL,1.0,5.0,REG
2024020111,20242025,2,2024-10-24,2024-10-24T23:00:00Z,OFF,DET,NJD,5.0,3.0,REG
2024020112,20242025,2,2024-10-24,2024-10-24T23:00:00Z,OFF,TBL,MIN,2.0,4.0,REG
2024020113,20242025,2,2024-10-24,2024-10-24T23:00:00Z,OFF,NYR,FLA,1.0,3.0,REG
2024020114,20242025,2,2024-10-24,2024-10-25T01:00:00Z,OFF,CGY,CAR,2.0,4.0,REG
2024020115,20242025,2,2024-10-24,2024-10-25T01:00:00Z,OFF,UTA,COL,1.0,5.0,REG
2024020116,20242025,2,2024-10-24,2024-10-25T02:00:00Z,OFF,SEA,WPG,3.0,4.0,OT
2024020117,20242025,2,2024-10-24,2024-10-25T02:30:00Z,OFF,LAK,SJS,3.0,2.0,REG
2024020118,20242025,2,2024-10-25,2024-10-25T22:00:00Z,OFF,VGK,OTT,6.0,4.0,REG
2024020119,20242025,2,2024-10-25,2024-10-25T23:00:00Z,OFF,NJD,NYI,3.0,4.0,OT
2024020120,20242025,2,2024-10-25,2024-10-26T00:30:00Z,OFF,CHI,NSH,2.0,3.0,REG
2024020121,20242025,2,2024-10-25,2024-10-26T01:00:00Z,OFF,EDM,PIT,4.0,0.0,REG
2024020122,20242025,2,2024-10-26,2024-10-26T17:00:00Z,OFF,BUF,DET,5.0,3.0,REG
2024020123,20242025,2,2024-10-26,2024-10-26T17:00:00Z,OFF,PHI,MIN,7.0,5.0,REG
2024020124,20242025,2,2024-10-26,2024-10-26T20:00:00Z,OFF,LAK,UTA,3.0,2.0,REG
2024020125,20242025,2,2024-10-26,2024-10-26T23:00:00Z,OFF,BOS,TOR,4.0,3.0,OT
2024020126,20242025,2,2024-10-26,2024-10-26T23:00:00Z,OFF,MTL,STL,5.0,2.0,REG
2024020127,20242025,2,2024-10-26,2024-10-26T23:00:00Z,OFF,TBL,WSH,3.0,0.0,REG
2024020128,20242025,2,2024-10-26,2024-10-26T23:00:00Z,OFF,NYR,ANA,2.0,1.0,REG
2024020129,20242025,2,2024-10-26,2024-10-26T23:00:00Z,OFF,CGY,WPG,3.0,5.0,REG
2024020130,20242025,2,2024-10-26,2024-10-26T23:30:00Z,OFF,NYI,FLA,3.0,6.0,REG
2024020131,20242025,2,2024-10-26,2024-10-27T00:00:00Z,OFF,NSH,CBJ,4.0,3.0,OT
2024020132,20242025,2,2024-10-26,2024-10-27T00:00:00Z,OFF,DAL,CHI,4.0,2.0,REG
2024020133,20242025,2,2024-10-26,2024-10-27T02:00:00Z,OFF,VAN,PIT,4.0,3.0,REG
2024020134,20242025,2,2024-10-26,2024-10-27T02:00:00Z,OFF,VGK,SJS,7.0,3.0,REG
2024020135,20242025,2,2024-10-26,2024-10-27T02:00:00Z,OFF,SEA,CAR,1.0,4.0,REG
2024020136,20242025,2,2024-10-27,2024-10-27T22:00:00Z,OFF,DET,EDM,2.0,3.0,OT
2024020137,20242025,2,2024-10-27,2024-10-27T23:00:00Z,OFF,NJD,ANA,6.0,2.0,REG
2024020138,20242025,2,2024-10-27,2024-10-27T23:00:00Z,OFF,PHI,MTL,3.0,4.0,REG
2024020139,20242025,2,2024-10-27,2024-10-28T01:00:00Z,OFF,COL,OTT,5.0,4.0,REG
2024020140,20242025,2,2024-10-28,2024-10-28T23:00:00Z,OFF,BUF,FLA,2.0,5.0,REG
2024020142,20242025,2,2024-10-28,2024-10-28T23:00:00Z,OFF,CBJ,EDM,6.0,1.0,REG
2024020141,20242025,2,2024-10-28,2024-10-28T23:30:00Z,OFF,TBL,NSH,3.0,2.0,OT
2024020143,20242025,2,2024-10-28,2024-10-28T23:30:00Z,OFF,WPG,TOR,4.0,6.0,REG
2024020144,20242025,2,2024-10-28,2024-10-29T01:00:00Z,OFF,COL,CHI,2.0,5.0,REG
2024020145,20242025,2,2024-10-28,2024-10-29T01:00:00Z,OFF,UTA,SJS,4.0,5.0,OT
2024020146,20242025,2,2024-10-28,2024-10-29T02:00:00Z,OFF,VAN,CAR,3.0,4.0,OT
2024020147,20242025,2,2024-10-28,2024-10-29T02:00:00Z,OFF,VGK,CGY,5.0,0.0,REG
2024020148,20242025,2,2024-10-29,2024-10-29T23:00:00Z,OFF,BOS,PHI,0.0,2.0,REG
2024020149,20242025,2,2024-10-29,2024-10-29T23:00:00Z,OFF,MTL,SEA,2.0,8.0,REG
2024020150,20242025,2,2024-10-29,2024-10-29T23:00:00Z,OFF,OTT,STL,8.0,1.0,REG
2024020152,20242025,2,2024-10-29,2024-10-29T23:00:00Z,OFF,NYI,ANA,1.0,3.0,REG
2024020153,20242025,2,2024-10-29,2024-10-29T23:00:00Z,OFF,PIT,MIN,3.0,5.0,REG
2024020151,20242025,2,2024-10-29,2024-10-29T23:30:00Z,OFF,WSH,NYR,5.0,3.0,REG
2024020154,20242025,2,2024-10-29,2024-10-30T02:00:00Z,OFF,SJS,LAK,4.0,2.0,REG
2024020155,20242025,2,2024-10-30,2024-10-30T23:00:00Z,OFF,CBJ,NYI,2.0,0.0,REG
2024020156,20242025,2,2024-10-30,2024-10-30T23:30:00Z,OFF,DET,WPG,2.0,6.0,REG
2024020157,20242025,2,2024-10-30,2024-10-31T01:00:00Z,OFF,COL,TBL,2.0,5.0,REG
2024020158,20242025,2,2024-10-30,2024-10-31T01:30:00Z,OFF,UTA,CGY,5.0,1.0,REG
2024020160,20242025,2,2024-10-30,2024-10-31T02:00:00Z,OFF,LAK,VGK,6.0,3.0,REG
2024020159,20242025,2,2024-10-30,2024-10-31T02:30:00Z,OFF,VAN,NJD,0.0,6.0,REG
2024020161,20242025,2,2024-10-31,2024-10-31T23:00:00Z,OFF,TOR,SEA,4.0,1.0,REG
2024020162,20242025,2,2024-10-31,2024-10-31T23:00:00Z,OFF,PHI,STL,2.0,1.0,REG
2024020163,20242025,2,2024-10-31,2024-10-31T23:00:00Z,OFF,PIT,ANA,2.0,1.0,OT
2024020164,20242025,2,2024-10-31,2024-10-31T23:00:00Z,OFF,WSH,MTL,6.0,3.0,REG
2024020165,20242025,2,2024-10-31,2024-10-31T23:00:00Z,OFF,CAR,BOS,8.0,2.0,REG
2024020166,20242025,2,2024-10-31,2024-11-01T00:00:00Z,OFF,NSH,EDM,1.0,5.0,REG
2024020167,20242025,2,2024-10-31,2024-11-01T02:30:00Z,OFF,SJS,CHI,3.0,2.0,REG
2024020168,20242025,2,2024-11-01,2024-11-01T18:00:00Z,OFF,DAL,FLA,4.0,6.0,REG
2024020169,20242025,2,2024-11-01,2024-11-01T23:00:00Z,OFF,BUF,NYI,3.0,4.0,REG
2024020170,20242025,2,2024-11-01,2024-11-01T23:00:00Z,OFF,NYR,OTT,2.0,1.0,REG
2024020171,20242025,2,2024-11-01,2024-11-01T23:00:00Z,OFF,CBJ,WPG,2.0,6.0,REG
2024020172,20242025,2,2024-11-01,2024-11-02T00:00:00Z,OFF,MIN,TBL,5.0,3.0,REG
2024020173,20242025,2,2024-11-01,2024-11-02T01:00:00Z,OFF,CGY,NJD,3.0,0.0,REG
2024020174,20242025,2,2024-11-02,2024-11-02T16:00:00Z,OFF,FLA,DAL,4.0,2.0,REG
2024020175,20242025,2,2024-11-02,2024-11-02T17:00:00Z,OFF,PHI,BOS,0.0,3.0,REG
2024020176,20242025,2,2024-11-02,2024-11-02T20:00:00Z,OFF,LAK,CHI,3.0,4.0,SO
2024020177,20242025,2,2024-11-02,2024-11-02T21:00:00Z,OFF,WSH,CBJ,7.0,2.0,REG
2024020178,20242025,2,2024-11-02,2024-11-02T23:00:00Z,OFF,OTT,SEA,3.0,0.0,REG
2024020179,20242025,2,2024-11-02,2024-11-02T23:00:00Z,OFF,DET,BUF,2.0,1.0,REG
2024020180,20242025,2,2024-11-02,2024-11-02T23:00:00Z,OFF,PIT,MTL,3.0,1.0,REG
2024020181,20242025,2,2024-11-02,2024-11-02T23:00:00Z,OFF,STL,TOR,4.0,2.0,REG
2024020182,20242025,2,2024-11-02,2024-11-03T00:00:00Z,OFF,NSH,COL,5.0,2.0,REG
2024020183,20242025,2,2024-11-02,2024-11-03T02:00:00Z,OFF,VGK,UTA,4.0,3.0,OT
2024020184,20242025,2,2024-11-02,2024-11-03T02:00:00Z,OFF,SJS,VAN,2.0,3.0,REG
2024020185,20242025,2,2024-11-03,2024-11-03T18:00:00Z,OFF,NYR,NYI,5.0,2.0,REG
2024020186,20242025,2,2024-11-03,2024-11-03T20:00:00Z,OFF,WPG,TBL,7.0,4.0,REG
2024020187,20242025,2,2024-11-03,2024-11-03T22:00:00Z,OFF,BOS,SEA,2.0,0.0,REG
2024020188,20242025,2,2024-11-03,2024-11-03T22:00:00Z,OFF,CAR,WSH,4.0,2.0,REG
2024020189,20242025,2,2024-11-03,2024-11-03T23:00:00Z,OFF,MIN,TOR,2.0,1.0,OT
2024020190,20242025,2,2024-11-03,2024-11-04T01:00:00Z,OFF,CGY,EDM,2.0,4.0,REG
2024020191,20242025,2,2024-11-03,2024-11-04T01:00:00Z,OFF,ANA,CHI,2.0,4.0,REG
2024020192,20242025,2,2024-11-04,2024-11-05T01:00:00Z,OFF,NSH,LAK,0.0,3.0,REG
2024020193,20242025,2,2024-11-04,2024-11-05T01:30:00Z,OFF,EDM,NJD,0.0,3.0,REG
2024020194,20242025,2,2024-11-05,2024-11-06T00:00:00Z,OFF,BUF,OTT,5.0,1.0,REG
2024020195,20242025,2,2024-11-05,2024-11-06T00:00:00Z,OFF,TOR,BOS,4.0,0.0,REG
2024020196,20242025,2,2024-11-05,2024-11-06T00:00:00Z,OFF,MTL,CGY,2.0,3.0,OT
2024020197,20242025,2,2024-11-05,2024-11-06T00:00:00Z,OFF,CAR,PHI,6.0,4.0,REG
2024020198,20242025,2,2024-11-05,2024-11-06T00:30:00Z,OFF,NYI,PIT,4.0,3.0,SO
2024020199,20242025,2,2024-11-05,2024-11-06T01:00:00Z,OFF,STL,TBL,3.0,2.0,REG
2024020200,20242025,2,2024-11-05,2024-11-06T01:00:00Z,OFF,MIN,LAK,1.0,5.0,REG
2024020201,20242025,2,2024-11-05,2024-11-06T01:00:00Z,OFF,WPG,UTA,3.0,0.0,REG
2024020202,20242025,2,2024-11-05,2024-11-06T02:00:00Z,OFF,COL,SEA,6.0,3.0,REG
2024020203,20242025,2,2024-11-05,2024-11-06T03:00:00Z,OFF,ANA,VAN,1.0,5.0,REG
2024020204,20242025,2,2024-11-05,2024-11-06T03:30:00Z,OFF,SJS,CBJ,2.0,1.0,OT
2024020205,20242025,2,2024-11-06,2024-11-07T00:00:00Z,OFF,WSH,NSH,3.0,2.0,REG
2024020206,20242025,2,2024-11-06,2024-11-07T01:00:00Z,OFF,CHI,DET,1.0,4.0,REG
2024020207,20242025,2,2024-11-06,2024-11-07T01:30:00Z,OFF,EDM,VGK,2.0,4.0,REG
2024020208,20242025,2,2024-11-07,2024-11-08T00:00:00Z,OFF,BOS,CGY,4.0,3.0,OT
2024020209,20242025,2,2024-11-07,2024-11-08T00:00:00Z,OFF,OTT,NYI,2.0,4.0,REG
2024020211,20242025,2,2024-11-07,2024-11-08T00:00:00Z,OFF,FLA,NSH,6.0,2.0,REG
2024020212,20242025,2,2024-11-07,2024-11-08T00:00:00Z,OFF,NJD,MTL,5.0,3.0,REG
2024020213,20242025,2,2024-11-07,2024-11-08T00:00:00Z,OFF,NYR,BUF,1.0,6.0,REG
2024020214,20242025,2,2024-11-07,2024-11-08T00:00:00Z,OFF,CAR,PIT,5.0,1.0,REG
2024020210,20242025,2,2024-11-07,2024-11-08T00:30:00Z,OFF,TBL,PHI,1.0,2.0,SO
2024020215,20242025,2,2024-11-07,2024-11-08T01:00:00Z,OFF,STL,UTA,2.0,4.0,REG
2024020216,20242025,2,2024-11-07,2024-11-08T01:00:00Z,OFF,DAL,CHI,3.0,1.0,REG
2024020217,20242025,2,2024-11-07,2024-11-08T01:00:00Z,OFF,WPG,COL,1.0,0.0,REG
2024020218,20242025,2,2024-11-07,2024-11-08T03:30:00Z,OFF,LAK,VAN,2.0,4.0,REG
2024020219,20242025,2,2024-11-07,2024-11-08T03:30:00Z,OFF,SJS,MIN,2.0,5.0,REG
2024020220,20242025,2,2024-11-08,2024-11-09T00:00:00Z,OFF,TOR,DET,3.0,1.0,REG
2024020221,20242025,2,2024-11-08,2024-11-09T00:30:00Z,OFF,WSH,PIT,2.0,4.0,REG
2024020222,20242025,2,2024-11-08,2024-11-09T03:00:00Z,OFF,ANA,MIN,2.0,5.0,REG
2024020223,20242025,2,2024-11-08,2024-11-09T03:00:00Z,OFF,SEA,VGK,4.0,3.0,OT
2024020224,20242025,2,2024-11-09,2024-11-09T18:00:00Z,OFF,BUF,CGY,3.0,2.0,SO
2024020230,20242025,2,2024-11-09,2024-11-09T20:00:00Z,OFF,WPG,DAL,4.0,1.0,REG
2024020225,20242025,2,2024-11-09,2024-11-09T23:00:00Z,OFF,FLA,PHI,4.0,3.0,SO
2024020226,20242025,2,2024-11-09,2024-11-10T00:00:00Z,OFF,BOS,OTT,2.0,3.0,OT
2024020227,20242025,2,2024-11-09,2024-11-10T00:00:00Z,OFF,TOR,MTL,4.0,1.0,REG
2024020228,20242025,2,2024-11-09,2024-11-10T00:00:00Z,OFF,DET,NYR,0.0,4.0,REG
2024020229,20242025,2,2024-11-09,2024-11-10T00:00:00Z,OFF,STL,WSH,1.0,8.0,REG
2024020231,20242025,2,2024-11-09,2024-11-10T00:30:00Z,OFF,NYI,NJD,3.0,4.0,OT
2024020232,20242025,2,2024-11-09,2024-11-10T01:00:00Z,OFF,NSH,UTA,4.0,0.0,REG
2024020233,20242025,2,2024-11-09,2024-11-10T02:00:00Z,OFF,COL,CAR,6.0,4.0,REG
2024020234,20242025,2,2024-11-09,2024-11-10T02:00:00Z,OFF,LAK,CBJ,5.0,2.0,REG
2024020235,20242025,2,2024-11-09,2024-11-10T03:00:00Z,OFF,VAN,EDM,3.0,7.0,REG
2024020236,20242025,2,2024-11-10,2024-11-11T00:00:00Z,OFF,NJD,SJS,0.0,1.0,REG
2024020237,20242025,2,2024-11-10,2024-11-11T00:00:00Z,OFF,CHI,MIN,2.0,1.0,OT
2024020238,20242025,2,2024-11-10,2024-11-11T01:00:00Z,OFF,ANA,CBJ,4.0,2.0,REG
2024020239,20242025,2,2024-11-11,2024-11-11T17:30:00Z,OFF,BUF,MTL,5.0,7.0,REG
2024020240,20242025,2,2024-11-11,2024-11-12T00:00:00Z,OFF,PHI,SJS,4.0,3.0,SO
2024020241,20242025,2,2024-11-11,2024-11-12T00:00:00Z,OFF,PIT,DAL,1.0,7.0,REG
2024020242,20242025,2,2024-11-11,2024-11-12T01:30:00Z,OFF,CGY,LAK,3.0,1.0,REG
2024020243,20242025,2,2024-11-11,2024-11-12T02:00:00Z,OFF,COL,NSH,3.0,2.0,OT
2024020244,20242025,2,2024-11-11,2024-11-12T03:00:00Z,OFF,VGK,CAR,2.0,5.0,REG
2024020245,20242025,2,2024-11-12,2024-11-13T00:00:00Z,OFF,TOR,OTT,0.0,3.0,REG
2024020247,20242025,2,2024-11-12,2024-11-13T00:00:00Z,OFF,NYR,WPG,3.0,6.0,REG
2024020246,20242025,2,2024-11-12,2024-11-13T00:30:00Z,OFF,FLA,NJD,1.0,4.0,REG
2024020248,20242025,2,2024-11-12,2024-11-13T01:00:00Z,OFF,STL,BOS,2.0,3.0,REG
2024020249,20242025,2,2024-11-12,2024-11-13T02:00:00Z,OFF,EDM,NYI,4.0,3.0,OT
2024020250,20242025,2,2024-11-12,2024-11-13T03:00:00Z,OFF,VAN,CGY,3.0,1.0,REG
2024020251,20242025,2,2024-11-12,2024-11-13T03:00:00Z,OFF,SEA,CBJ,5.0,2.0,REG
2024020252,20242025,2,2024-11-13,2024-11-14T00:30:00Z,OFF,PIT,DET,2.0,3.0,OT
2024020253,20242025,2,2024-11-13,2024-11-14T00:30:00Z,OFF,WSH,TOR,3.0,4.0,OT
2024020254,20242025,2,2024-11-13,2024-11-14T02:00:00Z,OFF,UTA,CAR,4.0,1.0,REG
2024020255,20242025,2,2024-11-13,2024-11-14T03:00:00Z,OFF,COL,LAK,4.0,2.0,REG
2024020256,20242025,2,2024-11-13,2024-11-14T03:00:00Z,OFF,ANA,VGK,2.0,3.0,REG
2024020258,20242025,2,2024-11-14,2024-11-15T00:00:00Z,OFF,OTT,PHI,4.0,5.0,OT
2024020259,20242025,2,2024-11-14,2024-11-15T00:00:00Z,OFF,TBL,WPG,4.0,1.0,REG
2024020260,20242025,2,2024-11-14,2024-11-15T00:00:00Z,OFF,FLA,NJD,2.0,6.0,REG
2024020261,20242025,2,2024-11-14,2024-11-15T00:00:00Z,OFF,NYR,SJS,3.0,2.0,REG
2024020257,20242025,2,2024-11-14,2024-11-15T00:30:00Z,OFF,BUF,STL,4.0,3.0,OT
2024020262,20242025,2,2024-11-14,2024-11-15T01:00:00Z,OFF,DAL,BOS,7.0,2.0,REG
2024020263,20242025,2,2024-11-14,2024-11-15T01:00:00Z,OFF,MIN,MTL,3.0,0.0,REG
2024020264,20242025,2,2024-11-14,2024-11-15T02:00:00Z,OFF,EDM,NSH,3.0,2.0,OT
2024020265,20242025,2,2024-11-14,2024-11-15T03:00:00Z,OFF,VAN,NYI,2.0,5.0,REG
2024020266,20242025,2,2024-11-14,2024-11-15T03:00:00Z,OFF,SEA,CHI,3.0,1.0,REG
2024020267,20242025,2,2024-11-15,2024-11-16T00:00:00Z,OFF,CBJ,PIT,6.0,2.0,REG
2024020268,20242025,2,2024-11-15,2024-11-16T02:00:00Z,OFF,COL,WSH,2.0,5.0,REG
2024020269,20242025,2,2024-11-15,2024-11-16T02:00:00Z,OFF,CGY,NSH,2.0,0.0,REG
2024020270,20242025,2,2024-11-15,2024-11-16T02:00:00Z,OFF,UTA,VGK,2.0,4.0,REG
2024020271,20242025,2,2024-11-15,2024-11-16T03:00:00Z,OFF,ANA,DET,6.0,4.0,REG
2024020272,20242025,2,2024-11-16,2024-11-16T18:00:00Z,OFF,BOS,STL,2.0,3.0,OT
2024020273,20242025,2,2024-11-16,2024-11-16T21:00:00Z,OFF,SEA,NYI,3.0,2.0,REG
2024020274,20242025,2,2024-11-16,2024-11-17T00:00:00Z,OFF,TOR,EDM,4.0,3.0,OT
2024020275,20242025,2,2024-11-16,2024-11-17T00:00:00Z,OFF,MTL,CBJ,5.0,1.0,REG
2024020276,20242025,2,2024-11-16,2024-11-17T00:00:00Z,OFF,TBL,NJD,4.0,0.0,REG
2024020277,20242025,2,2024-11-16,2024-11-17T00:00:00Z,OFF,FLA,WPG,5.0,0.0,REG
2024020278,20242025,2,2024-11-16,2024-11-17T00:00:00Z,OFF,PHI,BUF,5.0,2.0,REG
2024020279,20242025,2,2024-11-16,2024-11-17T00:00:00Z,OFF,PIT,SJS,4.0,3.0,SO
2024020280,20242025,2,2024-11-16,2024-11-17T00:00:00Z,OFF,CAR,OTT,4.0,0.0,REG
2024020281,20242025,2,2024-11-16,2024-11-17T01:00:00Z,OFF,MIN,DAL,1.0,2.0,REG
2024020282,20242025,2,2024-11-16,2024-11-17T01:00:00Z,OFF,LAK,DET,4.0,1.0,REG
2024020283,20242025,2,2024-11-16,2024-11-17T03:00:00Z,OFF,VAN,CHI,4.0,1.0,REG
2024020284,20242025,2,2024-11-17,2024-11-17T22:00:00Z,OFF,CAR,STL,4.0,1.0,REG
2024020286,20242025,2,2024-11-17,2024-11-18T01:00:00Z,OFF,VGK,WSH,2.0,5.0,REG
2024020287,20242025,2,2024-11-17,2024-11-18T02:00:00Z,OFF,SEA,NYR,0.0,2.0,REG
2024020285,20242025,2,2024-11-17,2024-11-18T03:00:00Z,OFF,VAN,NSH,3.0,5.0,REG
2024020288,20242025,2,2024-11-18,2024-11-19T00:00:00Z,OFF,BOS,CBJ,1.0,5.0,REG
2024020289,20242025,2,2024-11-18,2024-11-19T00:00:00Z,OFF,PHI,COL,2.0,3.0,REG
2024020290,20242025,2,2024-11-18,2024-11-19T00:30:00Z,OFF,MTL,EDM,3.0,0.0,REG
2024020291,20242025,2,2024-11-18,2024-11-19T01:00:00Z,OFF,DAL,ANA,2.0,4.0,REG
2024020292,20242025,2,2024-11-18,2024-11-19T02:00:00Z,OFF,UTA,WSH,2.0,6.0,REG
2024020293,20242025,2,2024-11-18,2024-11-19T03:30:00Z,OFF,SJS,DET,5.0,4.0,OT
2024020294,20242025,2,2024-11-19,2024-11-20T00:00:00Z,OFF,OTT,EDM,2.0,5.0,REG
2024020295,20242025,2,2024-11-19,2024-11-20T00:00:00Z,OFF,PIT,TBL,2.0,3.0,OT
2024020296,20242025,2,2024-11-19,2024-11-20T01:00:00Z,OFF,STL,MIN,2.0,4.0,REG
2024020297,20242025,2,2024-11-19,2024-11-20T01:00:00Z,OFF,WPG,FLA,6.0,3.0,REG
2024020298,20242025,2,2024-11-19,2024-11-20T01:30:00Z,OFF,CHI,ANA,2.0,3.0,REG
2024020299,20242025,2,2024-11-19,2024-11-20T02:00:00Z,OFF,CGY,NYI,2.0,1.0,SO
2024020300,20242025,2,2024-11-19,2024-11-20T03:00:00Z,OFF,VAN,NYR,3.0,4.0,REG
2024020301,20242025,2,2024-11-20,2024-11-21T00:30:00Z,OFF,TOR,VGK,3.0,0.0,REG
2024020302,20242025,2,2024-11-20,2024-11-21T00:30:00Z,OFF,PHI,CAR,1.0,4.0,REG
2024020303,20242025,2,2024-11-20,2024-11-21T01:00:00Z,OFF,DAL,SJS,5.0,2.0,REG
2024020304,20242025,2,2024-11-20,2024-11-21T03:00:00Z,OFF,SEA,NSH,3.0,0.0,REG
2024020305,20242025,2,2024-11-20,2024-11-21T03:30:00Z,OFF,LAK,BUF,0.0,1.0,REG
2024020306,20242025,2,2024-11-21,2024-11-22T00:00:00Z,OFF,BOS,UTA,1.0,0.0,REG
2024020307,20242025,2,2024-11-21,2024-11-22T00:00:00Z,OFF,OTT,VGK,2.0,3.0,REG
2024020308,20242025,2,2024-11-21,2024-11-22T00:00:00Z,OFF,DET,NYI,2.0,1.0,REG
2024020309,20242025,2,2024-11-21,2024-11-22T00:00:00Z,OFF,NJD,CAR,4.0,2.0,REG
2024020310,20242025,2,2024-11-21,2024-11-22T00:00:00Z,OFF,WSH,COL,1.0,2.0,REG
2024020311,20242025,2,2024-11-21,2024-11-22T00:00:00Z,OFF,CBJ,TBL,7.0,6.0,OT
2024020312,20242025,2,2024-11-21,2024-11-22T01:00:00Z,OFF,STL,SJS,3.0,2.0,SO
2024020313,20242025,2,2024-11-21,2024-11-22T01:30:00Z,OFF,CHI,FLA,3.0,1.0,REG
2024020314,20242025,2,2024-11-21,2024-11-22T02:00:00Z,OFF,CGY,NYR,3.0,2.0,REG
2024020315,20242025,2,2024-11-21,2024-11-22T02:00:00Z,OFF,EDM,MIN,3.0,5.0,REG
2024020316,20242025,2,2024-11-22,2024-11-23T00:00:00Z,OFF,PIT,WPG,1.0,4.0,REG
2024020317,20242025,2,2024-11-22,2024-11-23T03:00:00Z,OFF,ANA,BUF,2.0,3.0,OT
2024020318,20242025,2,2024-11-23,2024-11-23T18:00:00Z,OFF,PHI,CHI,3.0,2.0,OT
2024020319,20242025,2,2024-11-23,2024-11-23T21:00:00Z,OFF,CGY,MIN,4.0,3.0,SO
2024020320,20242025,2,2024-11-23,2024-11-23T21:00:00Z,OFF,LAK,SEA,2.0,1.0,REG
2024020321,20242025,2,2024-11-23,2024-11-23T23:00:00Z,OFF,FLA,COL,4.0,7.0,REG
2024020322,20242025,2,2024-11-23,2024-11-24T00:00:00Z,OFF,MTL,VGK,2.0,6.0,REG
2024020323,20242025,2,2024-11-23,2024-11-24T00:00:00Z,OFF,OTT,VAN,3.0,4.0,REG
2024020324,20242025,2,2024-11-23,2024-11-24T00:00:00Z,OFF,DET,BOS,1.0,2.0,REG
2024020325,20242025,2,2024-11-23,2024-11-24T00:00:00Z,OFF,TBL,DAL,2.0,4.0,REG
2024020326,20242025,2,2024-11-23,2024-11-24T00:00:00Z,OFF,PIT,UTA,1.0,6.0,REG
2024020327,20242025,2,2024-11-23,2024-11-24T00:00:00Z,OFF,WSH,NJD,2.0,3.0,REG
2024020328,20242025,2,2024-11-23,2024-11-24T00:00:00Z,OFF,CBJ,CAR,5.0,4.0,SO
2024020329,20242025,2,2024-11-23,2024-11-24T00:00:00Z,OFF,NSH,WPG,4.0,1.0,REG
2024020330,20242025,2,2024-11-23,2024-11-24T00:30:00Z,OFF,NYI,STL,3.0,1.0,REG
2024020331,20242025,2,2024-11-23,2024-11-24T01:00:00Z,OFF,SJS,BUF,2.0,4.0,REG
2024020332,20242025,2,2024-11-23,2024-11-24T03:00:00Z,OFF,EDM,NYR,6.0,2.0,REG
2024020333,20242025,2,2024-11-24,2024-11-25T00:00:00Z,OFF,TOR,UTA,3.0,2.0,REG
2024020334,20242025,2,2024-11-25,2024-11-26T00:00:00Z,OFF,TBL,COL,8.0,2.0,REG
2024020335,20242025,2,2024-11-25,2024-11-26T00:00:00Z,OFF,FLA,WSH,1.0,4.0,REG
2024020336,20242025,2,2024-11-25,2024-11-26T00:00:00Z,OFF,NJD,NSH,5.0,2.0,REG
2024020337,20242025,2,2024-11-25,2024-11-26T00:00:00Z,OFF,NYR,STL,2.0,5.0,REG
2024020338,20242025,2,2024-11-25,2024-11-26T00:00:00Z,OFF,PHI,VGK,4.0,5.0,SO
2024020339,20242025,2,2024-11-25,2024-11-26T00:00:00Z,OFF,CAR,DAL,6.0,4.0,REG
2024020340,20242025,2,2024-11-25,2024-11-26T00:30:00Z,OFF,OTT,CGY,4.0,3.0,REG
2024020341,20242025,2,2024-11-25,2024-11-26T00:30:00Z,OFF,NYI,DET,2.0,4.0,REG
2024020342,20242025,2,2024-11-25,2024-11-26T01:00:00Z,OFF,MIN,WPG,1.0,4.0,REG
2024020343,20242025,2,2024-11-25,2024-11-26T03:00:00Z,OFF,ANA,SEA,2.0,3.0,REG
2024020344,20242025,2,2024-11-25,2024-11-26T03:30:00Z,OFF,SJS,LAK,7.0,2.0,REG
2024020345,20242025,2,2024-11-26,2024-11-27T00:00:00Z,OFF,BOS,VAN,0.0,2.0,REG
2024020346,20242025,2,2024-11-26,2024-11-27T00:00:00Z,OFF,MTL,UTA,2.0,3.0,OT
2024020347,20242025,2,2024-11-27,2024-11-28T00:00:00Z,OFF,BUF,MIN,0.0,1.0,REG
2024020348,20242025,2,2024-11-27,2024-11-28T00:00:00Z,OFF,NJD,STL,0.0,3.0,REG
2024020349,20242025,2,2024-11-27,2024-11-28T00:00:00Z,OFF,CAR,NYR,4.0,3.0,REG
2024020350,20242025,2,2024-11-27,2024-11-28T00:30:00Z,OFF,DET,CGY,2.0,1.0,OT
2024020351,20242025,2,2024-11-27,2024-11-28T00:30:00Z,OFF,TBL,WSH,4.0,5.0,REG
2024020352,20242025,2,2024-11-27,2024-11-28T00:30:00Z,OFF,FLA,TOR,5.0,1.0,REG
2024020353,20242025,2,2024-11-27,2024-11-28T00:30:00Z,OFF,NYI,BOS,3.0,6.0,REG
2024020354,20242025,2,2024-11-27,2024-11-28T00:30:00Z,OFF,PIT,VAN,5.0,4.0,REG
2024020355,20242025,2,2024-11-27,2024-11-28T00:30:00Z,OFF,CBJ,MTL,3.0,4.0,OT
2024020356,20242025,2,2024-11-27,2024-11-28T01:00:00Z,OFF,NSH,PHI,2.0,3.0,OT
2024020357,20242025,2,2024-11-27,2024-11-28T01:30:00Z,OFF,CHI,DAL,6.0,2.0,REG
2024020358,20242025,2,2024-11-27,2024-11-28T03:00:00Z,OFF,COL,VGK,2.0,1.0,SO
2024020359,20242025,2,2024-11-27,2024-11-28T03:00:00Z,OFF,LAK,WPG,4.0,1.0,REG
2024020360,20242025,2,2024-11-27,2024-11-28T03:00:00Z,OFF,SEA,ANA,2.0,5.0,REG
2024020361,20242025,2,2024-11-27,2024-11-28T03:30:00Z,OFF,SJS,OTT,3.0,4.0,REG
2024020362,20242025,2,2024-11-29,2024-11-29T18:00:00Z,OFF,PHI,NYR,3.0,1.0,REG
2024020363,20242025,2,2024-11-29,2024-11-29T19:00:00Z,OFF,MIN,CHI,3.0,2.0,REG
2024020364,20242025,2,2024-11-29,2024-11-29T20:00:00Z,OFF,BUF,VAN,3.0,4.0,OT
2024020365,20242025,2,2024-11-29,2024-11-29T20:00:00Z,OFF,DET,NJD,4.0,5.0,REG
2024020366,20242025,2,2024-11-29,2024-11-29T20:00:00Z,OFF,WSH,NYI,5.0,4.0,OT
2024020367,20242025,2,2024-11-29,2024-11-29T20:00:00Z,OFF,CAR,FLA,3.0,6.0,REG
2024020368,20242025,2,2024-11-29,2024-11-29T20:00:00Z,OFF,CBJ,CGY,5.0,2.0,REG
2024020369,20242025,2,2024-11-29,2024-11-29T20:00:00Z,OFF,NSH,TBL,2.0,3.0,OT
2024020370,20242025,2,2024-11-29,2024-11-29T20:30:00Z,OFF,ANA,LAK,1.0,2.0,REG
2024020371,20242025,2,2024-11-29,2024-11-29T20:30:00Z,OFF,SJS,SEA,8.0,5.0,REG
2024020372,20242025,2,2024-11-29,2024-11-29T23:30:00Z,OFF,BOS,PIT,1.0,2.0,REG
2024020374,20242025,2,2024-11-29,2024-11-30T01:30:00Z,OFF,VGK,WPG,4.0,3.0,REG
2024020373,20242025,2,2024-11-29,2024-11-30T02:00:00Z,OFF,DAL,COL,5.0,3.0,REG
2024020375,20242025,2,2024-11-29,2024-11-30T02:00:00Z,OFF,UTA,EDM,3.0,4.0,OT
2024020376,20242025,2,2024-11-30,2024-11-30T18:00:00Z,OFF,NYR,MTL,4.0,3.0,REG
2024020377,20242025,2,2024-11-30,2024-11-30T21:00:00Z,OFF,FLA,CAR,6.0,0.0,REG
2024020378,20242025,2,2024-11-30,2024-12-01T00:00:00Z,OFF,TBL,TOR,3.0,5.0,REG
2024020379,20242025,2,2024-11-30,2024-12-01T00:00:00Z,OFF,NJD,WSH,5.0,6.0,REG
2024020380,20242025,2,2024-11-30,2024-12-01T00:00:00Z,OFF,PIT,CGY,6.0,2.0,REG
2024020381,20242025,2,2024-11-30,2024-12-01T00:00:00Z,OFF,STL,PHI,2.0,3.0,OT
2024020382,20242025,2,2024-11-30,2024-12-01T00:00:00Z,OFF,LAK,OTT,5.0,2.0,REG
2024020383,20242025,2,2024-11-30,2024-12-01T00:30:00Z,OFF,NYI,BUF,3.0,0.0,REG
2024020384,20242025,2,2024-11-30,2024-12-01T01:00:00Z,OFF,MIN,NSH,3.0,2.0,OT
2024020385,20242025,2,2024-11-30,2024-12-01T03:00:00Z,OFF,COL,EDM,1.0,4.0,REG
2024020386,20242025,2,2024-11-30,2024-12-01T03:00:00Z,OFF,VGK,UTA,0.0,6.0,REG
2024020387,20242025,2,2024-11-30,2024-12-01T03:00:00Z,OFF,SEA,SJS,2.0,4.0,REG
2024020388,20242025,2,2024-12-01,2024-12-01T17:30:00Z,OFF,DET,VAN,4.0,5.0,OT
2024020389,20242025,2,2024-12-01,2024-12-01T20:00:00Z,OFF,BOS,MTL,6.0,3.0,REG
2024020390,20242025,2,2024-12-01,2024-12-01T20:00:00Z,OFF,CHI,CBJ,3.0,6.0,REG
2024020391,20242025,2,2024-12-01,2024-12-01T21:30:00Z,OFF,DAL,WPG,3.0,1.0,REG
2024020392,20242025,2,2024-12-01,2024-12-02T01:00:00Z,OFF,ANA,OTT,4.0,3.0,SO
2024020393,20242025,2,2024-12-02,2024-12-03T00:00:00Z,OFF,NYR,NJD,1.0,5.0,REG
2024020394,20242025,2,2024-12-02,2024-12-03T00:30:00Z,OFF,TOR,CHI,4.0,1.0,REG
2024020395,20242025,2,2024-12-02,2024-12-03T02:00:00Z,OFF,UTA,DAL,1.0,2.0,REG
2024020396,20242025,2,2024-12-03,2024-12-04T00:00:00Z,OFF,BOS,DET,3.0,2.0,OT
2024020397,20242025,2,2024-12-03,2024-12-04T00:00:00Z,OFF,BUF,COL,4.0,5.0,REG
2024020398,20242025,2,2024-12-03,2024-12-04T00:00:00Z,OFF,MTL,NYI,2.0,1.0,OT
2024020399,20242025,2,2024-12-03,2024-12-04T00:00:00Z,OFF,PIT,FLA,5.0,4.0,OT
2024020400,20242025,2,2024-12-03,2024-12-04T00:00:00Z,OFF,WSH,SJS,1.0,2.0,OT
2024020401,20242025,2,2024-12-03,2024-12-04T00:00:00Z,OFF,CAR,SEA,2.0,4.0,REG
2024020402,20242025,2,2024-12-03,2024-12-04T01:00:00Z,OFF,MIN,VAN,3.0,2.0,OT
2024020403,20242025,2,2024-12-03,2024-12-04T01:00:00Z,OFF,WPG,STL,1.0,4.0,REG
2024020404,20242025,2,2024-12-03,2024-12-04T02:00:00Z,OFF,CGY,CBJ,3.0,0.0,REG
2024020405,20242025,2,2024-12-03,2024-12-04T03:00:00Z,OFF,VGK,EDM,1.0,0.0,REG
2024020406,20242025,2,2024-12-04,2024-12-05T00:30:00Z,OFF,TOR,NSH,3.0,2.0,REG
2024020407,20242025,2,2024-12-04,2024-12-05T00:30:00Z,OFF,CHI,BOS,2.0,4.0,REG
2024020408,20242025,2,2024-12-04,2024-12-05T03:00:00Z,OFF,ANA,VGK,1.0,4.0,REG
2024020409,20242025,2,2024-12-04,2024-12-05T03:00:00Z,OFF,LAK,DAL,3.0,2.0,REG
2024020410,20242025,2,2024-12-05,2024-12-06T00:00:00Z,OFF,BUF,WPG,2.0,3.0,OT
2024020411,20242025,2,2024-12-05,2024-12-06T00:00:00Z,OFF,MTL,NSH,3.0,0.0,REG
2024020412,20242025,2,2024-12-05,2024-12-06T00:00:00Z,OFF,OTT,DET,2.0,1.0,REG
2024020413,20242025,2,2024-12-05,2024-12-06T00:00:00Z,OFF,TBL,SJS,8.0,1.0,REG
2024020414,20242025,2,2024-12-05,2024-12-06T00:00:00Z,OFF,PHI,FLA,5.0,7.0,REG
2024020415,20242025,2,2024-12-05,2024-12-06T00:00:00Z,OFF,CAR,COL,5.0,3.0,REG
2024020416,20242025,2,2024-12-05,2024-12-06T00:30:00Z,OFF,NYI,SEA,2.0,5.0,REG
2024020417,20242025,2,2024-12-05,2024-12-06T02:00:00Z,OFF,CGY,STL,3.0,4.0,OT
2024020418,20242025,2,2024-12-05,2024-12-06T02:00:00Z,OFF,EDM,CBJ,6.0,3.0,REG
2024020419,20242025,2,2024-12-06,2024-12-07T00:00:00Z,OFF,TOR,WSH,1.0,3.0,REG
2024020420,20242025,2,2024-12-06,2024-12-07T00:00:00Z,OFF,NJD,SEA,3.0,2.0,REG
2024020421,20242025,2,2024-12-06,2024-12-07T00:30:00Z,OFF,NYR,PIT,4.0,2.0,REG
2024020422,20242025,2,2024-12-06,2024-12-07T03:00:00Z,OFF,VAN,CBJ,5.0,2.0,REG
2024020423,20242025,2,2024-12-06,2024-12-07T03:00:00Z,OFF,VGK,DAL,3.0,2.0,REG
2024020424,20242025,2,2024-12-06,2024-12-07T03:00:00Z,OFF,ANA,MIN,1.0,5.0,REG
2024020425,20242025,2,2024-12-07,2024-12-07T18:00:00Z,OFF,BOS,PHI,4.0,3.0,OT
2024020426,20242025,2,2024-12-07,2024-12-07T18:00:00Z,OFF,BUF,UTA,2.0,5.0,REG
2024020427,20242025,2,2024-12-07,2024-12-07T21:00:00Z,OFF,CHI,WPG,2.0,4.0,REG
2024020428,20242025,2,2024-12-07,2024-12-07T22:00:00Z,OFF,NYI,CAR,4.0,3.0,REG
2024020429,20242025,2,2024-12-07,2024-12-07T23:00:00Z,OFF,FLA,SJS,3.0,1.0,REG
2024020430,20242025,2,2024-12-07,2024-12-08T00:00:00Z,OFF,MTL,WSH,2.0,4.0,REG
2024020431,20242025,2,2024-12-07,2024-12-08T00:00:00Z,OFF,OTT,NSH,3.0,1.0,REG
2024020432,20242025,2,2024-12-07,2024-12-08T00:00:00Z,OFF,DET,COL,1.0,2.0,REG
2024020433,20242025,2,2024-12-07,2024-12-08T00:00:00Z,OFF,PIT,TOR,5.0,2.0,REG
2024020434,20242025,2,2024-12-07,2024-12-08T01:00:00Z,OFF,LAK,MIN,4.0,1.0,REG
2024020435,20242025,2,2024-12-07,2024-12-08T03:00:00Z,OFF,EDM,STL,4.0,2.0,REG
2024020436,20242025,2,2024-12-08,2024-12-08T18:00:00Z,OFF,NYR,SEA,5.0,7.0,REG
2024020437,20242025,2,2024-12-08,2024-12-08T21:00:00Z,OFF,VAN,TBL,2.0,4.0,REG
2024020438,20242025,2,2024-12-08,2024-12-08T22:00:00Z,OFF,OTT,NYI,2.0,4.0,REG
2024020439,20242025,2,2024-12-08,2024-12-08T23:00:00Z,OFF,WPG,CBJ,1.0,4.0,REG
2024020440,20242025,2,2024-12-08,2024-12-09T00:00:00Z,OFF,NJD,COL,0.0,4.0,REG
2024020441,20242025,2,2024-12-08,2024-12-09T00:30:00Z,OFF,PHI,UTA,2.0,4.0,REG
2024020442,20242025,2,2024-12-08,2024-12-09T01:00:00Z,OFF,DAL,CGY,6.0,2.0,REG
2024020443,20242025,2,2024-12-09,2024-12-10T00:00:00Z,OFF,BUF,DET,5.0,6.0,SO
2024020444,20242025,2,2024-12-09,2024-12-10T00:00:00Z,OFF,NYR,CHI,1.0,2.0,REG
2024020445,20242025,2,2024-12-09,2024-12-10T00:30:00Z,OFF,MTL,ANA,3.0,2.0,SO
2024020446,20242025,2,2024-12-10,2024-12-11T00:00:00Z,OFF,NJD,TOR,1.0,2.0,OT
2024020447,20242025,2,2024-12-10,2024-12-11T00:00:00Z,OFF,PIT,COL,2.0,6.0,REG
2024020448,20242025,2,2024-12-10,2024-12-11T00:00:00Z,OFF,CAR,SJS,3.0,2.0,REG
2024020449,20242025,2,2024-12-10,2024-12-11T00:00:00Z,OFF,CBJ,PHI,3.0,5.0,REG
2024020450,20242025,2,2024-12-10,2024-12-11T00:30:00Z,OFF,NYI,LAK,1.0,3.0,REG
2024020451,20242025,2,2024-12-10,2024-12-11T01:00:00Z,OFF,NSH,CGY,3.0,4.0,REG
2024020452,20242025,2,2024-12-10,2024-12-11T01:00:00Z,OFF,WPG,BOS,8.0,1.0,REG
2024020453,20242025,2,2024-12-10,2024-12-11T02:00:00Z,OFF,EDM,TBL,2.0,1.0,REG
2024020454,20242025,2,2024-12-10,2024-12-11T02:30:00Z,OFF,UTA,MIN,4.0,5.0,SO
2024020455,20242025,2,2024-12-10,2024-12-11T03:00:00Z,OFF,VAN,STL,3.0,4.0,OT
2024020456,20242025,2,2024-12-10,2024-12-11T03:00:00Z,OFF,SEA,FLA,1.0,2.0,SO
2024020457,20242025,2,2024-12-11,2024-12-12T00:00:00Z,OFF,BUF,NYR,2.0,3.0,REG
2024020458,20242025,2,2024-12-11,2024-12-12T00:30:00Z,OFF,OTT,ANA,5.0,1.0,REG
2024020459,20242025,2,2024-12-12,2024-12-13T00:00:00Z,OFF,TOR,ANA,3.0,2.0,REG
2024020460,20242025,2,2024-12-12,2024-12-13T00:00:00Z,OFF,MTL,PIT,2.0,9.0,REG
2024020461,20242025,2,2024-12-12,2024-12-13T00:00:00Z,OFF,NJD,LAK,3.0,1.0,REG
2024020462,20242025,2,2024-12-12,2024-12-13T00:00:00Z,OFF,PHI,DET,4.0,1.0,REG
2024020463,20242025,2,2024-12-12,2024-12-13T00:00:00Z,OFF,CBJ,WSH,1.0,2.0,OT
2024020464,20242025,2,2024-12-12,2024-12-13T00:30:00Z,OFF,NYI,CHI,5.0,4.0,REG
2024020465,20242025,2,2024-12-12,2024-12-13T01:00:00Z,OFF,STL,SJS,3.0,4.0,REG
2024020466,20242025,2,2024-12-12,2024-12-13T01:00:00Z,OFF,DAL,NSH,1.0,4.0,REG
2024020468,20242025,2,2024-12-12,2024-12-13T01:00:00Z,OFF,WPG,VGK,2.0,3.0,OT
2024020467,20242025,2,2024-12-12,2024-12-13T01:30:00Z,OFF,MIN,EDM,1.0,7.0,REG
2024020469,20242025,2,2024-12-12,2024-12-13T02:00:00Z,OFF,COL,UTA,1.0,4.0,REG
2024020470,20242025,2,2024-12-12,2024-12-13T02:00:00Z,OFF,CGY,TBL,3.0,8.0,REG
2024020471,20242025,2,2024-12-12,2024-12-13T03:00:00Z,OFF,VAN,FLA,4.0,0.0,REG
2024020472,20242025,2,2024-12-12,2024-12-13T03:00:00Z,OFF,SEA,BOS,5.0,1.0,REG
2024020473,20242025,2,2024-12-13,2024-12-14T00:00:00Z,OFF,CAR,OTT,0.0,3.0,REG
2024020474,20242025,2,2024-12-14,2024-12-14T18:00:00Z,OFF,NJD,CHI,4.0,1.0,REG
2024020475,20242025,2,2024-12-14,2024-12-14T18:00:00Z,OFF,NYR,LAK,1.0,5.0,REG
2024020476,20242025,2,2024-12-14,2024-12-14T19:00:00Z,OFF,MIN,PHI,4.0,1.0,REG
2024020477,20242025,2,2024-12-14,2024-12-14T21:00:00Z,OFF,EDM,VGK,6.0,3.0,REG
2024020478,20242025,2,2024-12-14,2024-12-15T00:00:00Z,OFF,OTT,PIT,3.0,2.0,OT
2024020479,20242025,2,2024-12-14,2024-12-15T00:00:00Z,OFF,DET,TOR,4.0,2.0,REG
2024020480,20242025,2,2024-12-14,2024-12-15T00:00:00Z,OFF,WSH,BUF,4.0,2.0,REG
2024020481,20242025,2,2024-12-14,2024-12-15T00:00:00Z,OFF,CBJ,ANA,3.0,4.0,OT
2024020482,20242025,2,2024-12-14,2024-12-15T00:00:00Z,OFF,WPG,MTL,4.0,2.0,REG
2024020483,20242025,2,2024-12-14,2024-12-15T01:00:00Z,OFF,DAL,STL,2.0,1.0,OT
2024020484,20242025,2,2024-12-14,2024-12-15T02:00:00Z,OFF,COL,NSH,5.0,2.0,REG
2024020485,20242025,2,2024-12-14,2024-12-15T03:00:00Z,OFF,CGY,FLA,3.0,0.0,REG
2024020486,20242025,2,2024-12-14,2024-12-15T03:00:00Z,OFF,VAN,BOS,1.0,5.0,REG
2024020487,20242025,2,2024-12-14,2024-12-15T03:00:00Z,OFF,SJS,UTA,3.0,4.0,REG
2024020488,20242025,2,2024-12-14,2024-12-15T03:00:00Z,OFF,SEA,TBL,1.0,5.0,REG
2024020489,20242025,2,2024-12-15,2024-12-15T20:00:00Z,OFF,CHI,NYI,5.0,3.0,REG
2024020490,20242025,2,2024-12-15,2024-12-15T22:00:00Z,OFF,TOR,BUF,5.0,3.0,REG
2024020491,20242025,2,2024-12-15,2024-12-15T22:00:00Z,OFF,CAR,CBJ,4.0,1.0,REG
2024020492,20242025,2,2024-12-15,2024-12-15T23:00:00Z,OFF,STL,NYR,3.0,2.0,REG
2024020493,20242025,2,2024-12-15,2024-12-15T23:00:00Z,OFF,MIN,VGK,2.0,3.0,REG
2024020494,20242025,2,2024-12-16,2024-12-17T01:00:00Z,OFF,DAL,WSH,3.0,1.0,REG
2024020495,20242025,2,2024-12-16,2024-12-17T01:30:00Z,OFF,EDM,FLA,5.0,6.0,REG
2024020496,20242025,2,2024-12-16,2024-12-17T03:30:00Z,OFF,VAN,COL,3.0,1.0,REG
2024020497,20242025,2,2024-12-17,2024-12-18T00:00:00Z,OFF,MTL,BUF,6.0,1.0,REG
2024020498,20242025,2,2024-12-17,2024-12-18T00:00:00Z,OFF,TBL,CBJ,5.0,3.0,REG
2024020499,20242025,2,2024-12-17,2024-12-18T00:00:00Z,OFF,PIT,LAK,3.0,2.0,OT
2024020500,20242025,2,2024-12-17,2024-12-18T00:30:00Z,OFF,CAR,NYI,4.0,0.0,REG
2024020501,20242025,2,2024-12-17,2024-12-18T01:00:00Z,OFF,STL,NJD,1.0,4.0,REG
2024020502,20242025,2,2024-12-17,2024-12-18T01:00:00Z,OFF,NSH,NYR,2.0,0.0,REG
2024020503,20242025,2,2024-12-17,2024-12-18T01:30:00Z,OFF,CHI,WSH,3.0,2.0,REG
2024020504,20242025,2,2024-12-17,2024-12-18T02:00:00Z,OFF,CGY,BOS,3.0,4.0,OT
2024020505,20242025,2,2024-12-17,2024-12-18T03:00:00Z,OFF,SEA,OTT,0.0,3.0,REG
2024020506,20242025,2,2024-12-17,2024-12-18T03:30:00Z,OFF,SJS,WPG,3.0,4.0,REG
2024020507,20242025,2,2024-12-18,2024-12-19T00:00:00Z,OFF,DET,PHI,6.0,4.0,REG
2024020508,20242025,2,2024-12-18,2024-12-19T00:30:00Z,OFF,DAL,TOR,3.0,5.0,REG
2024020509,20242025,2,2024-12-18,2024-12-19T02:30:00Z,OFF,MIN,FLA,1.0,6.0,REG
2024020510,20242025,2,2024-12-18,2024-12-19T03:00:00Z,OFF,UTA,VAN,3.0,2.0,OT
2024020511,20242025,2,2024-12-18,2024-12-19T03:00:00Z,OFF,ANA,WPG,3.0,2.0,REG
2024020512,20242025,2,2024-12-19,2024-12-20T00:00:00Z,OFF,TBL,STL,3.0,1.0,REG
2024020514,20242025,2,2024-12-19,2024-12-20T00:00:00Z,OFF,CBJ,NJD,4.0,2.0,REG
2024020513,20242025,2,2024-12-19,2024-12-20T00:30:00Z,OFF,PHI,LAK,3.0,7.0,REG
2024020515,20242025,2,2024-12-19,2024-12-20T01:00:00Z,OFF,NSH,PIT,4.0,5.0,OT
2024020516,20242025,2,2024-12-19,2024-12-20T01:30:00Z,OFF,CHI,SEA,3.0,1.0,REG
2024020517,20242025,2,2024-12-19,2024-12-20T02:00:00Z,OFF,CGY,OTT,2.0,3.0,OT
2024020518,20242025,2,2024-12-19,2024-12-20T02:00:00Z,OFF,EDM,BOS,3.0,2.0,OT
2024020519,20242025,2,2024-12-19,2024-12-20T03:00:00Z,OFF,VGK,VAN,3.0,1.0,REG
2024020520,20242025,2,2024-12-19,2024-12-20T03:30:00Z,OFF,SJS,COL,2.0,4.0,REG
2024020521,20242025,2,2024-12-20,2024-12-21T00:00:00Z,OFF,BUF,TOR,3.0,6.0,REG
2024020522,20242025,2,2024-12-20,2024-12-21T00:00:00Z,OFF,DET,MTL,3.0,4.0,REG
2024020523,20242025,2,2024-12-20,2024-12-21T00:00:00Z,OFF,FLA,STL,2.0,1.0,OT
2024020524,20242025,2,2024-12-20,2024-12-21T00:00:00Z,OFF,WSH,CAR,3.0,1.0,REG
2024020525,20242025,2,2024-12-20,2024-12-21T01:00:00Z,OFF,DAL,NYR,1.0,3.0,REG
2024020526,20242025,2,2024-12-20,2024-12-21T01:00:00Z,OFF,MIN,UTA,1.0,2.0,REG
2024020527,20242025,2,2024-12-20,2024-12-21T03:00:00Z,OFF,ANA,COL,2.0,4.0,REG
2024020528,20242025,2,2024-12-21,2024-12-21T18:30:00Z,OFF,NSH,LAK,3.0,2.0,OT
2024020529,20242025,2,2024-12-21,2024-12-21T21:00:00Z,OFF,CGY,CHI,6.0,4.0,REG
2024020530,20242025,2,2024-12-21,2024-12-21T21:00:00Z,OFF,EDM,SJS,3.0,2.0,OT
2024020531,20242025,2,2024-12-21,2024-12-22T00:00:00Z,OFF,BOS,BUF,3.0,1.0,REG
2024020532,20242025,2,2024-12-21,2024-12-22T00:00:00Z,OFF,TOR,NYI,3.0,6.0,REG
2024020533,20242025,2,2024-12-21,2024-12-22T00:00:00Z,OFF,MTL,DET,5.0,1.0,REG
2024020534,20242025,2,2024-12-21,2024-12-22T00:00:00Z,OFF,NJD,PIT,3.0,0.0,REG
2024020535,20242025,2,2024-12-21,2024-12-22T00:00:00Z,OFF,PHI,CBJ,5.0,4.0,OT
2024020536,20242025,2,2024-12-21,2024-12-22T00:00:00Z,OFF,WPG,MIN,5.0,0.0,REG
2024020537,20242025,2,2024-12-21,2024-12-22T03:00:00Z,OFF,VAN,OTT,4.0,5.0,OT
2024020538,20242025,2,2024-12-21,2024-12-22T03:00:00Z,OFF,VGK,SEA,6.0,2.0,REG
2024020539,20242025,2,2024-12-22,2024-12-22T17:30:00Z,OFF,NYR,CAR,1.0,3.0,REG
2024020540,20242025,2,2024-12-22,2024-12-22T22:00:00Z,OFF,TBL,FLA,2.0,4.0,REG
2024020541,20242025,2,2024-12-22,2024-12-22T22:00:00Z,OFF,WSH,LAK,3.0,1.0,REG
2024020542,20242025,2,2024-12-22,2024-12-22T22:00:00Z,OFF,UTA,ANA,4.0,5.0,SO
2024020543,20242025,2,2024-12-22,2024-12-23T01:00:00Z,OFF,COL,SEA,5.0,2.0,REG
2024020544,20242025,2,2024-12-22,2024-12-23T01:00:00Z,OFF,EDM,OTT,3.0,1.0,REG
2024020545,20242025,2,2024-12-23,2024-12-23T18:00:00Z,OFF,NJD,NYR,5.0,0.0,REG
2024020546,20242025,2,2024-12-23,2024-12-23T19:00:00Z,OFF,TOR,WPG,2.0,5.0,REG
2024020547,20242025,2,2024-12-23,2024-12-24T00:00:00Z,OFF,BOS,WSH,4.0,1.0,REG
2024020548,20242025,2,2024-12-23,2024-12-24T00:00:00Z,OFF,DET,STL,0.0,4.0,REG
2024020549,20242025,2,2024-12-23,2024-12-24T00:00:00Z,OFF,FLA,TBL,0.0,4.0,REG
2024020550,20242025,2,2024-12-23,2024-12-24T00:00:00Z,OFF,PIT,PHI,7.0,3.0,REG
2024020551,20242025,2,2024-12-23,2024-12-24T00:00:00Z,OFF,CBJ,MTL,5.0,4.0,REG
2024020552,20242025,2,2024-12-23,2024-12-24T00:30:00Z,OFF,NYI,BUF,1.0,7.0,REG
2024020553,20242025,2,2024-12-23,2024-12-24T01:00:00Z,OFF,NSH,CAR,5.0,2.0,REG
2024020554,20242025,2,2024-12-23,2024-12-24T01:00:00Z,OFF,MIN,CHI,4.0,3.0,REG
2024020555,20242025,2,2024-12-23,2024-12-24T02:00:00Z,OFF,VAN,SJS,4.0,3.0,REG
2024020556,20242025,2,2024-12-23,2024-12-24T02:00:00Z,OFF,UTA,DAL,2.0,3.0,REG
2024020557,20242025,2,2024-12-23,2024-12-24T03:00:00Z,OFF,VGK,ANA,3.0,1.0,REG
2024020558,20242025,2,2024-12-27,2024-12-28T00:00:00Z,OFF,BUF,CHI,6.0,2.0,REG
2024020559,20242025,2,2024-12-27,2024-12-28T00:00:00Z,OFF,DET,TOR,2.0,5.0,REG
2024020560,20242025,2,2024-12-27,2024-12-28T00:00:00Z,OFF,NJD,CAR,4.0,2.0,REG
2024020561,20242025,2,2024-12-27,2024-12-28T00:00:00Z,OFF,CBJ,BOS,6.0,2.0,REG
2024020562,20242025,2,2024-12-27,2024-12-28T01:00:00Z,OFF,STL,NSH,7.0,4.0,REG
2024020563,20242025,2,2024-12-27,2024-12-28T01:00:00Z,OFF,DAL,MIN,2.0,3.0,OT
2024020564,20242025,2,2024-12-27,2024-12-28T02:30:00Z,OFF,UTA,COL,1.0,4.0,REG
2024020565,20242025,2,2024-12-27,2024-12-28T03:30:00Z,OFF,SJS,VGK,3.0,6.0,REG
2024020566,20242025,2,2024-12-28,2024-12-28T18:00:00Z,OFF,FLA,MTL,0.0,4.0,REG
2024020567,20242025,2,2024-12-28,2024-12-28T21:00:00Z,OFF,VAN,SEA,4.0,5.0,OT
2024020568,20242025,2,2024-12-28,2024-12-28T21:00:00Z,OFF,ANA,PHI,1.0,3.0,REG
2024020569,20242025,2,2024-12-28,2024-12-28T21:00:00Z,OFF,LAK,EDM,4.0,3.0,OT
2024020570,20242025,2,2024-12-28,2024-12-29T00:00:00Z,OFF,BOS,CBJ,4.0,0.0,REG
2024020571,20242025,2,2024-12-28,2024-12-29T00:00:00Z,OFF,TOR,WSH,2.0,5.0,REG
2024020572,20242025,2,2024-12-28,2024-12-29T00:00:00Z,OFF,TBL,NYR,6.0,2.0,REG
2024020573,20242025,2,2024-12-28,2024-12-29T00:00:00Z,OFF,CAR,NJD,5.0,2.0,REG
2024020574,20242025,2,2024-12-28,2024-12-29T00:00:00Z,OFF,WPG,OTT,4.0,2.0,REG
2024020575,20242025,2,2024-12-28,2024-12-29T00:30:00Z,OFF,NYI,PIT,6.0,3.0,REG
2024020576,20242025,2,2024-12-28,2024-12-29T03:00:00Z,OFF,SJS,CGY,1.0,3.0,REG
2024020582,20242025,2,2024-12-29,2024-12-29T20:00:00Z,OFF,STL,BUF,2.0,4.0,REG
2024020578,20242025,2,2024-12-29,2024-12-29T21:00:00Z,OFF,ANA,EDM,5.0,3.0,REG
2024020579,20242025,2,2024-12-29,2024-12-29T22:00:00Z,OFF,DET,WSH,4.0,2.0,REG
2024020580,20242025,2,2024-12-29,2024-12-29T22:00:00Z,OFF,TBL,MTL,2.0,5.0,REG
2024020581,20242025,2,2024-12-29,2024-12-29T22:30:00Z,OFF,PIT,NYI,3.0,2.0,REG
2024020583,20242025,2,2024-12-29,2024-12-30T01:00:00Z,OFF,MIN,OTT,1.0,3.0,REG
2024020584,20242025,2,2024-12-29,2024-12-30T01:00:00Z,OFF,VGK,CGY,3.0,0.0,REG
2024020577,20242025,2,2024-12-29,2024-12-30T01:30:00Z,OFF,CHI,DAL,1.0,5.0,REG
2024020585,20242025,2,2024-12-29,2024-12-30T02:00:00Z,OFF,LAK,PHI,5.0,4.0,REG
2024020586,20242025,2,2024-12-30,2024-12-31T00:00:00Z,OFF,FLA,NYR,5.0,3.0,REG
2024020587,20242025,2,2024-12-30,2024-12-31T00:30:00Z,OFF,WPG,NSH,3.0,0.0,REG
2024020588,20242025,2,2024-12-30,2024-12-31T01:00:00Z,OFF,SEA,UTA,5.0,2.0,REG
2024020589,20242025,2,2024-12-31,2024-12-31T17:30:00Z,OFF,WSH,BOS,3.0,1.0,REG
2024020590,20242025,2,2024-12-31,2024-12-31T18:00:00Z,OFF,TOR,NYI,3.0,1.0,REG
2024020591,20242025,2,2024-12-31,2024-12-31T20:00:00Z,OFF,VGK,MTL,2.0,3.0,REG
2024020592,20242025,2,2024-12-31,2024-12-31T22:00:00Z,OFF,CHI,STL,2.0,6.0,REG
2024020593,20242025,2,2024-12-31,2025-01-01T01:00:00Z,OFF,DET,PIT,4.0,2.0,REG
2024020594,20242025,2,2024-12-31,2025-01-01T01:00:00Z,OFF,CBJ,CAR,4.0,3.0,SO
2024020595,20242025,2,2024-12-31,2025-01-01T01:00:00Z,OFF,DAL,BUF,4.0,2.0,REG
2024020596,20242025,2,2024-12-31,2025-01-01T01:00:00Z,OFF,MIN,NSH,5.0,3.0,REG
2024020597,20242025,2,2024-12-31,2025-01-01T01:00:00Z,OFF,COL,WPG,5.0,2.0,REG
2024020598,20242025,2,2024-12-31,2025-01-01T01:00:00Z,OFF,ANA,NJD,3.0,2.0,REG
2024020599,20242025,2,2024-12-31,2025-01-01T01:00:00Z,OFF,SJS,PHI,0.0,4.0,REG
2024020600,20242025,2,2024-12-31,2025-01-01T02:00:00Z,OFF,CGY,VAN,3.0,1.0,REG
2024020601,20242025,2,2024-12-31,2025-01-01T02:00:00Z,OFF,EDM,UTA,4.0,1.0,REG
2024020602,20242025,2,2025-01-01,2025-01-01T23:00:00Z,OFF,LAK,NJD,3.0,0.0,REG
2024020603,20242025,2,2025-01-02,2025-01-03T00:00:00Z,OFF,FLA,CAR,1.0,3.0,REG
2024020604,20242025,2,2025-01-02,2025-01-03T00:00:00Z,OFF,NYR,BOS,2.0,1.0,REG
2024020605,20242025,2,2025-01-02,2025-01-03T00:00:00Z,OFF,WSH,MIN,3.0,4.0,SO
2024020606,20242025,2,2025-01-02,2025-01-03T00:00:00Z,OFF,CBJ,DET,4.0,5.0,REG
2024020607,20242025,2,2025-01-02,2025-01-03T00:30:00Z,OFF,NYI,TOR,1.0,2.0,REG
2024020608,20242025,2,2025-01-02,2025-01-03T01:00:00Z,OFF,DAL,OTT,4.0,2.0,REG
2024020609,20242025,2,2025-01-02,2025-01-03T01:00:00Z,OFF,WPG,ANA,3.0,4.0,OT
2024020610,20242025,2,2025-01-02,2025-01-03T02:00:00Z,OFF,COL,BUF,6.0,5.0,OT
2024020611,20242025,2,2025-01-02,2025-01-03T02:00:00Z,OFF,CGY,UTA,3.0,5.0,REG
2024020612,20242025,2,2025-01-02,2025-01-03T03:00:00Z,OFF,VGK,PHI,5.0,2.0,REG
2024020613,20242025,2,2025-01-02,2025-01-03T03:00:00Z,OFF,SEA,VAN,3.0,4.0,SO
2024020614,20242025,2,2025-01-02,2025-01-03T03:30:00Z,OFF,SJS,TBL,2.0,1.0,REG
2024020615,20242025,2,2025-01-03,2025-01-04T00:00:00Z,OFF,FLA,PIT,3.0,2.0,SO
2024020616,20242025,2,2025-01-03,2025-01-04T01:00:00Z,OFF,CHI,MTL,4.0,2.0,REG
2024020617,20242025,2,2025-01-03,2025-01-04T01:00:00Z,OFF,STL,OTT,4.0,0.0,REG
2024020618,20242025,2,2025-01-03,2025-01-04T02:00:00Z,OFF,EDM,ANA,3.0,2.0,REG
2024020619,20242025,2,2025-01-03,2025-01-04T03:00:00Z,OFF,VAN,NSH,0.0,3.0,REG
2024020620,20242025,2,2025-01-04,2025-01-04T17:00:00Z,OFF,WSH,NYR,7.0,4.0,REG
2024020622,20242025,2,2025-01-04,2025-01-04T21:00:00Z,OFF,SJS,NJD,3.0,2.0,REG
2024020621,20242025,2,2025-01-04,2025-01-05T00:00:00Z,OFF,WPG,DET,2.0,4.0,REG
2024020623,20242025,2,2025-01-04,2025-01-05T00:00:00Z,OFF,TOR,BOS,6.0,4.0,REG
2024020624,20242025,2,2025-01-04,2025-01-05T00:00:00Z,OFF,CAR,MIN,0.0,4.0,REG
2024020625,20242025,2,2025-01-04,2025-01-05T00:00:00Z,OFF,CBJ,STL,6.0,4.0,REG
2024020626,20242025,2,2025-01-04,2025-01-05T00:00:00Z,OFF,COL,MTL,1.0,2.0,SO
2024020628,20242025,2,2025-01-04,2025-01-05T01:00:00Z,OFF,DAL,UTA,3.0,2.0,OT
2024020629,20242025,2,2025-01-04,2025-01-05T02:00:00Z,OFF,LAK,TBL,2.0,1.0,REG
2024020627,20242025,2,2025-01-04,2025-01-05T03:00:00Z,OFF,CGY,NSH,1.0,4.0,REG
2024020630,20242025,2,2025-01-04,2025-01-05T03:00:00Z,OFF,VGK,BUF,3.0,1.0,REG
2024020631,20242025,2,2025-01-04,2025-01-05T03:00:00Z,OFF,SEA,EDM,2.0,4.0,REG
2024020632,20242025,2,2025-01-05,2025-01-05T20:00:00Z,OFF,CHI,NYR,2.0,6.0,REG
2024020633,20242025,2,2025-01-05,2025-01-05T23:00:00Z,OFF,BOS,NYI,4.0,5.0,OT
2024020634,20242025,2,2025-01-05,2025-01-05T23:00:00Z,OFF,CAR,PIT,4.0,3.0,OT
2024020635,20242025,2,2025-01-05,2025-01-06T00:00:00Z,OFF,TOR,PHI,3.0,2.0,OT
2024020636,20242025,2,2025-01-05,2025-01-06T01:00:00Z,OFF,ANA,TBL,4.0,1.0,REG
2024020637,20242025,2,2025-01-06,2025-01-07T00:00:00Z,OFF,BUF,WSH,4.0,3.0,SO
2024020638,20242025,2,2025-01-06,2025-01-07T00:30:00Z,OFF,MTL,VAN,5.0,4.0,OT
2024020639,20242025,2,2025-01-06,2025-01-07T02:00:00Z,OFF,COL,FLA,3.0,1.0,REG
2024020640,20242025,2,2025-01-06,2025-01-07T03:00:00Z,OFF,SEA,NJD,2.0,3.0,REG
2024020029,20242025,2,2025-01-07,2025-01-08T00:00:00Z,OFF,TBL,CAR,3.0,2.0,REG
2024020641,20242025,2,2025-01-07,2025-01-08T00:00:00Z,OFF,BOS,EDM,0.0,4.0,REG
2024020642,20242025,2,2025-01-07,2025-01-08T00:00:00Z,OFF,DET,OTT,3.0,2.0,OT
2024020643,20242025,2,2025-01-07,2025-01-08T00:00:00Z,OFF,NYR,DAL,4.0,5.0,OT
2024020645,20242025,2,2025-01-07,2025-01-08T00:00:00Z,OFF,PIT,CBJ,3.0,4.0,SO
2024020644,20242025,2,2025-01-07,2025-01-08T00:30:00Z,OFF,PHI,TOR,2.0,3.0,REG
2024020646,20242025,2,2025-01-07,2025-01-08T01:00:00Z,OFF,MIN,STL,6.0,4.0,REG
2024020647,20242025,2,2025-01-07,2025-01-08T01:00:00Z,OFF,WPG,NSH,5.0,2.0,REG
2024020648,20242025,2,2025-01-07,2025-01-08T03:00:00Z,OFF,ANA,CGY,2.0,3.0,OT
2024020649,20242025,2,2025-01-07,2025-01-08T03:30:00Z,OFF,SJS,VGK,2.0,4.0,REG
2024020650,20242025,2,2025-01-08,2025-01-09T00:30:00Z,OFF,WSH,VAN,2.0,1.0,OT
2024020651,20242025,2,2025-01-08,2025-01-09T00:30:00Z,OFF,CHI,COL,3.0,1.0,REG
2024020652,20242025,2,2025-01-08,2025-01-09T03:00:00Z,OFF,UTA,FLA,1.0,4.0,REG
2024020654,20242025,2,2025-01-09,2025-01-10T00:00:00Z,OFF,OTT,BUF,0.0,4.0,REG
2024020655,20242025,2,2025-01-09,2025-01-10T00:00:00Z,OFF,TBL,BOS,4.0,1.0,REG
2024020656,20242025,2,2025-01-09,2025-01-10T00:00:00Z,OFF,NYR,NJD,3.0,2.0,OT
2024020657,20242025,2,2025-01-09,2025-01-10T00:00:00Z,OFF,PHI,DAL,1.0,4.0,REG
2024020658,20242025,2,2025-01-09,2025-01-10T00:00:00Z,OFF,PIT,EDM,5.0,3.0,REG
2024020660,20242025,2,2025-01-09,2025-01-10T00:00:00Z,OFF,CBJ,SEA,6.0,2.0,REG
2024020659,20242025,2,2025-01-09,2025-01-10T00:30:00Z,OFF,CAR,TOR,6.0,3.0,REG
2024020661,20242025,2,2025-01-09,2025-01-10T01:00:00Z,OFF,STL,ANA,6.0,2.0,REG
2024020662,20242025,2,2025-01-09,2025-01-10T01:00:00Z,OFF,MIN,COL,1.0,6.0,REG
2024020663,20242025,2,2025-01-09,2025-01-10T03:00:00Z,OFF,VGK,NYI,0.0,4.0,REG
2024020664,20242025,2,2025-01-10,2025-01-11T00:00:00Z,OFF,DET,CHI,5.0,3.0,REG
2024020665,20242025,2,2025-01-10,2025-01-11T00:00:00Z,OFF,WSH,MTL,2.0,3.0,OT
2024020666,20242025,2,2025-01-10,2025-01-11T00:00:00Z,OFF,CAR,VAN,2.0,0.0,REG
2024020667,20242025,2,2025-01-10,2025-01-11T01:00:00Z,OFF,WPG,LAK,1.0,2.0,OT
2024020668,20242025,2,2025-01-10,2025-01-11T02:00:00Z,OFF,UTA,SJS,2.0,1.0,REG
2024020669,20242025,2,2025-01-11,2025-01-11T18:00:00Z,OFF,FLA,BOS,3.0,4.0,OT
2024020670,20242025,2,2025-01-11,2025-01-11T21:00:00Z,OFF,BUF,SEA,2.0,6.0,REG
2024020671,20242025,2,2025-01-11,2025-01-11T21:00:00Z,OFF,PIT,OTT,0.0,5.0,REG
2024020672,20242025,2,2025-01-11,2025-01-12T00:00:00Z,OFF,TOR,VAN,0.0,3.0,REG
2024020673,20242025,2,2025-01-11,2025-01-12T00:00:00Z,OFF,MTL,DAL,1.0,2.0,SO
2024020674,20242025,2,2025-01-11,2025-01-12T00:00:00Z,OFF,NJD,TBL,3.0,2.0,OT
2024020675,20242025,2,2025-01-11,2025-01-12T00:00:00Z,OFF,PHI,ANA,6.0,0.0,REG
2024020676,20242025,2,2025-01-11,2025-01-12T00:00:00Z,OFF,CHI,EDM,3.0,4.0,REG
2024020677,20242025,2,2025-01-11,2025-01-12T00:00:00Z,OFF,STL,CBJ,1.0,2.0,REG
2024020678,20242025,2,2025-01-11,2025-01-12T00:00:00Z,OFF,WPG,COL,3.0,0.0,REG
2024020679,20242025,2,2025-01-11,2025-01-12T01:00:00Z,OFF,NSH,WSH,1.0,4.0,REG
2024020680,20242025,2,2025-01-11,2025-01-12T02:00:00Z,OFF,UTA,NYI,1.0,2.0,REG
2024020681,20242025,2,2025-01-11,2025-01-12T03:00:00Z,OFF,CGY,LAK,2.0,1.0,REG
2024020682,20242025,2,2025-01-11,2025-01-12T03:00:00Z,OFF,VGK,NYR,1.0,2.0,REG
2024020683,20242025,2,2025-01-11,2025-01-12T03:00:00Z,OFF,SJS,MIN,1.0,3.0,REG
2024020684,20242025,2,2025-01-12,2025-01-12T20:00:00Z,OFF,DET,SEA,6.0,2.0,REG
2024020685,20242025,2,2025-01-12,2025-01-12T22:00:00Z,OFF,OTT,DAL,3.0,2.0,REG
2024020686,20242025,2,2025-01-12,2025-01-12T22:00:00Z,OFF,PIT,TBL,2.0,5.0,REG
2024020687,20242025,2,2025-01-12,2025-01-12T22:00:00Z,OFF,CAR,ANA,2.0,3.0,OT
2024020688,20242025,2,2025-01-12,2025-01-13T01:00:00Z,OFF,VGK,MIN,4.0,1.0,REG
2024020689,20242025,2,2025-01-13,2025-01-14T00:00:00Z,OFF,PHI,FLA,4.0,3.0,REG
2024020690,20242025,2,2025-01-13,2025-01-14T00:30:00Z,OFF,CHI,CGY,2.0,5.0,REG
2024020691,20242025,2,2025-01-13,2025-01-14T02:30:00Z,OFF,EDM,LAK,1.0,0.0,REG
2024020692,20242025,2,2025-01-14,2025-01-15T00:00:00Z,OFF,BOS,TBL,6.0,2.0,REG
2024020693,20242025,2,2025-01-14,2025-01-15T00:00:00Z,OFF,TOR,DAL,1.0,4.0,REG
2024020694,20242025,2,2025-01-14,2025-01-15T00:00:00Z,OFF,DET,SJS,3.0,6.0,REG
2024020696,20242025,2,2025-01-14,2025-01-15T00:00:00Z,OFF,PIT,SEA,2.0,4.0,REG
2024020697,20242025,2,2025-01-14,2025-01-15T00:00:00Z,OFF,WSH,ANA,3.0,0.0,REG
2024020698,20242025,2,2025-01-14,2025-01-15T00:00:00Z,OFF,CBJ,PHI,3.0,2.0,SO
2024020695,20242025,2,2025-01-14,2025-01-15T00:30:00Z,OFF,NJD,FLA,1.0,2.0,SO
2024020699,20242025,2,2025-01-14,2025-01-15T00:30:00Z,OFF,NYI,OTT,0.0,2.0,REG
2024020700,20242025,2,2025-01-14,2025-01-15T01:00:00Z,OFF,STL,CGY,2.0,1.0,REG
2024020701,20242025,2,2025-01-14,2025-01-15T01:00:00Z,OFF,NSH,VGK,5.0,3.0,REG
2024020702,20242025,2,2025-01-14,2025-01-15T01:00:00Z,OFF,WPG,VAN,6.0,1.0,REG
2024020703,20242025,2,2025-01-14,2025-01-15T02:00:00Z,OFF,COL,NYR,3.0,2.0,OT
2024020704,20242025,2,2025-01-14,2025-01-15T02:00:00Z,OFF,UTA,MTL,3.0,5.0,REG
2024020705,20242025,2,2025-01-15,2025-01-15T23:00:00Z,OFF,BUF,CAR,4.0,2.0,REG
2024020706,20242025,2,2025-01-15,2025-01-16T01:30:00Z,OFF,MIN,EDM,3.0,5.0,REG
2024020707,20242025,2,2025-01-16,2025-01-17T00:00:00Z,OFF,TOR,NJD,4.0,3.0,OT
2024020708,20242025,2,2025-01-16,2025-01-17T00:00:00Z,OFF,OTT,WSH,0.0,1.0,OT
2024020709,20242025,2,2025-01-16,2025-01-17T00:00:00Z,OFF,TBL,ANA,4.0,3.0,SO
2024020710,20242025,2,2025-01-16,2025-01-17T00:00:00Z,OFF,FLA,DET,2.0,5.0,REG
2024020711,20242025,2,2025-01-16,2025-01-17T00:00:00Z,OFF,CBJ,SJS,4.0,1.0,REG
2024020712,20242025,2,2025-01-16,2025-01-17T00:30:00Z,OFF,NYI,PHI,3.0,5.0,REG
2024020713,20242025,2,2025-01-16,2025-01-17T01:00:00Z,OFF,STL,CGY,4.0,1.0,REG
2024020714,20242025,2,2025-01-16,2025-01-17T01:00:00Z,OFF,NSH,CHI,3.0,2.0,SO
2024020715,20242025,2,2025-01-16,2025-01-17T01:00:00Z,OFF,DAL,MTL,1.0,3.0,REG
2024020716,20242025,2,2025-01-16,2025-01-17T01:00:00Z,OFF,WPG,SEA,2.0,1.0,REG
2024020717,20242025,2,2025-01-16,2025-01-17T02:00:00Z,OFF,UTA,NYR,3.0,5.0,REG
2024020718,20242025,2,2025-01-16,2025-01-17T02:30:00Z,OFF,COL,EDM,3.0,4.0,REG
2024020719,20242025,2,2025-01-16,2025-01-17T03:00:00Z,OFF,VAN,LAK,1.0,5.0,REG
2024020720,20242025,2,2025-01-17,2025-01-18T00:00:00Z,OFF,BUF,PIT,2.0,5.0,REG
2024020721,20242025,2,2025-01-17,2025-01-18T00:00:00Z,OFF,CAR,VGK,3.0,2.0,REG
2024020722,20242025,2,2025-01-18,2025-01-18T17:30:00Z,OFF,NJD,PHI,1.0,3.0,REG
2024020723,20242025,2,2025-01-18,2025-01-18T20:00:00Z,OFF,OTT,BOS,6.0,5.0,SO
2024020724,20242025,2,2025-01-18,2025-01-18T21:00:00Z,OFF,COL,DAL,6.0,3.0,REG
2024020725,20242025,2,2025-01-18,2025-01-18T23:00:00Z,OFF,FLA,ANA,3.0,0.0,REG
2024020726,20242025,2,2025-01-18,2025-01-19T00:00:00Z,OFF,MTL,TOR,3.0,7.0,REG
2024020727,20242025,2,2025-01-18,2025-01-19T00:00:00Z,OFF,TBL,DET,5.0,1.0,REG
2024020728,20242025,2,2025-01-18,2025-01-19T00:00:00Z,OFF,NYR,CBJ,1.0,0.0,SO
2024020729,20242025,2,2025-01-18,2025-01-19T00:00:00Z,OFF,WSH,PIT,4.0,1.0,REG
2024020730,20242025,2,2025-01-18,2025-01-19T00:00:00Z,OFF,WPG,CGY,1.0,3.0,REG
2024020731,20242025,2,2025-01-18,2025-01-19T00:30:00Z,OFF,NYI,SJS,4.0,1.0,REG
2024020732,20242025,2,2025-01-18,2025-01-19T01:00:00Z,OFF,CHI,VGK,5.0,3.0,REG
2024020733,20242025,2,2025-01-18,2025-01-19T01:00:00Z,OFF,NSH,MIN,6.0,2.0,REG
2024020734,20242025,2,2025-01-18,2025-01-19T02:00:00Z,OFF,UTA,STL,4.0,2.0,REG
2024020735,20242025,2,2025-01-18,2025-01-19T03:00:00Z,OFF,VAN,EDM,3.0,2.0,REG
2024020736,20242025,2,2025-01-18,2025-01-19T03:00:00Z,OFF,SEA,LAK,4.0,2.0,REG
2024020737,20242025,2,2025-01-19,2025-01-19T18:00:00Z,OFF,NJD,OTT,1.0,2.0,REG
2024020738,20242025,2,2025-01-19,2025-01-20T00:00:00Z,OFF,MTL,NYR,5.0,4.0,OT
2024020739,20242025,2,2025-01-19,2025-01-20T01:00:00Z,OFF,DAL,DET,4.0,1.0,REG
2024020740,20242025,2,2025-01-20,2025-01-20T18:00:00Z,OFF,BOS,SJS,6.0,3.0,REG
2024020741,20242025,2,2025-01-20,2025-01-20T20:00:00Z,OFF,COL,MIN,1.0,3.0,REG
2024020742,20242025,2,2025-01-20,2025-01-20T21:00:00Z,OFF,SEA,BUF,6.0,4.0,REG
2024020743,20242025,2,2025-01-20,2025-01-20T23:00:00Z,OFF,VGK,STL,4.0,5.0,SO
2024020744,20242025,2,2025-01-20,2025-01-21T00:30:00Z,OFF,TOR,TBL,5.0,3.0,REG
2024020745,20242025,2,2025-01-20,2025-01-21T00:30:00Z,OFF,NYI,CBJ,3.0,1.0,REG
2024020746,20242025,2,2025-01-20,2025-01-21T01:30:00Z,OFF,CHI,CAR,3.0,4.0,OT
2024020747,20242025,2,2025-01-20,2025-01-21T02:30:00Z,OFF,UTA,WPG,5.0,2.0,REG
2024020748,20242025,2,2025-01-20,2025-01-21T03:30:00Z,OFF,LAK,PIT,1.0,5.0,REG
2024020749,20242025,2,2025-01-21,2025-01-22T00:00:00Z,OFF,MTL,TBL,3.0,2.0,REG
2024020750,20242025,2,2025-01-21,2025-01-22T00:00:00Z,OFF,NYR,OTT,5.0,0.0,REG
2024020751,20242025,2,2025-01-21,2025-01-22T00:00:00Z,OFF,PHI,DET,2.0,1.0,OT
2024020752,20242025,2,2025-01-21,2025-01-22T01:00:00Z,OFF,NSH,SJS,7.0,5.0,REG
2024020753,20242025,2,2025-01-21,2025-01-22T01:00:00Z,OFF,DAL,CAR,1.0,2.0,REG
2024020754,20242025,2,2025-01-21,2025-01-22T02:00:00Z,OFF,EDM,WSH,2.0,3.0,REG
2024020755,20242025,2,2025-01-21,2025-01-22T03:00:00Z,OFF,VAN,BUF,2.0,3.0,REG
2024020756,20242025,2,2025-01-21,2025-01-22T03:00:00Z,OFF,ANA,FLA,2.0,5.0,REG
2024020758,20242025,2,2025-01-22,2025-01-23T00:00:00Z,OFF,NJD,BOS,5.0,1.0,REG
2024020757,20242025,2,2025-01-22,2025-01-23T00:30:00Z,OFF,TOR,CBJ,1.0,5.0,REG
2024020759,20242025,2,2025-01-22,2025-01-23T02:30:00Z,OFF,COL,WPG,2.0,3.0,OT
2024020760,20242025,2,2025-01-22,2025-01-23T03:00:00Z,OFF,LAK,FLA,2.0,1.0,REG
2024020761,20242025,2,2025-01-23,2025-01-24T00:00:00Z,OFF,BOS,OTT,2.0,0.0,REG
2024020762,20242025,2,2025-01-23,2025-01-24T00:00:00Z,OFF,DET,MTL,4.0,2.0,REG
2024020763,20242025,2,2025-01-23,2025-01-24T00:00:00Z,OFF,NYR,PHI,6.0,1.0,REG
2024020764,20242025,2,2025-01-23,2025-01-24T00:00:00Z,OFF,CAR,CBJ,7.0,4.0,REG
2024020765,20242025,2,2025-01-23,2025-01-24T01:00:00Z,OFF,STL,VGK,2.0,4.0,REG
2024020766,20242025,2,2025-01-23,2025-01-24T01:00:00Z,OFF,MIN,UTA,0.0,4.0,REG
2024020767,20242025,2,2025-01-23,2025-01-24T02:00:00Z,OFF,CGY,BUF,5.0,2.0,REG
2024020768,20242025,2,2025-01-23,2025-01-24T02:00:00Z,OFF,EDM,VAN,6.0,2.0,REG
2024020769,20242025,2,2025-01-23,2025-01-24T03:00:00Z,OFF,ANA,PIT,5.0,1.0,REG
2024020770,20242025,2,2025-01-23,2025-01-24T03:00:00Z,OFF,SEA,WSH,0.0,3.0,REG
2024020771,20242025,2,2025-01-23,2025-01-24T03:30:00Z,OFF,SJS,NSH,5.0,6.0,REG
2024020772,20242025,2,2025-01-24,2025-01-25T00:30:00Z,OFF,NYI,PHI,3.0,1.0,REG
2024020774,20242025,2,2025-01-24,2025-01-25T00:30:00Z,OFF,DAL,VGK,4.0,3.0,REG
2024020773,20242025,2,2025-01-24,2025-01-25T01:00:00Z,OFF,CHI,TBL,3.0,4.0,OT
2024020775,20242025,2,2025-01-24,2025-01-25T01:00:00Z,OFF,WPG,UTA,5.0,2.0,REG
2024020776,20242025,2,2025-01-25,2025-01-25T18:00:00Z,OFF,BOS,COL,3.0,1.0,REG
2024020777,20242025,2,2025-01-25,2025-01-25T21:00:00Z,OFF,EDM,BUF,3.0,2.0,REG
2024020778,20242025,2,2025-01-25,2025-01-25T21:00:00Z,OFF,SEA,PIT,4.0,1.0,REG
2024020779,20242025,2,2025-01-25,2025-01-26T00:00:00Z,OFF,MTL,NJD,3.0,4.0,OT
2024020780,20242025,2,2025-01-25,2025-01-26T00:00:00Z,OFF,OTT,TOR,2.0,1.0,REG
2024020781,20242025,2,2025-01-25,2025-01-26T00:00:00Z,OFF,DET,TBL,2.0,0.0,REG
2024020782,20242025,2,2025-01-25,2025-01-26T00:00:00Z,OFF,CBJ,LAK,3.0,2.0,OT
2024020783,20242025,2,2025-01-25,2025-01-26T00:00:00Z,OFF,STL,DAL,0.0,2.0,REG
2024020784,20242025,2,2025-01-25,2025-01-26T00:00:00Z,OFF,MIN,CGY,4.0,5.0,REG
2024020785,20242025,2,2025-01-25,2025-01-26T00:30:00Z,OFF,NYI,CAR,3.0,2.0,OT
2024020786,20242025,2,2025-01-25,2025-01-26T03:00:00Z,OFF,VAN,WSH,2.0,1.0,REG
2024020787,20242025,2,2025-01-25,2025-01-26T03:00:00Z,OFF,ANA,NSH,5.0,2.0,REG
2024020788,20242025,2,2025-01-25,2025-01-26T03:00:00Z,OFF,SJS,FLA,2.0,7.0,REG
2024020789,20242025,2,2025-01-26,2025-01-26T18:00:00Z,OFF,NYR,COL,4.0,5.0,REG
2024020790,20242025,2,2025-01-26,2025-01-26T22:00:00Z,OFF,OTT,UTA,3.0,1.0,REG
2024020791,20242025,2,2025-01-26,2025-01-26T23:00:00Z,OFF,WPG,CGY,5.0,2.0,REG
2024020792,20242025,2,2025-01-26,2025-01-27T00:00:00Z,OFF,CHI,MIN,2.0,4.0,REG
2024020793,20242025,2,2025-01-26,2025-01-27T01:00:00Z,OFF,VGK,FLA,4.0,1.0,REG
2024020794,20242025,2,2025-01-27,2025-01-28T00:00:00Z,OFF,DET,LAK,5.0,2.0,REG
2024020795,20242025,2,2025-01-27,2025-01-28T00:00:00Z,OFF,PHI,NJD,4.0,2.0,REG
2024020796,20242025,2,2025-01-27,2025-01-28T00:30:00Z,OFF,STL,VAN,2.0,5.0,REG
2024020797,20242025,2,2025-01-27,2025-01-28T02:30:00Z,OFF,EDM,SEA,4.0,2.0,REG
2024020798,20242025,2,2025-01-27,2025-01-28T03:30:00Z,OFF,SJS,PIT,2.0,1.0,REG
2024020799,20242025,2,2025-01-28,2025-01-29T00:00:00Z,OFF,BUF,BOS,7.0,2.0,REG
2024020800,20242025,2,2025-01-28,2025-01-29T00:00:00Z,OFF,MTL,WPG,1.0,4.0,REG
2024020801,20242025,2,2025-01-28,2025-01-29T00:00:00Z,OFF,TBL,CHI,1.0,4.0,REG
2024020802,20242025,2,2025-01-28,2025-01-29T00:00:00Z,OFF,NYR,CAR,0.0,4.0,REG
2024020803,20242025,2,2025-01-28,2025-01-29T00:30:00Z,OFF,NYI,COL,5.0,2.0,REG
2024020804,20242025,2,2025-01-28,2025-01-29T02:00:00Z,OFF,CGY,WSH,1.0,3.0,REG
2024020805,20242025,2,2025-01-28,2025-01-29T03:00:00Z,OFF,VGK,DAL,3.0,4.0,OT
2024020806,20242025,2,2025-01-28,2025-01-29T03:00:00Z,OFF,SEA,ANA,4.0,6.0,REG
2024020807,20242025,2,2025-01-29,2025-01-30T00:00:00Z,OFF,TOR,MIN,1.0,3.0,REG
2024020808,20242025,2,2025-01-29,2025-01-30T00:00:00Z,OFF,FLA,LAK,3.0,0.0,REG
2024020809,20242025,2,2025-01-29,2025-01-30T00:00:00Z,OFF,NJD,PHI,5.0,0.0,REG
2024020810,20242025,2,2025-01-29,2025-01-30T02:00:00Z,OFF,NSH,VAN,1.0,3.0,REG
2024020811,20242025,2,2025-01-29,2025-01-30T02:30:00Z,OFF,UTA,PIT,2.0,3.0,OT
2024020812,20242025,2,2025-01-30,2025-01-31T00:00:00Z,OFF,BOS,WPG,2.0,6.0,REG
2024020813,20242025,2,2025-01-30,2025-01-31T00:00:00Z,OFF,MTL,MIN,0.0,4.0,REG
2024020814,20242025,2,2025-01-30,2025-01-31T00:00:00Z,OFF,OTT,WSH,5.0,4.0,OT
2024020815,20242025,2,2025-01-30,2025-01-31T00:00:00Z,OFF,TBL,LAK,3.0,0.0,REG
2024020817,20242025,2,2025-01-30,2025-01-31T00:00:00Z,OFF,CAR,CHI,3.0,2.0,REG
2024020816,20242025,2,2025-01-30,2025-01-31T00:30:00Z,OFF,PHI,NYI,0.0,3.0,REG
2024020818,20242025,2,2025-01-30,2025-01-31T02:00:00Z,OFF,CGY,ANA,4.0,1.0,REG
2024020819,20242025,2,2025-01-30,2025-01-31T02:00:00Z,OFF,EDM,DET,2.0,3.0,SO
2024020820,20242025,2,2025-01-30,2025-01-31T03:00:00Z,OFF,VGK,CBJ,1.0,2.0,OT
2024020821,20242025,2,2025-01-30,2025-01-31T03:30:00Z,OFF,SEA,SJS,6.0,2.0,REG
2024020822,20242025,2,2025-01-31,2025-02-01T00:00:00Z,OFF,BUF,NSH,4.0,3.0,REG
2024020823,20242025,2,2025-01-31,2025-02-01T01:00:00Z,OFF,DAL,VAN,5.0,3.0,REG
2024020824,20242025,2,2025-01-31,2025-02-01T02:00:00Z,OFF,COL,STL,5.0,0.0,REG
2024020825,20242025,2,2025-01-31,2025-02-01T02:00:00Z,OFF,UTA,CBJ,2.0,3.0,OT
2024020826,20242025,2,2025-02-01,2025-02-01T18:00:00Z,OFF,FLA,CHI,5.0,1.0,REG
2024020827,20242025,2,2025-02-01,2025-02-01T20:30:00Z,OFF,BOS,NYR,6.0,3.0,REG
2024020828,20242025,2,2025-02-01,2025-02-02T00:00:00Z,OFF,OTT,MIN,6.0,0.0,REG
2024020829,20242025,2,2025-02-01,2025-02-02T00:00:00Z,OFF,TBL,NYI,2.0,3.0,OT
2024020830,20242025,2,2025-02-01,2025-02-02T00:00:00Z,OFF,PIT,NSH,3.0,0.0,REG
2024020831,20242025,2,2025-02-01,2025-02-02T00:00:00Z,OFF,WSH,WPG,4.0,5.0,OT
2024020832,20242025,2,2025-02-01,2025-02-02T00:00:00Z,OFF,CAR,LAK,2.0,4.0,REG
2024020833,20242025,2,2025-02-01,2025-02-02T00:00:00Z,OFF,EDM,TOR,3.0,4.0,REG
2024020834,20242025,2,2025-02-01,2025-02-02T03:00:00Z,OFF,CGY,DET,1.0,3.0,REG
2024020835,20242025,2,2025-02-02,2025-02-02T18:00:00Z,OFF,BUF,NJD,4.0,3.0,REG
2024020836,20242025,2,2025-02-02,2025-02-02T20:00:00Z,OFF,COL,PHI,2.0,0.0,REG
2024020837,20242025,2,2025-02-02,2025-02-02T21:00:00Z,OFF,ANA,MTL,3.0,2.0,REG
2024020838,20242025,2,2025-02-02,2025-02-02T23:00:00Z,OFF,FLA,NYI,6.0,3.0,REG
2024020839,20242025,2,2025-02-02,2025-02-02T23:00:00Z,OFF,NYR,VGK,4.0,2.0,REG
2024020840,20242025,2,2025-02-02,2025-02-02T23:00:00Z,OFF,DAL,CBJ,5.0,3.0,REG
2024020841,20242025,2,2025-02-02,2025-02-03T00:00:00Z,OFF,UTA,STL,1.0,2.0,REG
2024020842,20242025,2,2025-02-02,2025-02-03T01:00:00Z,OFF,VAN,DET,2.0,3.0,OT
2024020843,20242025,2,2025-02-02,2025-02-03T02:00:00Z,OFF,SEA,CGY,2.0,3.0,REG
2024020844,20242025,2,2025-02-03,2025-02-04T00:30:00Z,OFF,NSH,OTT,2.0,5.0,REG
2024020845,20242025,2,2025-02-04,2025-02-05T00:00:00Z,OFF,BOS,MIN,3.0,0.0,REG
2024020846,20242025,2,2025-02-04,2025-02-05T00:00:00Z,OFF,BUF,CBJ,3.0,2.0,REG
2024020847,20242025,2,2025-02-04,2025-02-05T00:00:00Z,OFF,TBL,OTT,4.0,3.0,REG
2024020848,20242025,2,2025-02-04,2025-02-05T00:00:00Z,OFF,PIT,NJD,2.0,3.0,SO
2024020849,20242025,2,2025-02-04,2025-02-05T00:00:00Z,OFF,WSH,FLA,6.0,3.0,REG
2024020850,20242025,2,2025-02-04,2025-02-05T00:30:00Z,OFF,NYI,VGK,2.0,1.0,REG
2024020851,20242025,2,2025-02-04,2025-02-05T01:00:00Z,OFF,STL,EDM,2.0,3.0,OT
2024020852,20242025,2,2025-02-04,2025-02-05T01:00:00Z,OFF,WPG,CAR,3.0,0.0,REG
2024020853,20242025,2,2025-02-04,2025-02-05T02:00:00Z,OFF,CGY,TOR,3.0,6.0,REG
2024020854,20242025,2,2025-02-04,2025-02-05T02:00:00Z,OFF,UTA,PHI,3.0,2.0,OT
2024020855,20242025,2,2025-02-04,2025-02-05T03:00:00Z,OFF,VAN,COL,3.0,0.0,REG
2024020857,20242025,2,2025-02-04,2025-02-05T03:00:00Z,OFF,SEA,DET,4.0,5.0,SO
2024020856,20242025,2,2025-02-04,2025-02-05T03:30:00Z,OFF,ANA,DAL,2.0,1.0,REG
2024020858,20242025,2,2025-02-04,2025-02-05T03:30:00Z,OFF,SJS,MTL,3.0,4.0,REG
2024020859,20242025,2,2025-02-05,2025-02-06T00:00:00Z,OFF,NYR,BOS,3.0,2.0,REG
2024020860,20242025,2,2025-02-05,2025-02-06T02:30:00Z,OFF,CHI,EDM,3.0,4.0,OT
2024020861,20242025,2,2025-02-05,2025-02-06T03:30:00Z,OFF,LAK,MTL,6.0,3.0,REG
2024020862,20242025,2,2025-02-06,2025-02-07T00:00:00Z,OFF,TBL,OTT,5.0,1.0,REG
2024020863,20242025,2,2025-02-06,2025-02-07T00:00:00Z,OFF,NJD,VGK,1.0,3.0,REG
2024020864,20242025,2,2025-02-06,2025-02-07T00:00:00Z,OFF,PHI,WSH,3.0,4.0,REG
2024020865,20242025,2,2025-02-06,2025-02-07T00:00:00Z,OFF,CBJ,UTA,2.0,3.0,OT
2024020867,20242025,2,2025-02-06,2025-02-07T00:30:00Z,OFF,MIN,CAR,2.0,1.0,REG
2024020866,20242025,2,2025-02-06,2025-02-07T01:00:00Z,OFF,STL,FLA,2.0,3.0,REG
2024020868,20242025,2,2025-02-06,2025-02-07T02:00:00Z,OFF,CGY,COL,2.0,4.0,REG
2024020869,20242025,2,2025-02-06,2025-02-07T03:00:00Z,OFF,SEA,TOR,1.0,3.0,REG
2024020870,20242025,2,2025-02-06,2025-02-07T03:30:00Z,OFF,SJS,VAN,1.0,2.0,OT
2024020871,20242025,2,2025-02-07,2025-02-08T00:00:00Z,OFF,NYR,PIT,2.0,3.0,REG
2024020872,20242025,2,2025-02-07,2025-02-08T01:00:00Z,OFF,WPG,NYI,4.0,3.0,REG
2024020873,20242025,2,2025-02-07,2025-02-08T01:30:00Z,OFF,CHI,NSH,6.0,2.0,REG
2024020874,20242025,2,2025-02-07,2025-02-08T02:00:00Z,OFF,EDM,COL,4.0,5.0,REG
2024020875,20242025,2,2025-02-07,2025-02-08T03:30:00Z,OFF,LAK,DAL,5.0,4.0,SO
2024020876,20242025,2,2025-02-08,2025-02-08T18:00:00Z,OFF,MTL,NJD,0.0,4.0,REG
2024020877,20242025,2,2025-02-08,2025-02-08T18:00:00Z,OFF,DET,TBL,3.0,6.0,REG
2024020878,20242025,2,2025-02-08,2025-02-08T18:00:00Z,OFF,CAR,UTA,7.0,3.0,REG
2024020879,20242025,2,2025-02-08,2025-02-08T20:30:00Z,OFF,BOS,VGK,3.0,4.0,REG
2024020880,20242025,2,2025-02-08,2025-02-09T00:00:00Z,OFF,FLA,OTT,5.0,1.0,REG
2024020881,20242025,2,2025-02-08,2025-02-09T00:00:00Z,OFF,PHI,PIT,3.0,2.0,REG
2024020882,20242025,2,2025-02-08,2025-02-09T00:00:00Z,OFF,CBJ,NYR,3.0,4.0,REG
2024020883,20242025,2,2025-02-08,2025-02-09T00:00:00Z,OFF,STL,CHI,6.0,5.0,SO
2024020884,20242025,2,2025-02-08,2025-02-09T00:00:00Z,OFF,VAN,TOR,2.0,1.0,REG
2024020885,20242025,2,2025-02-08,2025-02-09T01:00:00Z,OFF,NSH,BUF,6.0,4.0,REG
2024020886,20242025,2,2025-02-08,2025-02-09T01:00:00Z,OFF,MIN,NYI,6.0,3.0,REG
2024020887,20242025,2,2025-02-08,2025-02-09T03:00:00Z,OFF,CGY,SEA,2.0,3.0,OT
2024020889,20242025,2,2025-02-08,2025-02-09T03:00:00Z,OFF,SJS,DAL,3.0,8.0,REG
2024020888,20242025,2,2025-02-08,2025-02-09T03:30:00Z,OFF,LAK,ANA,1.0,2.0,SO
2024020890,20242025,2,2025-02-09,2025-02-09T17:30:00Z,OFF,WSH,UTA,4.0,5.0,SO
2024020891,20242025,2,2025-02-09,2025-02-09T18:00:00Z,OFF,MTL,TBL,3.0,5.0,REG
2024020894,20242025,2,2025-02-22,2025-02-22T17:30:00Z,OFF,DET,MIN,3.0,4.0,OT
2024020892,20242025,2,2025-02-22,2025-02-22T18:00:00Z,OFF,PHI,EDM,6.0,3.0,REG
2024020893,20242025,2,2025-02-22,2025-02-22T20:00:00Z,OFF,PIT,WSH,3.0,8.0,REG
2024020895,20242025,2,2025-02-22,2025-02-22T22:30:00Z,OFF,BUF,NYR,8.0,2.0,REG
2024020896,20242025,2,2025-02-22,2025-02-22T23:00:00Z,OFF,FLA,SEA,1.0,2.0,REG
2024020897,20242025,2,2025-02-22,2025-02-22T23:00:00Z,OFF,NJD,DAL,2.0,4.0,REG
2024020898,20242025,2,2025-02-22,2025-02-22T23:00:00Z,OFF,NSH,COL,2.0,1.0,REG
2024020899,20242025,2,2025-02-22,2025-02-23T00:00:00Z,OFF,BOS,ANA,2.0,3.0,OT
2024020900,20242025,2,2025-02-22,2025-02-23T00:00:00Z,OFF,TOR,CAR,6.0,3.0,REG
2024020901,20242025,2,2025-02-22,2025-02-23T00:00:00Z,OFF,OTT,MTL,2.0,5.0,REG
2024020902,20242025,2,2025-02-22,2025-02-23T00:00:00Z,OFF,CBJ,CHI,5.0,1.0,REG
2024020903,20242025,2,2025-02-22,2025-02-23T00:00:00Z,OFF,STL,WPG,3.0,4.0,SO
2024020904,20242025,2,2025-02-22,2025-02-23T02:00:00Z,OFF,LAK,UTA,5.0,3.0,REG
2024020905,20242025,2,2025-02-22,2025-02-23T03:00:00Z,OFF,VGK,VAN,3.0,1.0,REG
2024020906,20242025,2,2025-02-23,2025-02-23T18:00:00Z,OFF,WSH,EDM,7.0,3.0,REG
2024020907,20242025,2,2025-02-23,2025-02-23T20:30:00Z,OFF,PIT,NYR,3.0,5.0,REG
2024020908,20242025,2,2025-02-23,2025-02-23T23:00:00Z,OFF,DET,ANA,5.0,4.0,OT
2024020909,20242025,2,2025-02-23,2025-02-23T23:00:00Z,OFF,TBL,SEA,4.0,1.0,REG
2024020910,20242025,2,2025-02-23,2025-02-23T23:00:00Z,OFF,STL,COL,3.0,1.0,REG
2024020911,20242025,2,2025-02-23,2025-02-23T23:00:00Z,OFF,NSH,NJD,0.0,5.0,REG
2024020912,20242025,2,2025-02-23,2025-02-24T00:00:00Z,OFF,CHI,TOR,2.0,5.0,REG
2024020913,20242025,2,2025-02-23,2025-02-24T00:30:00Z,OFF,NYI,DAL,3.0,4.0,REG
2024020914,20242025,2,2025-02-23,2025-02-24T01:00:00Z,OFF,CGY,SJS,3.0,2.0,REG
2024020915,20242025,2,2025-02-23,2025-02-24T01:00:00Z,OFF,UTA,VAN,2.0,1.0,REG
2024020916,20242025,2,2025-02-24,2025-02-25T00:30:00Z,OFF,WPG,SJS,2.0,1.0,OT
2024020917,20242025,2,2025-02-24,2025-02-25T03:30:00Z,OFF,LAK,VGK,5.0,2.0,REG
2024020918,20242025,2,2025-02-25,2025-02-26T00:00:00Z,OFF,BOS,TOR,4.0,5.0,OT
2024020919,20242025,2,2025-02-25,2025-02-26T00:00:00Z,OFF,BUF,ANA,3.0,2.0,REG
2024020920,20242025,2,2025-02-25,2025-02-26T00:00:00Z,OFF,MTL,CAR,4.0,0.0,REG
2024020922,20242025,2,2025-02-25,2025-02-26T00:00:00Z,OFF,PHI,PIT,6.0,1.0,REG
2024020923,20242025,2,2025-02-25,2025-02-26T00:00:00Z,OFF,WSH,CGY,1.0,3.0,REG
2024020924,20242025,2,2025-02-25,2025-02-26T00:00:00Z,OFF,CBJ,DAL,6.0,4.0,REG
2024020921,20242025,2,2025-02-25,2025-02-26T00:30:00Z,OFF,TBL,EDM,4.0,1.0,REG
2024020925,20242025,2,2025-02-25,2025-02-26T00:30:00Z,OFF,NYI,NYR,1.0,5.0,REG
2024020926,20242025,2,2025-02-25,2025-02-26T01:00:00Z,OFF,STL,SEA,7.0,2.0,REG
2024020927,20242025,2,2025-02-25,2025-02-26T01:00:00Z,OFF,NSH,FLA,1.0,4.0,REG
2024020928,20242025,2,2025-02-25,2025-02-26T01:00:00Z,OFF,MIN,DET,2.0,3.0,REG
2024020929,20242025,2,2025-02-25,2025-02-26T02:00:00Z,OFF,UTA,CHI,2.0,1.0,REG
2024020930,20242025,2,2025-02-26,2025-02-27T00:00:00Z,OFF,OTT,WPG,1.0,4.0,REG
2024020931,20242025,2,2025-02-26,2025-02-27T02:30:00Z,OFF,COL,NJD,5.0,1.0,REG
2024020932,20242025,2,2025-02-26,2025-02-27T03:00:00Z,OFF,LAK,VAN,2.0,3.0,OT
2024020933,20242025,2,2025-02-27,2025-02-28T00:00:00Z,OFF,BOS,NYI,1.0,2.0,REG
2024020934,20242025,2,2025-02-27,2025-02-28T00:00:00Z,OFF,MTL,SJS,4.0,3.0,OT
2024020935,20242025,2,2025-02-27,2025-02-28T00:00:00Z,OFF,DET,CBJ,2.0,5.0,REG
2024020936,20242025,2,2025-02-27,2025-02-28T00:00:00Z,OFF,TBL,CGY,3.0,0.0,REG
2024020937,20242025,2,2025-02-27,2025-02-28T00:00:00Z,OFF,FLA,EDM,4.0,3.0,REG
2024020939,20242025,2,2025-02-27,2025-02-28T00:00:00Z,OFF,WSH,STL,2.0,5.0,REG
2024020940,20242025,2,2025-02-27,2025-02-28T00:00:00Z,OFF,CAR,BUF,5.0,2.0,REG
2024020938,20242025,2,2025-02-27,2025-02-28T00:30:00Z,OFF,PIT,PHI,5.0,4.0,OT
2024020941,20242025,2,2025-02-27,2025-02-28T01:00:00Z,OFF,NSH,WPG,2.0,1.0,REG
2024020942,20242025,2,2025-02-27,2025-02-28T02:00:00Z,OFF,UTA,MIN,6.0,1.0,REG
2024020943,20242025,2,2025-02-27,2025-02-28T03:00:00Z,OFF,VGK,CHI,7.0,5.0,REG
2024020944,20242025,2,2025-02-27,2025-02-28T03:00:00Z,OFF,ANA,VAN,5.0,2.0,REG
2024020945,20242025,2,2025-02-28,2025-03-01T00:00:00Z,OFF,NYR,TOR,2.0,3.0,REG
2024020946,20242025,2,2025-02-28,2025-03-01T01:00:00Z,OFF,DAL,LAK,6.0,2.0,REG
2024020947,20242025,2,2025-02-28,2025-03-01T02:00:00Z,OFF,COL,MIN,5.0,2.0,REG
2024020949,20242025,2,2025-03-01,2025-03-01T17:30:00Z,OFF,NYI,NSH,7.0,4.0,REG
2024020950,20242025,2,2025-03-01,2025-03-01T17:30:00Z,OFF,WSH,TBL,1.0,3.0,REG
2024020951,20242025,2,2025-03-01,2025-03-01T20:00:00Z,OFF,FLA,CGY,3.0,0.0,REG
2024020952,20242025,2,2025-03-01,2025-03-01T20:00:00Z,OFF,PIT,BOS,2.0,3.0,REG
2024020948,20242025,2,2025-03-01,2025-03-01T23:00:00Z,OFF,CBJ,DET,5.0,3.0,REG
2024020953,20242025,2,2025-03-01,2025-03-02T00:00:00Z,OFF,BUF,MTL,2.0,4.0,REG
2024020954,20242025,2,2025-03-01,2025-03-02T00:00:00Z,OFF,OTT,SJS,5.0,3.0,REG
2024020955,20242025,2,2025-03-01,2025-03-02T00:00:00Z,OFF,CAR,EDM,1.0,3.0,REG
2024020956,20242025,2,2025-03-01,2025-03-02T00:00:00Z,OFF,WPG,PHI,1.0,2.0,SO
2024020957,20242025,2,2025-03-01,2025-03-02T01:00:00Z,OFF,STL,LAK,4.0,1.0,REG
2024020958,20242025,2,2025-03-01,2025-03-02T02:00:00Z,OFF,UTA,NJD,1.0,3.0,REG
2024020959,20242025,2,2025-03-01,2025-03-02T03:00:00Z,OFF,ANA,CHI,3.0,6.0,REG
2024020960,20242025,2,2025-03-01,2025-03-02T03:00:00Z,OFF,SEA,VAN,6.0,3.0,REG
2024020961,20242025,2,2025-03-02,2025-03-02T18:00:00Z,OFF,PIT,TOR,5.0,6.0,OT
2024020962,20242025,2,2025-03-02,2025-03-02T20:30:00Z,OFF,MIN,BOS,1.0,0.0,REG
2024020963,20242025,2,2025-03-02,2025-03-02T22:00:00Z,OFF,CAR,CGY,2.0,1.0,OT
2024020964,20242025,2,2025-03-02,2025-03-02T23:00:00Z,OFF,DAL,STL,6.0,3.0,REG
2024020965,20242025,2,2025-03-02,2025-03-03T00:00:00Z,OFF,NYR,NSH,4.0,0.0,REG
2024020966,20242025,2,2025-03-02,2025-03-03T01:00:00Z,OFF,VGK,NJD,2.0,0.0,REG
2024020967,20242025,2,2025-03-03,2025-03-03T23:30:00Z,OFF,WSH,OTT,5.0,4.0,SO
2024020968,20242025,2,2025-03-03,2025-03-04T00:00:00Z,OFF,MTL,BUF,4.0,3.0,OT
2024020969,20242025,2,2025-03-03,2025-03-04T00:00:00Z,OFF,FLA,TBL,2.0,1.0,REG
2024020970,20242025,2,2025-03-03,2025-03-04T00:00:00Z,OFF,NYR,NYI,4.0,0.0,REG
2024020971,20242025,2,2025-03-03,2025-03-04T00:30:00Z,OFF,TOR,SJS,2.0,3.0,SO
2024020972,20242025,2,2025-03-03,2025-03-04T01:30:00Z,OFF,CHI,LAK,5.0,1.0,REG
2024020973,20242025,2,2025-03-04,2025-03-05T00:00:00Z,OFF,BOS,NSH,3.0,6.0,REG
2024020974,20242025,2,2025-03-04,2025-03-05T00:00:00Z,OFF,BUF,SJS,2.0,6.0,REG
2024020975,20242025,2,2025-03-04,2025-03-05T00:00:00Z,OFF,DET,CAR,1.0,2.0,REG
2024020976,20242025,2,2025-03-04,2025-03-05T00:00:00Z,OFF,TBL,CBJ,6.0,2.0,REG
2024020977,20242025,2,2025-03-04,2025-03-05T00:00:00Z,OFF,PHI,CGY,3.0,6.0,REG
2024020978,20242025,2,2025-03-04,2025-03-05T00:30:00Z,OFF,NYI,WPG,3.0,2.0,REG
2024020979,20242025,2,2025-03-04,2025-03-05T01:00:00Z,OFF,DAL,NJD,4.0,3.0,REG
2024020980,20242025,2,2025-03-04,2025-03-05T02:00:00Z,OFF,COL,PIT,4.0,1.0,REG
2024020981,20242025,2,2025-03-04,2025-03-05T02:00:00Z,OFF,EDM,ANA,2.0,6.0,REG
2024020982,20242025,2,2025-03-04,2025-03-05T03:00:00Z,OFF,SEA,MIN,3.0,4.0,REG
2024020983,20242025,2,2025-03-05,2025-03-06T00:30:00Z,OFF,NYR,WSH,2.0,3.0,OT
2024020984,20242025,2,2025-03-05,2025-03-06T00:30:00Z,OFF,CHI,OTT,3.0,4.0,OT
2024020985,20242025,2,2025-03-05,2025-03-06T03:00:00Z,OFF,VGK,TOR,5.0,2.0,REG
2024020986,20242025,2,2025-03-05,2025-03-06T03:30:00Z,OFF,VAN,ANA,3.0,2.0,REG
2024020987,20242025,2,2025-03-05,2025-03-06T03:30:00Z,OFF,LAK,STL,2.0,3.0,SO
2024020988,20242025,2,2025-03-06,2025-03-07T00:00:00Z,OFF,DET,UTA,2.0,4.0,REG
2024020989,20242025,2,2025-03-06,2025-03-07T00:00:00Z,OFF,TBL,BUF,6.0,5.0,REG
2024020990,20242025,2,2025-03-06,2025-03-07T00:00:00Z,OFF,FLA,CBJ,3.0,0.0,REG
2024020991,20242025,2,2025-03-06,2025-03-07T00:00:00Z,OFF,PHI,WPG,1.0,4.0,REG
2024020992,20242025,2,2025-03-06,2025-03-07T00:00:00Z,OFF,CAR,BOS,3.0,2.0,REG
2024020993,20242025,2,2025-03-06,2025-03-07T01:00:00Z,OFF,NSH,SEA,5.0,3.0,REG
2024020994,20242025,2,2025-03-06,2025-03-07T01:00:00Z,OFF,DAL,CGY,3.0,2.0,OT
2024020995,20242025,2,2025-03-06,2025-03-07T02:00:00Z,OFF,EDM,MTL,3.0,2.0,OT
2024020996,20242025,2,2025-03-06,2025-03-07T02:30:00Z,OFF,COL,SJS,7.0,3.0,REG
2024020997,20242025,2,2025-03-07,2025-03-08T00:00:00Z,OFF,NJD,WPG,1.0,6.0,REG
2024020998,20242025,2,2025-03-07,2025-03-08T00:00:00Z,OFF,WSH,DET,5.0,2.0,REG
2024020999,20242025,2,2025-03-07,2025-03-08T01:30:00Z,OFF,CHI,UTA,4.0,3.0,OT
2024021000,20242025,2,2025-03-07,2025-03-08T03:00:00Z,OFF,VAN,MIN,3.0,1.0,REG
2024021001,20242025,2,2025-03-07,2025-03-08T03:00:00Z,OFF,VGK,PIT,4.0,0.0,REG
2024021002,20242025,2,2025-03-07,2025-03-08T03:00:00Z,OFF,ANA,STL,3.0,4.0,REG
2024021003,20242025,2,2025-03-08,2025-03-08T17:30:00Z,OFF,OTT,NYR,4.0,3.0,OT
2024021004,20242025,2,2025-03-08,2025-03-08T17:30:00Z,OFF,PHI,SEA,1.0,4.0,REG
2024021005,20242025,2,2025-03-08,2025-03-08T20:00:00Z,OFF,TBL,BOS,0.0,4.0,REG
2024021006,20242025,2,2025-03-08,2025-03-08T23:00:00Z,OFF,FLA,BUF,4.0,0.0,REG
2024021007,20242025,2,2025-03-08,2025-03-09T00:00:00Z,OFF,COL,TOR,7.0,4.0,REG
2024021008,20242025,2,2025-03-08,2025-03-09T00:00:00Z,OFF,CGY,MTL,1.0,0.0,REG
2024021009,20242025,2,2025-03-08,2025-03-09T01:00:00Z,OFF,NSH,CHI,3.0,2.0,OT
2024021010,20242025,2,2025-03-08,2025-03-09T01:00:00Z,OFF,LAK,STL,2.0,1.0,OT
2024021011,20242025,2,2025-03-08,2025-03-09T03:00:00Z,OFF,EDM,DAL,5.0,4.0,REG
2024021012,20242025,2,2025-03-08,2025-03-09T03:00:00Z,OFF,SJS,NYI,2.0,4.0,REG
2024021013,20242025,2,2025-03-09,2025-03-09T17:00:00Z,OFF,PHI,NJD,1.0,3.0,REG
2024021014,20242025,2,2025-03-09,2025-03-09T19:30:00Z,OFF,WSH,SEA,4.0,2.0,REG
2024021015,20242025,2,2025-03-09,2025-03-09T19:30:00Z,OFF,MIN,PIT,1.0,3.0,REG
2024021016,20242025,2,2025-03-09,2025-03-09T21:00:00Z,OFF,CAR,WPG,4.0,2.0,REG
2024021017,20242025,2,2025-03-09,2025-03-09T22:00:00Z,OFF,NYR,CBJ,3.0,7.0,REG
2024021018,20242025,2,2025-03-09,2025-03-10T00:00:00Z,OFF,VGK,LAK,5.0,6.0,REG
2024021019,20242025,2,2025-03-09,2025-03-10T01:00:00Z,OFF,VAN,DAL,1.0,4.0,REG
2024021020,20242025,2,2025-03-09,2025-03-10T01:00:00Z,OFF,ANA,NYI,4.0,1.0,REG
2024021021,20242025,2,2025-03-10,2025-03-10T23:00:00Z,OFF,BUF,EDM,3.0,2.0,REG
2024021022,20242025,2,2025-03-10,2025-03-10T23:30:00Z,OFF,OTT,DET,2.0,1.0,REG
2024021023,20242025,2,2025-03-10,2025-03-11T01:00:00Z,OFF,COL,CHI,3.0,0.0,REG
2024021024,20242025,2,2025-03-10,2025-03-11T02:00:00Z,OFF,UTA,TOR,3.0,4.0,SO
2024021025,20242025,2,2025-03-11,2025-03-11T23:00:00Z,OFF,BOS,FLA,3.0,2.0,REG
2024021026,20242025,2,2025-03-11,2025-03-11T23:00:00Z,OFF,NJD,CBJ,5.0,3.0,REG
2024021027,20242025,2,2025-03-11,2025-03-11T23:00:00Z,OFF,PHI,OTT,2.0,5.0,REG
2024021028,20242025,2,2025-03-11,2025-03-11T23:00:00Z,OFF,PIT,VGK,3.0,2.0,OT
2024021029,20242025,2,2025-03-11,2025-03-11T23:30:00Z,OFF,CAR,TBL,4.0,1.0,REG
2024021030,20242025,2,2025-03-11,2025-03-12T00:00:00Z,OFF,MIN,COL,2.0,1.0,SO
2024021031,20242025,2,2025-03-11,2025-03-12T00:00:00Z,OFF,WPG,NYR,2.0,1.0,REG
2024021032,20242025,2,2025-03-11,2025-03-12T02:00:00Z,OFF,VAN,MTL,2.0,4.0,REG
2024021033,20242025,2,2025-03-11,2025-03-12T02:00:00Z,OFF,ANA,WSH,4.0,7.0,REG
2024021034,20242025,2,2025-03-11,2025-03-12T02:30:00Z,OFF,LAK,NYI,4.0,1.0,REG
2024021035,20242025,2,2025-03-11,2025-03-12T02:30:00Z,OFF,SJS,NSH,2.0,3.0,REG
2024021036,20242025,2,2025-03-12,2025-03-12T23:30:00Z,OFF,DET,BUF,7.0,3.0,REG
2024021037,20242025,2,2025-03-12,2025-03-13T01:00:00Z,OFF,CGY,VAN,3.0,4.0,SO
2024021038,20242025,2,2025-03-12,2025-03-13T02:00:00Z,OFF,UTA,ANA,3.0,2.0,REG
2024021039,20242025,2,2025-03-12,2025-03-13T02:30:00Z,OFF,SEA,MTL,5.0,4.0,OT
2024021040,20242025,2,2025-03-13,2025-03-13T23:00:00Z,OFF,TOR,FLA,2.0,3.0,REG
2024021041,20242025,2,2025-03-13,2025-03-13T23:00:00Z,OFF,OTT,BOS,6.0,3.0,REG
2024021043,20242025,2,2025-03-13,2025-03-13T23:00:00Z,OFF,PHI,TBL,4.0,3.0,SO
2024021044,20242025,2,2025-03-13,2025-03-13T23:00:00Z,OFF,PIT,STL,5.0,3.0,REG
2024021045,20242025,2,2025-03-13,2025-03-13T23:00:00Z,OFF,CBJ,VGK,0.0,4.0,REG
2024021042,20242025,2,2025-03-13,2025-03-13T23:30:00Z,OFF,NJD,EDM,3.0,2.0,REG
2024021046,20242025,2,2025-03-13,2025-03-14T00:00:00Z,OFF,MIN,NYR,2.0,3.0,OT
2024021047,20242025,2,2025-03-13,2025-03-14T02:30:00Z,OFF,LAK,WSH,3.0,0.0,REG
2024021048,20242025,2,2025-03-13,2025-03-14T02:30:00Z,OFF,SJS,CHI,4.0,2.0,REG
2024021049,20242025,2,2025-03-14,2025-03-14T23:00:00Z,OFF,CAR,DET,4.0,2.0,REG
2024021050,20242025,2,2025-03-14,2025-03-14T23:30:00Z,OFF,NYI,EDM,1.0,2.0,OT
2024021051,20242025,2,2025-03-14,2025-03-15T00:00:00Z,OFF,WPG,DAL,4.0,1.0,REG
2024021052,20242025,2,2025-03-14,2025-03-15T01:00:00Z,OFF,CGY,COL,2.0,4.0,REG
2024021053,20242025,2,2025-03-14,2025-03-15T02:00:00Z,OFF,ANA,NSH,2.0,1.0,REG
2024021054,20242025,2,2025-03-14,2025-03-15T02:00:00Z,OFF,SEA,UTA,4.0,2.0,REG
2024021055,20242025,2,2025-03-15,2025-03-15T16:30:00Z,OFF,BUF,VGK,4.0,3.0,SO
2024021056,20242025,2,2025-03-15,2025-03-15T19:00:00Z,OFF,PIT,NJD,7.0,3.0,REG
2024021057,20242025,2,2025-03-15,2025-03-15T21:00:00Z,OFF,SJS,WSH,1.0,5.0,REG
2024021058,20242025,2,2025-03-15,2025-03-15T23:00:00Z,OFF,BOS,TBL,2.0,6.0,REG
2024021059,20242025,2,2025-03-15,2025-03-15T23:00:00Z,OFF,TOR,OTT,2.0,4.0,REG
2024021060,20242025,2,2025-03-15,2025-03-15T23:00:00Z,OFF,MTL,FLA,3.0,1.0,REG
2024021061,20242025,2,2025-03-15,2025-03-15T23:00:00Z,OFF,PHI,CAR,0.0,5.0,REG
2024021062,20242025,2,2025-03-15,2025-03-15T23:00:00Z,OFF,CBJ,NYR,0.0,4.0,REG
2024021063,20242025,2,2025-03-15,2025-03-16T00:00:00Z,OFF,MIN,STL,1.0,5.0,REG
2024021064,20242025,2,2025-03-15,2025-03-16T00:00:00Z,OFF,LAK,NSH,1.0,0.0,OT
2024021065,20242025,2,2025-03-15,2025-03-16T02:00:00Z,OFF,VAN,CHI,6.0,2.0,REG
2024021066,20242025,2,2025-03-16,2025-03-16T17:00:00Z,OFF,DET,VGK,3.0,0.0,REG
2024021067,20242025,2,2025-03-16,2025-03-16T19:30:00Z,OFF,COL,DAL,4.0,3.0,OT
2024021069,20242025,2,2025-03-16,2025-03-16T23:00:00Z,OFF,NYR,EDM,1.0,3.0,REG
2024021070,20242025,2,2025-03-16,2025-03-16T23:30:00Z,OFF,NYI,FLA,4.0,2.0,REG
2024021068,20242025,2,2025-03-16,2025-03-17T00:00:00Z,OFF,STL,ANA,7.0,2.0,REG
2024021071,20242025,2,2025-03-16,2025-03-17T00:00:00Z,OFF,VAN,UTA,1.0,3.0,REG
2024021072,20242025,2,2025-03-16,2025-03-17T01:00:00Z,OFF,SEA,WPG,2.0,3.0,OT
2024021073,20242025,2,2025-03-17,2025-03-17T23:00:00Z,OFF,BOS,BUF,2.0,3.0,OT
2024021074,20242025,2,2025-03-17,2025-03-17T23:00:00Z,OFF,TBL,PHI,2.0,0.0,REG
2024021075,20242025,2,2025-03-17,2025-03-17T23:00:00Z,OFF,CBJ,NJD,1.0,2.0,REG
2024021076,20242025,2,2025-03-17,2025-03-17T23:30:00Z,OFF,TOR,CGY,6.0,2.0,REG
2024021077,20242025,2,2025-03-17,2025-03-18T00:00:00Z,OFF,MIN,LAK,3.0,1.0,REG
2024021078,20242025,2,2025-03-18,2025-03-18T23:00:00Z,OFF,MTL,OTT,6.0,3.0,REG
2024021079,20242025,2,2025-03-18,2025-03-18T23:00:00Z,OFF,NYR,CGY,1.0,2.0,REG
2024021080,20242025,2,2025-03-18,2025-03-18T23:00:00Z,OFF,PIT,NYI,2.0,4.0,REG
2024021081,20242025,2,2025-03-18,2025-03-18T23:00:00Z,OFF,WSH,DET,4.0,1.0,REG
2024021082,20242025,2,2025-03-18,2025-03-19T00:00:00Z,OFF,NSH,STL,1.0,4.0,REG
2024021083,20242025,2,2025-03-18,2025-03-19T00:00:00Z,OFF,DAL,ANA,4.0,3.0,OT
2024021084,20242025,2,2025-03-18,2025-03-19T00:30:00Z,OFF,CHI,SEA,2.0,6.0,REG
2024021085,20242025,2,2025-03-18,2025-03-19T01:00:00Z,OFF,EDM,UTA,7.0,1.0,REG
2024021086,20242025,2,2025-03-18,2025-03-19T02:00:00Z,OFF,VAN,WPG,6.0,2.0,REG
2024021087,20242025,2,2025-03-19,2025-03-19T23:00:00Z,OFF,TOR,COL,2.0,1.0,REG
2024021088,20242025,2,2025-03-19,2025-03-20T01:30:00Z,OFF,MIN,SEA,4.0,0.0,REG
2024021089,20242025,2,2025-03-20,2025-03-20T23:00:00Z,OFF,OTT,COL,1.0,5.0,REG
2024021090,20242025,2,2025-03-20,2025-03-20T23:00:00Z,OFF,NJD,CGY,3.0,5.0,REG
2024021091,20242025,2,2025-03-20,2025-03-20T23:00:00Z,OFF,NYR,TOR,3.0,4.0,REG
2024021092,20242025,2,2025-03-20,2025-03-20T23:00:00Z,OFF,WSH,PHI,3.0,2.0,REG
2024021093,20242025,2,2025-03-20,2025-03-20T23:00:00Z,OFF,CBJ,FLA,0.0,1.0,OT
2024021094,20242025,2,2025-03-20,2025-03-20T23:30:00Z,OFF,NYI,MTL,4.0,3.0,OT
2024021095,20242025,2,2025-03-20,2025-03-20T23:30:00Z,OFF,STL,VAN,4.0,3.0,OT
2024021096,20242025,2,2025-03-20,2025-03-21T00:00:00Z,OFF,NSH,ANA,1.0,4.0,REG
2024021097,20242025,2,2025-03-20,2025-03-21T00:00:00Z,OFF,DAL,TBL,2.0,3.0,SO
2024021098,20242025,2,2025-03-20,2025-03-21T00:30:00Z,OFF,CHI,LAK,1.0,3.0,REG
2024021099,20242025,2,2025-03-20,2025-03-21T01:00:00Z,OFF,EDM,WPG,3.0,4.0,OT
2024021100,20242025,2,2025-03-20,2025-03-21T01:00:00Z,OFF,UTA,BUF,5.0,2.0,REG
2024021101,20242025,2,2025-03-20,2025-03-21T02:00:00Z,OFF,VGK,BOS,5.0,1.0,REG
2024021102,20242025,2,2025-03-20,2025-03-21T02:30:00Z,OFF,SJS,CAR,1.0,3.0,REG
2024021103,20242025,2,2025-03-21,2025-03-21T23:00:00Z,OFF,PIT,CBJ,6.0,3.0,REG
2024021104,20242025,2,2025-03-22,2025-03-22T17:00:00Z,OFF,NYR,VAN,5.0,3.0,REG
2024021105,20242025,2,2025-03-22,2025-03-22T18:00:00Z,OFF,DAL,PHI,3.0,2.0,OT
2024021106,20242025,2,2025-03-22,2025-03-22T18:00:00Z,OFF,MIN,BUF,4.0,1.0,REG
2024021107,20242025,2,2025-03-22,2025-03-22T19:00:00Z,OFF,STL,CHI,4.0,1.0,REG
2024021108,20242025,2,2025-03-22,2025-03-22T20:00:00Z,OFF,NYI,CGY,3.0,4.0,OT
2024021109,20242025,2,2025-03-22,2025-03-22T20:00:00Z,OFF,LAK,CAR,7.0,2.0,REG
2024021110,20242025,2,2025-03-22,2025-03-22T21:00:00Z,OFF,WSH,FLA,6.0,3.0,REG
2024021111,20242025,2,2025-03-22,2025-03-22T21:00:00Z,OFF,UTA,TBL,6.0,4.0,REG
2024021112,20242025,2,2025-03-22,2025-03-22T23:00:00Z,OFF,MTL,COL,4.0,5.0,SO
2024021113,20242025,2,2025-03-22,2025-03-22T23:00:00Z,OFF,NJD,OTT,2.0,3.0,REG
2024021114,20242025,2,2025-03-22,2025-03-22T23:00:00Z,OFF,NSH,TOR,5.0,2.0,REG
2024021115,20242025,2,2025-03-22,2025-03-23T00:00:00Z,OFF,VGK,DET,6.0,3.0,REG
2024021116,20242025,2,2025-03-22,2025-03-23T02:00:00Z,OFF,EDM,SEA,5.0,4.0,REG
2024021117,20242025,2,2025-03-22,2025-03-23T02:30:00Z,OFF,SJS,BOS,3.0,1.0,REG
2024021118,20242025,2,2025-03-23,2025-03-23T19:00:00Z,OFF,CHI,PHI,7.0,4.0,REG
2024021119,20242025,2,2025-03-23,2025-03-23T19:00:00Z,OFF,WPG,BUF,3.0,5.0,REG
2024021120,20242025,2,2025-03-23,2025-03-23T22:00:00Z,OFF,FLA,PIT,4.0,3.0,SO
2024021121,20242025,2,2025-03-23,2025-03-23T22:00:00Z,OFF,STL,NSH,4.0,1.0,REG
2024021122,20242025,2,2025-03-23,2025-03-24T00:00:00Z,OFF,VGK,TBL,4.0,2.0,REG
2024021123,20242025,2,2025-03-23,2025-03-24T00:00:00Z,OFF,ANA,CAR,2.0,5.0,REG
2024021124,20242025,2,2025-03-23,2025-03-24T01:00:00Z,OFF,LAK,BOS,7.0,2.0,REG
2024021125,20242025,2,2025-03-24,2025-03-24T23:30:00Z,OFF,NJD,VAN,3.0,4.0,SO
2024021126,20242025,2,2025-03-24,2025-03-24T23:30:00Z,OFF,NYI,CBJ,3.0,4.0,SO
2024021127,20242025,2,2025-03-24,2025-03-25T00:00:00Z,OFF,DAL,MIN,3.0,0.0,REG
2024021128,20242025,2,2025-03-24,2025-03-25T01:00:00Z,OFF,UTA,DET,1.0,5.0,REG
2024021129,20242025,2,2025-03-25,2025-03-25T23:00:00Z,OFF,BUF,OTT,3.0,2.0,REG
2024021130,20242025,2,2025-03-25,2025-03-25T23:00:00Z,OFF,TOR,PHI,7.0,2.0,REG
2024021131,20242025,2,2025-03-25,2025-03-25T23:00:00Z,OFF,TBL,PIT,6.0,1.0,REG
2024021132,20242025,2,2025-03-25,2025-03-25T23:00:00Z,OFF,CAR,NSH,1.0,3.0,REG
2024021133,20242025,2,2025-03-25,2025-03-26T00:00:00Z,OFF,STL,MTL,6.0,1.0,REG
2024021134,20242025,2,2025-03-25,2025-03-26T00:00:00Z,OFF,MIN,VGK,1.0,5.0,REG
2024021135,20242025,2,2025-03-25,2025-03-26T00:00:00Z,OFF,WPG,WSH,3.0,2.0,OT
2024021136,20242025,2,2025-03-25,2025-03-26T01:00:00Z,OFF,COL,DET,5.0,2.0,REG
2024021137,20242025,2,2025-03-25,2025-03-26T01:00:00Z,OFF,CGY,SEA,4.0,3.0,OT
2024021138,20242025,2,2025-03-25,2025-03-26T02:30:00Z,OFF,LAK,NYR,3.0,1.0,REG
2024021139,20242025,2,2025-03-26,2025-03-26T23:30:00Z,OFF,NYI,VAN,2.0,5.0,REG
2024021140,20242025,2,2025-03-26,2025-03-26T23:30:00Z,OFF,CHI,NJD,3.0,5.0,REG
2024021141,20242025,2,2025-03-26,2025-03-27T02:00:00Z,OFF,EDM,DAL,3.0,4.0,REG
2024021142,20242025,2,2025-03-26,2025-03-27T02:00:00Z,OFF,ANA,BOS,6.0,2.0,REG
2024021143,20242025,2,2025-03-27,2025-03-27T23:00:00Z,OFF,BUF,PIT,7.0,3.0,REG
2024021144,20242025,2,2025-03-27,2025-03-27T23:00:00Z,OFF,DET,OTT,3.0,4.0,REG
2024021145,20242025,2,2025-03-27,2025-03-27T23:00:00Z,OFF,TBL,UTA,8.0,0.0,REG
2024021146,20242025,2,2025-03-27,2025-03-27T23:00:00Z,OFF,PHI,MTL,6.0,4.0,REG
2024021148,20242025,2,2025-03-27,2025-03-27T23:30:00Z,OFF,MIN,WSH,4.0,2.0,REG
2024021147,20242025,2,2025-03-27,2025-03-28T00:00:00Z,OFF,NSH,STL,2.0,3.0,REG
2024021150,20242025,2,2025-03-27,2025-03-28T01:00:00Z,OFF,CGY,DAL,2.0,5.0,REG
2024021149,20242025,2,2025-03-27,2025-03-28T02:00:00Z,OFF,COL,LAK,4.0,0.0,REG
2024021151,20242025,2,2025-03-27,2025-03-28T02:00:00Z,OFF,SEA,EDM,6.0,1.0,REG
2024021152,20242025,2,2025-03-27,2025-03-28T02:30:00Z,OFF,SJS,TOR,6.0,5.0,SO
2024021153,20242025,2,2025-03-28,2025-03-28T23:00:00Z,OFF,FLA,UTA,2.0,1.0,OT
2024021154,20242025,2,2025-03-28,2025-03-28T23:00:00Z,OFF,CAR,MTL,4.0,1.0,REG
2024021155,20242025,2,2025-03-28,2025-03-28T23:00:00Z,OFF,CBJ,VAN,7.0,6.0,SO
2024021156,20242025,2,2025-03-28,2025-03-29T00:00:00Z,OFF,WPG,NJD,4.0,0.0,REG
2024021157,20242025,2,2025-03-28,2025-03-29T00:30:00Z,OFF,CHI,VGK,3.0,5.0,REG
2024021158,20242025,2,2025-03-28,2025-03-29T02:00:00Z,OFF,ANA,NYR,5.0,4.0,OT
2024021159,20242025,2,2025-03-29,2025-03-29T17:00:00Z,OFF,PHI,BUF,7.0,4.0,REG
2024021160,20242025,2,2025-03-29,2025-03-29T18:00:00Z,OFF,TBL,NYI,5.0,3.0,REG
2024021161,20242025,2,2025-03-29,2025-03-29T20:30:00Z,OFF,COL,STL,1.0,2.0,REG
2024021162,20242025,2,2025-03-29,2025-03-29T22:00:00Z,OFF,MIN,NJD,2.0,5.0,REG
2024021163,20242025,2,2025-03-29,2025-03-29T22:30:00Z,OFF,NSH,VGK,1.0,3.0,REG
2024021164,20242025,2,2025-03-29,2025-03-29T23:00:00Z,OFF,OTT,CBJ,3.0,2.0,REG
2024021165,20242025,2,2025-03-29,2025-03-29T23:00:00Z,OFF,LAK,TOR,1.0,3.0,REG
2024021166,20242025,2,2025-03-29,2025-03-30T00:00:00Z,OFF,DET,BOS,2.0,1.0,REG
2024021167,20242025,2,2025-03-29,2025-03-30T02:00:00Z,OFF,EDM,CGY,3.0,2.0,OT
2024021168,20242025,2,2025-03-29,2025-03-30T02:30:00Z,OFF,SJS,NYR,1.0,6.0,REG
2024021169,20242025,2,2025-03-29,2025-03-30T02:30:00Z,OFF,SEA,DAL,1.0,5.0,REG
2024021170,20242025,2,2025-03-30,2025-03-30T17:00:00Z,OFF,FLA,MTL,2.0,4.0,REG
2024021171,20242025,2,2025-03-30,2025-03-30T19:00:00Z,OFF,WSH,BUF,5.0,8.0,REG
2024021172,20242025,2,2025-03-30,2025-03-30T19:00:00Z,OFF,WPG,VAN,3.0,1.0,REG
2024021173,20242025,2,2025-03-30,2025-03-30T20:00:00Z,OFF,CHI,UTA,2.0,5.0,REG
2024021174,20242025,2,2025-03-30,2025-03-30T21:00:00Z,OFF,PIT,OTT,1.0,0.0,OT
2024021175,20242025,2,2025-03-30,2025-03-30T21:00:00Z,OFF,CAR,NYI,6.0,4.0,REG
2024021176,20242025,2,2025-03-30,2025-03-31T00:00:00Z,OFF,ANA,TOR,2.0,3.0,REG
2024021177,20242025,2,2025-03-30,2025-03-31T02:00:00Z,OFF,LAK,SJS,8.0,1.0,REG
2024021178,20242025,2,2025-03-31,2025-03-31T23:00:00Z,OFF,NJD,MIN,3.0,2.0,SO
2024021179,20242025,2,2025-03-31,2025-03-31T23:00:00Z,OFF,PHI,NSH,2.0,1.0,REG
2024021180,20242025,2,2025-03-31,2025-04-01T00:30:00Z,OFF,COL,CGY,2.0,3.0,SO
2024021181,20242025,2,2025-03-31,2025-04-01T02:00:00Z,OFF,SEA,DAL,1.0,3.0,REG
2024021182,20242025,2,2025-04-01,2025-04-01T23:00:00Z,OFF,BOS,WSH,3.0,4.0,REG
2024021183,20242025,2,2025-04-01,2025-04-01T23:00:00Z,OFF,MTL,FLA,3.0,2.0,OT
2024021184,20242025,2,2025-04-01,2025-04-01T23:00:00Z,OFF,OTT,BUF,2.0,5.0,REG
2024021185,20242025,2,2025-04-01,2025-04-01T23:00:00Z,OFF,CBJ,NSH,8.0,4.0,REG
2024021186,20242025,2,2025-04-01,2025-04-01T23:30:00Z,OFF,NYI,TBL,1.0,4.0,REG
2024021187,20242025,2,2025-04-01,2025-04-02T00:00:00Z,OFF,STL,DET,2.0,1.0,OT
2024021188,20242025,2,2025-04-01,2025-04-02T01:00:00Z,OFF,UTA,CGY,3.0,1.0,REG
2024021189,20242025,2,2025-04-01,2025-04-02T02:00:00Z,OFF,VGK,EDM,2.0,3.0,REG
2024021190,20242025,2,2025-04-01,2025-04-02T02:00:00Z,OFF,ANA,SJS,4.0,3.0,SO
2024021191,20242025,2,2025-04-01,2025-04-02T02:30:00Z,OFF,LAK,WPG,4.0,1.0,REG
2024021192,20242025,2,2025-04-02,2025-04-02T23:00:00Z,OFF,NYR,MIN,5.0,4.0,OT
2024021193,20242025,2,2025-04-02,2025-04-02T23:00:00Z,OFF,CAR,WSH,5.0,1.0,REG
2024021194,20242025,2,2025-04-02,2025-04-02T23:30:00Z,OFF,TOR,FLA,3.0,2.0,REG
2024021195,20242025,2,2025-04-02,2025-04-03T01:30:00Z,OFF,CHI,COL,2.0,3.0,SO
2024021196,20242025,2,2025-04-02,2025-04-03T02:30:00Z,OFF,VAN,SEA,0.0,5.0,REG
2024021197,20242025,2,2025-04-03,2025-04-03T23:00:00Z,OFF,MTL,BOS,4.0,1.0,REG
2024021198,20242025,2,2025-04-03,2025-04-03T23:00:00Z,OFF,OTT,TBL,2.0,1.0,REG
2024021199,20242025,2,2025-04-03,2025-04-03T23:30:00Z,OFF,CBJ,COL,3.0,7.0,REG
2024021200,20242025,2,2025-04-03,2025-04-04T00:00:00Z,OFF,STL,PIT,5.0,4.0,OT
2024021201,20242025,2,2025-04-03,2025-04-04T00:00:00Z,OFF,DAL,NSH,5.0,1.0,REG
2024021202,20242025,2,2025-04-03,2025-04-04T01:00:00Z,OFF,UTA,LAK,2.0,4.0,REG
2024021203,20242025,2,2025-04-03,2025-04-04T01:30:00Z,OFF,CGY,ANA,4.0,1.0,REG
2024021204,20242025,2,2025-04-03,2025-04-04T02:00:00Z,OFF,VGK,WPG,0.0,4.0,REG
2024021205,20242025,2,2025-04-03,2025-04-04T02:30:00Z,OFF,SJS,EDM,2.0,3.0,REG
2024021206,20242025,2,2025-04-04,2025-04-04T23:00:00Z,OFF,DET,CAR,5.0,3.0,REG
2024021207,20242025,2,2025-04-04,2025-04-04T23:00:00Z,OFF,WSH,CHI,5.0,3.0,REG
2024021208,20242025,2,2025-04-04,2025-04-04T23:30:00Z,OFF,NYI,MIN,3.0,1.0,REG
2024021209,20242025,2,2025-04-05,2025-04-05T16:30:00Z,OFF,NJD,NYR,4.0,0.0,REG
2024021210,20242025,2,2025-04-05,2025-04-05T18:00:00Z,OFF,OTT,FLA,3.0,0.0,REG
2024021211,20242025,2,2025-04-05,2025-04-05T19:00:00Z,OFF,DAL,PIT,3.0,5.0,REG
2024021212,20242025,2,2025-04-05,2025-04-05T20:00:00Z,OFF,VAN,ANA,6.0,2.0,REG
2024021213,20242025,2,2025-04-05,2025-04-05T20:00:00Z,OFF,LAK,EDM,3.0,0.0,REG
2024021214,20242025,2,2025-04-05,2025-04-05T23:00:00Z,OFF,BOS,CAR,5.0,1.0,REG
2024021215,20242025,2,2025-04-05,2025-04-05T23:00:00Z,OFF,BUF,TBL,3.0,2.0,SO
2024021216,20242025,2,2025-04-05,2025-04-05T23:00:00Z,OFF,TOR,CBJ,5.0,0.0,REG
2024021217,20242025,2,2025-04-05,2025-04-05T23:00:00Z,OFF,MTL,PHI,3.0,2.0,REG
2024021218,20242025,2,2025-04-05,2025-04-05T23:00:00Z,OFF,STL,COL,5.0,4.0,REG
2024021219,20242025,2,2025-04-05,2025-04-05T23:00:00Z,OFF,UTA,WPG,4.0,1.0,REG
2024021220,20242025,2,2025-04-05,2025-04-06T02:00:00Z,OFF,CGY,VGK,2.0,3.0,OT
2024021221,20242025,2,2025-04-05,2025-04-06T02:00:00Z,OFF,SJS,SEA,1.0,5.0,REG
2024021222,20242025,2,2025-04-06,2025-04-06T16:30:00Z,OFF,NYI,WSH,4.0,1.0,REG
2024021223,20242025,2,2025-04-06,2025-04-06T19:00:00Z,OFF,MIN,DAL,3.0,2.0,OT
2024021224,20242025,2,2025-04-06,2025-04-06T21:00:00Z,OFF,OTT,CBJ,4.0,0.0,REG
2024021225,20242025,2,2025-04-06,2025-04-06T21:30:00Z,OFF,DET,FLA,2.0,1.0,REG
2024021226,20242025,2,2025-04-06,2025-04-06T22:00:00Z,OFF,BUF,BOS,6.0,3.0,REG
2024021227,20242025,2,2025-04-06,2025-04-06T22:00:00Z,OFF,CHI,PIT,3.0,1.0,REG
2024021228,20242025,2,2025-04-06,2025-04-06T23:00:00Z,OFF,NSH,MTL,1.0,2.0,REG
2024021229,20242025,2,2025-04-06,2025-04-07T02:00:00Z,OFF,VAN,VGK,2.0,3.0,REG
2024021230,20242025,2,2025-04-07,2025-04-07T23:00:00Z,OFF,NYR,TBL,1.0,5.0,REG
2024021231,20242025,2,2025-04-07,2025-04-07T23:30:00Z,OFF,WPG,STL,3.0,1.0,REG
2024021232,20242025,2,2025-04-07,2025-04-08T02:30:00Z,OFF,ANA,EDM,3.0,2.0,REG
2024021233,20242025,2,2025-04-07,2025-04-08T02:30:00Z,OFF,LAK,SEA,1.0,2.0,REG
2024021234,20242025,2,2025-04-07,2025-04-08T02:30:00Z,OFF,SJS,CGY,2.0,3.0,REG
2024021235,20242025,2,2025-04-08,2025-04-08T23:00:00Z,OFF,BUF,CAR,3.0,0.0,REG
2024021236,20242025,2,2025-04-08,2025-04-08T23:00:00Z,OFF,MTL,DET,4.0,1.0,REG
2024021237,20242025,2,2025-04-08,2025-04-08T23:00:00Z,OFF,FLA,TOR,3.0,1.0,REG
2024021238,20242025,2,2025-04-08,2025-04-08T23:00:00Z,OFF,NJD,BOS,2.0,7.0,REG
2024021239,20242025,2,2025-04-08,2025-04-08T23:00:00Z,OFF,CBJ,OTT,5.0,2.0,REG
2024021240,20242025,2,2025-04-08,2025-04-08T23:00:00Z,OFF,PIT,CHI,5.0,0.0,REG
2024021241,20242025,2,2025-04-08,2025-04-09T00:00:00Z,OFF,NSH,NYI,7.0,6.0,OT
2024021242,20242025,2,2025-04-08,2025-04-09T00:00:00Z,OFF,DAL,VAN,5.0,6.0,OT
2024021243,20242025,2,2025-04-08,2025-04-09T01:00:00Z,OFF,UTA,SEA,7.0,1.0,REG
2024021244,20242025,2,2025-04-08,2025-04-09T01:30:00Z,OFF,COL,VGK,3.0,2.0,SO
2024021245,20242025,2,2025-04-09,2025-04-09T23:00:00Z,OFF,TBL,TOR,3.0,4.0,OT
2024021246,20242025,2,2025-04-09,2025-04-09T23:30:00Z,OFF,NYR,PHI,5.0,8.0,REG
2024021247,20242025,2,2025-04-09,2025-04-10T00:00:00Z,OFF,MIN,SJS,8.0,7.0,OT
2024021248,20242025,2,2025-04-09,2025-04-10T02:00:00Z,OFF,EDM,STL,4.0,3.0,REG
2024021249,20242025,2,2025-04-09,2025-04-10T02:00:00Z,OFF,ANA,CGY,4.0,3.0,OT
2024021250,20242025,2,2025-04-10,2025-04-10T23:00:00Z,OFF,BOS,CHI,2.0,5.0,REG
2024021251,20242025,2,2025-04-10,2025-04-10T23:00:00Z,OFF,FLA,DET,4.0,1.0,REG
2024021253,20242025,2,2025-04-10,2025-04-10T23:00:00Z,OFF,CBJ,BUF,3.0,2.0,REG
2024021252,20242025,2,2025-04-10,2025-04-10T23:30:00Z,OFF,WSH,CAR,5.0,4.0,SO
2024021254,20242025,2,2025-04-10,2025-04-10T23:30:00Z,OFF,NYI,NYR,2.0,9.0,REG
2024021255,20242025,2,2025-04-10,2025-04-11T00:00:00Z,OFF,DAL,WPG,0.0,4.0,REG
2024021256,20242025,2,2025-04-10,2025-04-11T01:00:00Z,OFF,COL,VAN,1.0,4.0,REG
2024021257,20242025,2,2025-04-10,2025-04-11T01:00:00Z,OFF,UTA,NSH,3.0,4.0,SO
2024021258,20242025,2,2025-04-10,2025-04-11T02:00:00Z,OFF,VGK,SEA,2.0,1.0,REG
2024021259,20242025,2,2025-04-10,2025-04-11T02:00:00Z,OFF,LAK,ANA,6.0,1.0,REG
2024021260,20242025,2,2025-04-11,2025-04-11T23:00:00Z,OFF,OTT,MTL,5.0,2.0,REG
2024021261,20242025,2,2025-04-11,2025-04-11T23:00:00Z,OFF,TBL,DET,3.0,4.0,OT
2024021262,20242025,2,2025-04-11,2025-04-11T23:00:00Z,OFF,NJD,PIT,2.0,4.0,REG
2024021263,20242025,2,2025-04-11,2025-04-12T01:30:00Z,OFF,EDM,SJS,4.0,2.0,REG
2024021264,20242025,2,2025-04-11,2025-04-12T02:00:00Z,OFF,CGY,MIN,4.0,2.0,REG
2024021265,20242025,2,2025-04-12,2025-04-12T16:30:00Z,OFF,PHI,NYI,4.0,3.0,SO
2024021270,20242025,2,2025-04-12,2025-04-12T16:30:00Z,OFF,CBJ,WSH,7.0,0.0,REG
2024021266,20242025,2,2025-04-12,2025-04-12T19:00:00Z,OFF,CAR,NYR,7.0,3.0,REG
2024021267,20242025,2,2025-04-12,2025-04-12T20:00:00Z,OFF,LAK,COL,5.0,4.0,REG
2024021268,20242025,2,2025-04-12,2025-04-12T22:00:00Z,OFF,FLA,BUF,3.0,2.0,SO
2024021269,20242025,2,2025-04-12,2025-04-12T23:00:00Z,OFF,TOR,MTL,1.0,0.0,OT
2024021271,20242025,2,2025-04-12,2025-04-12T23:00:00Z,OFF,CHI,WPG,4.0,5.0,SO
2024021272,20242025,2,2025-04-12,2025-04-13T00:00:00Z,OFF,DAL,UTA,3.0,5.0,REG
2024021273,20242025,2,2025-04-12,2025-04-13T02:00:00Z,OFF,VAN,MIN,2.0,3.0,OT
2024021274,20242025,2,2025-04-12,2025-04-13T02:00:00Z,OFF,VGK,NSH,5.0,3.0,REG
2024021275,20242025,2,2025-04-12,2025-04-13T02:00:00Z,OFF,SEA,STL,4.0,3.0,SO
2024021276,20242025,2,2025-04-13,2025-04-13T17:00:00Z,OFF,OTT,PHI,4.0,3.0,OT
2024021277,20242025,2,2025-04-13,2025-04-13T17:00:00Z,OFF,NJD,NYI,0.0,1.0,REG
2024021278,20242025,2,2025-04-13,2025-04-13T19:30:00Z,OFF,PIT,BOS,1.0,4.0,REG
2024021279,20242025,2,2025-04-13,2025-04-13T21:00:00Z,OFF,CAR,TOR,1.0,4.0,REG
2024021280,20242025,2,2025-04-13,2025-04-13T22:00:00Z,OFF,TBL,BUF,7.0,4.0,REG
2024021281,20242025,2,2025-04-13,2025-04-13T22:00:00Z,OFF,WSH,CBJ,1.0,4.0,REG
2024021282,20242025,2,2025-04-13,2025-04-13T23:00:00Z,OFF,WPG,EDM,1.0,4.0,REG
2024021283,20242025,2,2025-04-13,2025-04-14T00:00:00Z,OFF,CGY,SJS,5.0,2.0,REG
2024021284,20242025,2,2025-04-13,2025-04-14T02:00:00Z,OFF,ANA,COL,2.0,4.0,REG
2024021285,20242025,2,2025-04-14,2025-04-14T23:00:00Z,OFF,MTL,CHI,3.0,4.0,SO
2024021286,20242025,2,2025-04-14,2025-04-14T23:00:00Z,OFF,DET,DAL,6.0,4.0,REG
2024021287,20242025,2,2025-04-14,2025-04-14T23:00:00Z,OFF,FLA,NYR,3.0,5.0,REG
2024021288,20242025,2,2025-04-14,2025-04-15T00:00:00Z,OFF,NSH,UTA,3.0,7.0,REG
2024021289,20242025,2,2025-04-14,2025-04-15T02:00:00Z,OFF,EDM,LAK,0.0,5.0,REG
2024021290,20242025,2,2025-04-14,2025-04-15T02:00:00Z,OFF,VAN,SJS,2.0,1.0,OT
2024021291,20242025,2,2025-04-15,2025-04-15T23:00:00Z,OFF,BOS,NJD,4.0,5.0,OT
2024021292,20242025,2,2025-04-15,2025-04-15T23:00:00Z,OFF,BUF,TOR,0.0,4.0,REG
2024021293,20242025,2,2025-04-15,2025-04-15T23:00:00Z,OFF,OTT,CHI,3.0,4.0,OT
2024021295,20242025,2,2025-04-15,2025-04-15T23:00:00Z,OFF,PHI,CBJ,0.0,3.0,REG
2024021294,20242025,2,2025-04-15,2025-04-15T23:30:00Z,OFF,TBL,FLA,5.0,1.0,REG
2024021296,20242025,2,2025-04-15,2025-04-15T23:30:00Z,OFF,NYI,WSH,1.0,3.0,REG
2024021297,20242025,2,2025-04-15,2025-04-16T00:00:00Z,OFF,STL,UTA,6.0,1.0,REG
2024021298,20242025,2,2025-04-15,2025-04-16T00:00:00Z,OFF,MIN,ANA,3.0,2.0,OT
2024021299,20242025,2,2025-04-15,2025-04-16T01:00:00Z,OFF,CGY,VGK,5.0,4.0,SO
2024021300,20242025,2,2025-04-15,2025-04-16T02:30:00Z,OFF,SEA,LAK,5.0,6.0,REG
2024021301,20242025,2,2025-04-16,2025-04-16T23:00:00Z,OFF,MTL,CAR,4.0,2.0,REG
2024021302,20242025,2,2025-04-16,2025-04-16T23:00:00Z,OFF,WPG,ANA,2.0,1.0,OT
2024021303,20242025,2,2025-04-16,2025-04-16T23:30:00Z,OFF,NJD,DET,2.0,5.0,REG
2024021304,20242025,2,2025-04-16,2025-04-17T00:00:00Z,OFF,NSH,DAL,5.0,1.0,REG
2024021305,20242025,2,2025-04-16,2025-04-17T02:00:00Z,OFF,VAN,VGK,1.0,4.0,REG
2024021306,20242025,2,2025-04-16,2025-04-17T02:30:00Z,OFF,SJS,EDM,0.0,3.0,REG
2024021307,20242025,2,2025-04-17,2025-04-17T23:00:00Z,OFF,BUF,PHI,5.0,4.0,REG
2024021308,20242025,2,2025-04-17,2025-04-17T23:00:00Z,OFF,TOR,DET,4.0,3.0,OT
2024021309,20242025,2,2025-04-17,2025-04-17T23:00:00Z,OFF,OTT,CAR,7.0,5.0,REG
2024021310,20242025,2,2025-04-17,2025-04-17T23:00:00Z,OFF,NYR,TBL,4.0,0.0,REG
2024021311,20242025,2,2025-04-17,2025-04-17T23:00:00Z,OFF,PIT,WSH,5.0,2.0,REG
2024021312,20242025,2,2025-04-17,2025-04-17T23:00:00Z,OFF,CBJ,NYI,6.0,1.0,REG
2024020653,20242025,2,2025-04-17,2025-04-18T01:30:00Z,OFF,LAK,CGY,1.0,5.0,REG
2024030151,20242025,3,2025-04-19,2025-04-19T22:00:00Z,OFF,WPG,STL,5.0,3.0,REG
2024030161,20242025,3,2025-04-19,2025-04-20T00:30:00Z,OFF,DAL,COL,1.0,5.0,REG
2024030141,20242025,3,2025-04-20,2025-04-20T19:00:00Z,OFF,CAR,NJD,4.0,1.0,REG
2024030111,20242025,3,2025-04-20,2025-04-20T23:00:00Z,OFF,TOR,OTT,6.0,2.0,REG
2024030171,20242025,3,2025-04-20,2025-04-21T02:00:00Z,OFF,VGK,MIN,4.0,2.0,REG
2024030131,20242025,3,2025-04-21,2025-04-21T23:00:00Z,OFF,WSH,MTL,3.0,2.0,OT
2024030152,20242025,3,2025-04-21,2025-04-21T23:30:00Z,OFF,WPG,STL,2.0,1.0,REG
2024030162,20242025,3,2025-04-21,2025-04-22T01:30:00Z,OFF,DAL,COL,4.0,3.0,OT
2024030181,20242025,3,2025-04-21,2025-04-22T02:00:00Z,OFF,LAK,EDM,6.0,5.0,REG
2024030142,20242025,3,2025-04-22,2025-04-22T22:00:00Z,OFF,CAR,NJD,3.0,1.0,REG
2024030112,20242025,3,2025-04-22,2025-04-22T23:30:00Z,OFF,TOR,OTT,3.0,2.0,OT
2024030121,20242025,3,2025-04-22,2025-04-23T00:30:00Z,OFF,TBL,FLA,2.0,6.0,REG
2024030172,20242025,3,2025-04-22,2025-04-23T03:00:00Z,OFF,VGK,MIN,2.0,5.0,REG
2024030132,20242025,3,2025-04-23,2025-04-23T23:00:00Z,OFF,WSH,MTL,3.0,1.0,REG
2024030163,20242025,3,2025-04-23,2025-04-24T01:30:00Z,OFF,COL,DAL,1.0,2.0,OT
2024030182,20242025,3,2025-04-23,2025-04-24T02:00:00Z,OFF,LAK,EDM,6.0,2.0,REG
2024030122,20242025,3,2025-04-24,2025-04-24T22:30:00Z,OFF,TBL,FLA,0.0,2.0,REG
2024030113,20242025,3,2025-04-24,2025-04-24T23:00:00Z,OFF,OTT,TOR,2.0,3.0,OT
2024030173,20242025,3,2025-04-24,2025-04-25T01:00:00Z,OFF,MIN,VGK,5.0,2.0,REG
2024030153,20242025,3,2025-04-24,2025-04-25T01:30:00Z,OFF,STL,WPG,7.0,2.0,REG
2024030133,20242025,3,2025-04-25,2025-04-25T23:00:00Z,OFF,MTL,WSH,6.0,3.0,REG
2024030143,20242025,3,2025-04-25,2025-04-26T00:00:00Z,OFF,NJD,CAR,3.0,2.0,OT
2024030183,20242025,3,2025-04-25,2025-04-26T02:00:00Z,OFF,EDM,LAK,7.0,4.0,REG
2024030123,20242025,3,2025-04-26,2025-04-26T17:00:00Z,OFF,FLA,TBL,1.0,5.0,REG
2024030174,20242025,3,2025-04-26,2025-04-26T20:00:00Z,OFF,MIN,VGK,3.0,4.0,OT
2024030114,20242025,3,2025-04-26,2025-04-26T23:00:00Z,OFF,OTT,TOR,4.0,3.0,OT
2024030164,20242025,3,2025-04-26,2025-04-27T01:30:00Z,OFF,COL,DAL,4.0,0.0,REG
2024030154,20242025,3,2025-04-27,2025-04-27T17:00:00Z,OFF,STL,WPG,5.0,1.0,REG
2024030144,20242025,3,2025-04-27,2025-04-27T19:30:00Z,OFF,NJD,CAR,2.0,5.0,REG
2024030134,20242025,3,2025-04-27,2025-04-27T22:30:00Z,OFF,MTL,WSH,2.0,5.0,REG
2024030184,20242025,3,2025-04-27,2025-04-28T01:30:00Z,OFF,EDM,LAK,4.0,3.0,OT
2024030124,20242025,3,2025-04-28,2025-04-28T23:00:00Z,OFF,FLA,TBL,4.0,2.0,REG
2024030165,20242025,3,2025-04-28,2025-04-29T01:30:00Z,OFF,DAL,COL,6.0,2.0,REG
2024030115,20242025,3,2025-04-29,2025-04-29T23:00:00Z,OFF,TOR,OTT,0.0,4.0,REG
2024030145,20242025,3,2025-04-29,2025-04-29T23:30:00Z,OFF,CAR,NJD,5.0,4.0,OT
2024030175,20242025,3,2025-04-29,2025-04-30T01:30:00Z,OFF,VGK,MIN,3.0,2.0,OT
2024030185,20242025,3,2025-04-29,2025-04-30T02:00:00Z,OFF,LAK,EDM,1.0,3.0,REG
2024030135,20242025,3,2025-04-30,2025-04-30T23:00:00Z,OFF,WSH,MTL,4.0,1.0,REG
2024030125,20242025,3,2025-04-30,2025-04-30T23:30:00Z,OFF,TBL,FLA,3.0,6.0,REG
2024030155,20242025,3,2025-04-30,2025-05-01T01:30:00Z,OFF,WPG,STL,5.0,3.0,REG
2024030116,20242025,3,2025-05-01,2025-05-01T23:00:00Z,OFF,OTT,TOR,2.0,4.0,REG
2024030176,20242025,3,2025-05-01,2025-05-01T23:30:00Z,OFF,MIN,VGK,2.0,3.0,REG
2024030166,20242025,3,2025-05-01,2025-05-02T01:30:00Z,OFF,COL,DAL,7.0,4.0,REG
2024030186,20242025,3,2025-05-01,2025-05-02T02:00:00Z,OFF,EDM,LAK,6.0,4.0,REG
2024030156,20242025,3,2025-05-02,2025-05-03T00:00:00Z,OFF,STL,WPG,5.0,2.0,REG
2024030167,20242025,3,2025-05-03,2025-05-04T00:00:00Z,OFF,DAL,COL,4.0,2.0,REG
2024030157,20242025,3,2025-05-04,2025-05-04T23:00:00Z,OFF,WPG,STL,4.0,3.0,OT
2024030211,20242025,3,2025-05-05,2025-05-06T00:00:00Z,OFF,TOR,FLA,5.0,4.0,REG
2024030221,20242025,3,2025-05-06,2025-05-06T23:00:00Z,OFF,WSH,CAR,1.0,2.0,OT
2024030241,20242025,3,2025-05-06,2025-05-07T01:30:00Z,OFF,VGK,EDM,2.0,4.0,REG
2024030212,20242025,3,2025-05-07,2025-05-07T23:00:00Z,OFF,TOR,FLA,4.0,3.0,REG
2024030231,20242025,3,2025-05-07,2025-05-08T01:30:00Z,OFF,WPG,DAL,2.0,3.0,REG
2024030222,20242025,3,2025-05-08,2025-05-08T23:00:00Z,OFF,WSH,CAR,3.0,1.0,REG
2024030242,20242025,3,2025-05-08,2025-05-09T01:30:00Z,OFF,VGK,EDM,4.0,5.0,OT
2024030213,20242025,3,2025-05-09,2025-05-09T23:00:00Z,OFF,FLA,TOR,5.0,4.0,OT
2024030232,20242025,3,2025-05-09,2025-05-10T01:30:00Z,OFF,WPG,DAL,4.0,0.0,REG
2024030223,20242025,3,2025-05-10,2025-05-10T22:00:00Z,OFF,CAR,WSH,4.0,0.0,REG
2024030243,20242025,3,2025-05-10,2025-05-11T01:00:00Z,OFF,EDM,VGK,3.0,4.0,REG
2024030233,20242025,3,2025-05-11,2025-05-11T20:30:00Z,OFF,DAL,WPG,5.0,2.0,REG
2024030214,20242025,3,2025-05-11,2025-05-11T23:30:00Z,OFF,FLA,TOR,2.0,0.0,REG
2024030224,20242025,3,2025-05-12,2025-05-12T23:00:00Z,OFF,CAR,WSH,5.0,2.0,REG
2024030244,20242025,3,2025-05-12,2025-05-13T01:30:00Z,OFF,EDM,VGK,3.0,0.0,REG
2024030234,20242025,3,2025-05-13,2025-05-14T00:00:00Z,OFF,DAL,WPG,3.0,1.0,REG
2024030215,20242025,3,2025-05-14,2025-05-14T23:00:00Z,OFF,TOR,FLA,1.0,6.0,REG
2024030245,20242025,3,2025-05-14,2025-05-15T01:30:00Z,OFF,VGK,EDM,0.0,1.0,OT
2024030225,20242025,3,2025-05-15,2025-05-15T23:00:00Z,OFF,WSH,CAR,1.0,3.0,REG
2024030235,20242025,3,2025-05-15,2025-05-16T01:30:00Z,OFF,WPG,DAL,4.0,0.0,REG
2024030216,20242025,3,2025-05-16,2025-05-17T00:00:00Z,OFF,FLA,TOR,0.0,2.0,REG
2024030236,20242025,3,2025-05-17,2025-05-18T00:00:00Z,OFF,DAL,WPG,2.0,1.0,OT
2024030217,20242025,3,2025-05-18,2025-05-18T23:30:00Z,OFF,TOR,FLA,1.0,6.0,REG
2024030311,20242025,3,2025-05-20,2025-05-21T00:00:00Z,OFF,CAR,FLA,2.0,5.0,REG
2024030321,20242025,3,2025-05-21,2025-05-22T00:00:00Z,OFF,DAL,EDM,6.0,3.0,REG
2024030312,20242025,3,2025-05-22,2025-05-23T00:00:00Z,OFF,CAR,FLA,0.0,5.0,REG
2024030322,20242025,3,2025-05-23,2025-05-24T00:00:00Z,OFF,DAL,EDM,0.0,3.0,REG
2024030313,20242025,3,2025-05-24,2025-05-25T00:00:00Z,OFF,FLA,CAR,6.0,2.0,REG
2024030323,20242025,3,2025-05-25,2025-05-25T19:00:00Z,OFF,EDM,DAL,6.0,1.0,REG
2024030314,20242025,3,2025-05-26,2025-05-27T00:00:00Z,OFF,FLA,CAR,0.0,3.0,REG
2024030324,20242025,3,2025-05-27,2025-05-28T00:00:00Z,OFF,EDM,DAL,4.0,1.0,REG
2024030315,20242025,3,2025-05-28,2025-05-29T00:00:00Z,OFF,CAR,FLA,3.0,5.0,REG
2024030325,20242025,3,2025-05-29,2025-05-30T00:00:00Z,OFF,DAL,EDM,3.0,6.0,REG
2024030411,20242025,3,2025-06-04,2025-06-05T00:00:00Z,OFF,EDM,FLA,4.0,3.0,OT
2024030412,20242025,3,2025-06-06,2025-06-07T00:00:00Z,OFF,EDM,FLA,4.0,5.0,OT
2024030413,20242025,3,2025-06-09,2025-06-10T00:00:00Z,OFF,FLA,EDM,6.0,1.0,REG
2024030414,20242025,3,2025-06-12,2025-06-13T00:00:00Z,OFF,FLA,EDM,4.0,5.0,OT
2024030415,20242025,3,2025-06-14,2025-06-15T00:00:00Z,OFF,EDM,FLA,2.0,5.0,REG
2024030416,20242025,3,2025-06-17,2025-06-18T00:00:00Z,OFF,FLA,EDM,5.0,1.0,REG
2025020001,20252026,2,2025-10-07,2025-10-07T21:00:00Z,OFF,FLA,CHI,3.0,2.0,REG
2025020002,20252026,2,2025-10-07,2025-10-08T00:00:00Z,OFF,NYR,PIT,0.0,3.0,REG
2025020003,20252026,2,2025-10-07,2025-10-08T02:30:00Z,OFF,LAK,COL,1.0,4.0,REG
2025020004,20252026,2,2025-10-08,2025-10-08T23:00:00Z,OFF,TOR,MTL,5.0,2.0,REG
2025020005,20252026,2,2025-10-08,2025-10-08T23:30:00Z,OFF,WSH,BOS,1.0,3.0,REG
2025020006,20252026,2,2025-10-08,2025-10-09T02:00:00Z,OFF,EDM,CGY,3.0,4.0,SO
2025020007,20252026,2,2025-10-08,2025-10-09T02:00:00Z,OFF,VGK,LAK,5.0,6.0,SO
2025020008,20252026,2,2025-10-09,2025-10-09T23:00:00Z,OFF,BOS,CHI,4.0,3.0,OT
2025020009,20252026,2,2025-10-09,2025-10-09T23:00:00Z,OFF,BUF,NYR,0.0,4.0,REG
2025020010,20252026,2,2025-10-09,2025-10-09T23:00:00Z,OFF,DET,MTL,1.0,5.0,REG
2025020011,20252026,2,2025-10-09,2025-10-09T23:00:00Z,OFF,TBL,OTT,4.0,5.0,REG
2025020012,20252026,2,2025-10-09,2025-10-09T23:00:00Z,OFF,FLA,PHI,2.0,1.0,REG
2025020013,20252026,2,2025-10-09,2025-10-09T23:00:00Z,OFF,PIT,NYI,4.0,3.0,REG
2025020014,20252026,2,2025-10-09,2025-10-09T23:30:00Z,OFF,CAR,NJD,6.0,3.0,REG
2025020015,20252026,2,2025-10-09,2025-10-10T00:00:00Z,OFF,STL,MIN,0.0,5.0,REG
2025020016,20252026,2,2025-10-09,2025-10-10T00:00:00Z,OFF,NSH,CBJ,2.0,1.0,REG
2025020017,20252026,2,2025-10-09,2025-10-10T00:00:00Z,OFF,WPG,DAL,4.0,5.0,REG
2025020018,20252026,2,2025-10-09,2025-10-10T01:00:00Z,OFF,COL,UTA,2.0,1.0,REG
2025020019,20252026,2,2025-10-09,2025-10-10T02:00:00Z,OFF,VAN,CGY,5.0,1.0,REG
2025020020,20252026,2,2025-10-09,2025-10-10T02:00:00Z,OFF,SJS,VGK,3.0,4.0,OT
2025020021,20252026,2,2025-10-09,2025-10-10T02:00:00Z,OFF,SEA,ANA,3.0,1.0,REG
2025020022,20252026,2,2025-10-11,2025-10-11T17:30:00Z,OFF,WPG,LAK,3.0,2.0,REG
2025020023,20252026,2,2025-10-11,2025-10-11T20:00:00Z,OFF,CGY,STL,2.0,4.0,REG
2025020024,20252026,2,2025-10-11,2025-10-11T23:00:00Z,OFF,BOS,BUF,3.0,1.0,REG
2025020025,20252026,2,2025-10-11,2025-10-11T23:00:00Z,OFF,DET,TOR,6.0,3.0,REG
2025020026,20252026,2,2025-10-11,2025-10-11T23:00:00Z,OFF,TBL,NJD,3.0,5.0,REG
2025020027,20252026,2,2025-10-11,2025-10-11T23:00:00Z,OFF,FLA,OTT,6.0,2.0,REG
2025020028,20252026,2,2025-10-11,2025-10-11T23:00:00Z,OFF,NYI,WSH,2.0,4.0,REG
2025020029,20252026,2,2025-10-11,2025-10-11T23:00:00Z,OFF,PIT,NYR,1.0,6.0,REG
2025020030,20252026,2,2025-10-11,2025-10-11T23:00:00Z,OFF,CAR,PHI,4.0,3.0,OT
2025020031,20252026,2,2025-10-11,2025-10-11T23:00:00Z,OFF,CHI,MTL,2.0,3.0,REG
2025020032,20252026,2,2025-10-11,2025-10-12T00:00:00Z,OFF,NSH,UTA,2.0,3.0,OT
2025020033,20252026,2,2025-10-11,2025-10-12T00:00:00Z,OFF,MIN,CBJ,4.0,7.0,REG
2025020034,20252026,2,2025-10-11,2025-10-12T01:00:00Z,OFF,COL,DAL,4.0,5.0,SO
2025020035,20252026,2,2025-10-11,2025-10-12T02:00:00Z,OFF,EDM,VAN,3.0,1.0,REG
2025020036,20252026,2,2025-10-11,2025-10-12T02:00:00Z,OFF,SJS,ANA,6.0,7.0,OT
2025020037,20252026,2,2025-10-11,2025-10-12T02:00:00Z,OFF,SEA,VGK,2.0,1.0,OT
2025020038,20252026,2,2025-10-12,2025-10-12T23:00:00Z,OFF,NYR,WSH,0.0,1.0,REG
2025020039,20252026,2,2025-10-13,2025-10-13T16:30:00Z,OFF,BUF,COL,1.0,3.0,REG
2025020040,20252026,2,2025-10-13,2025-10-13T17:00:00Z,OFF,BOS,TBL,3.0,4.0,REG
2025020041,20252026,2,2025-10-13,2025-10-13T17:00:00Z,OFF,OTT,NSH,1.0,4.0,REG
2025020042,20252026,2,2025-10-13,2025-10-13T17:00:00Z,OFF,NYI,WPG,2.0,5.0,REG
2025020043,20252026,2,2025-10-13,2025-10-13T18:00:00Z,OFF,TOR,DET,2.0,3.0,REG
2025020044,20252026,2,2025-10-13,2025-10-13T23:00:00Z,OFF,PHI,FLA,5.0,2.0,REG
2025020045,20252026,2,2025-10-13,2025-10-13T23:00:00Z,OFF,CBJ,NJD,2.0,3.0,REG
2025020046,20252026,2,2025-10-13,2025-10-13T23:30:00Z,OFF,VAN,STL,2.0,5.0,REG
2025020047,20252026,2,2025-10-13,2025-10-14T00:00:00Z,OFF,MIN,LAK,4.0,3.0,SO
2025020048,20252026,2,2025-10-13,2025-10-14T00:30:00Z,OFF,CHI,UTA,3.0,1.0,REG
2025020049,20252026,2,2025-10-14,2025-10-14T23:00:00Z,OFF,TOR,NSH,7.0,4.0,REG
2025020050,20252026,2,2025-10-14,2025-10-14T23:00:00Z,OFF,MTL,SEA,5.0,4.0,OT
2025020051,20252026,2,2025-10-14,2025-10-14T23:00:00Z,OFF,NYR,EDM,0.0,2.0,REG
2025020052,20252026,2,2025-10-14,2025-10-14T23:00:00Z,OFF,WSH,TBL,3.0,2.0,OT
2025020053,20252026,2,2025-10-14,2025-10-15T01:00:00Z,OFF,CGY,VGK,2.0,4.0,REG
2025020054,20252026,2,2025-10-14,2025-10-15T01:30:00Z,OFF,DAL,MIN,5.0,2.0,REG
2025020055,20252026,2,2025-10-14,2025-10-15T02:00:00Z,OFF,SJS,CAR,1.0,5.0,REG
2025020056,20252026,2,2025-10-14,2025-10-15T02:30:00Z,OFF,ANA,PIT,4.0,3.0,REG
2025020057,20252026,2,2025-10-15,2025-10-15T23:00:00Z,OFF,BUF,OTT,8.0,4.0,REG
2025020058,20252026,2,2025-10-15,2025-10-15T23:00:00Z,OFF,DET,FLA,4.0,1.0,REG
2025020059,20252026,2,2025-10-15,2025-10-16T01:30:00Z,OFF,STL,CHI,3.0,8.0,REG
2025020060,20252026,2,2025-10-15,2025-10-16T01:30:00Z,OFF,UTA,CGY,3.0,1.0,REG
2025020061,20252026,2,2025-10-16,2025-10-16T23:00:00Z,OFF,TOR,NYR,2.0,1.0,OT
2025020062,20252026,2,2025-10-16,2025-10-16T23:00:00Z,OFF,MTL,NSH,3.0,2.0,OT
2025020063,20252026,2,2025-10-16,2025-10-16T23:00:00Z,OFF,OTT,SEA,4.0,3.0,SO
2025020064,20252026,2,2025-10-16,2025-10-16T23:00:00Z,OFF,NJD,FLA,3.0,1.0,REG
2025020066,20252026,2,2025-10-16,2025-10-16T23:00:00Z,OFF,PHI,WPG,2.0,5.0,REG
2025020067,20252026,2,2025-10-16,2025-10-16T23:00:00Z,OFF,CBJ,COL,1.0,4.0,REG
2025020065,20252026,2,2025-10-16,2025-10-16T23:30:00Z,OFF,NYI,EDM,4.0,2.0,REG
2025020068,20252026,2,2025-10-16,2025-10-17T00:00:00Z,OFF,DAL,VAN,3.0,5.0,REG
2025020069,20252026,2,2025-10-16,2025-10-17T02:00:00Z,OFF,VGK,BOS,6.0,5.0,REG
2025020070,20252026,2,2025-10-16,2025-10-17T02:00:00Z,OFF,ANA,CAR,1.0,4.0,REG
2025020071,20252026,2,2025-10-16,2025-10-17T02:00:00Z,OFF,LAK,PIT,2.0,4.0,REG
2025020072,20252026,2,2025-10-17,2025-10-17T23:00:00Z,OFF,DET,TBL,2.0,1.0,OT
2025020073,20252026,2,2025-10-17,2025-10-17T23:00:00Z,OFF,WSH,MIN,5.0,1.0,REG
2025020074,20252026,2,2025-10-17,2025-10-18T00:30:00Z,OFF,CHI,VAN,2.0,3.0,SO
2025020075,20252026,2,2025-10-17,2025-10-18T01:00:00Z,OFF,UTA,SJS,6.0,3.0,REG
2025020076,20252026,2,2025-10-18,2025-10-18T17:00:00Z,OFF,BUF,FLA,3.0,0.0,REG
2025020077,20252026,2,2025-10-18,2025-10-18T19:00:00Z,OFF,OTT,NYI,4.0,5.0,REG
2025020078,20252026,2,2025-10-18,2025-10-18T19:30:00Z,OFF,NJD,EDM,5.0,3.0,REG
2025020079,20252026,2,2025-10-18,2025-10-18T23:00:00Z,OFF,TOR,SEA,3.0,4.0,OT
2025020080,20252026,2,2025-10-18,2025-10-18T23:00:00Z,OFF,MTL,NYR,3.0,4.0,REG
2025020081,20252026,2,2025-10-18,2025-10-18T23:00:00Z,OFF,PHI,MIN,2.0,1.0,OT
2025020082,20252026,2,2025-10-18,2025-10-18T23:00:00Z,OFF,CBJ,TBL,3.0,2.0,REG
2025020083,20252026,2,2025-10-18,2025-10-18T23:00:00Z,OFF,STL,DAL,3.0,1.0,REG
2025020084,20252026,2,2025-10-18,2025-10-18T23:00:00Z,OFF,WPG,NSH,4.0,1.0,REG
2025020085,20252026,2,2025-10-18,2025-10-19T01:00:00Z,OFF,COL,BOS,4.0,1.0,REG
2025020086,20252026,2,2025-10-18,2025-10-19T01:00:00Z,OFF,LAK,CAR,3.0,4.0,OT
2025020087,20252026,2,2025-10-18,2025-10-19T02:00:00Z,OFF,VGK,CGY,6.0,1.0,REG
2025020088,20252026,2,2025-10-18,2025-10-19T02:00:00Z,OFF,SJS,PIT,0.0,3.0,REG
2025020089,20252026,2,2025-10-19,2025-10-19T16:30:00Z,OFF,WSH,VAN,3.0,4.0,REG
2025020090,20252026,2,2025-10-19,2025-10-19T19:00:00Z,OFF,DET,EDM,4.0,2.0,REG
2025020091,20252026,2,2025-10-19,2025-10-19T23:00:00Z,OFF,CHI,ANA,2.0,1.0,OT
2025020092,20252026,2,2025-10-19,2025-10-19T23:00:00Z,OFF,UTA,BOS,3.0,2.0,REG
2025020093,20252026,2,2025-10-20,2025-10-20T23:00:00Z,OFF,NYR,MIN,1.0,3.0,REG
2025020094,20252026,2,2025-10-20,2025-10-20T23:00:00Z,OFF,PHI,SEA,5.0,2.0,REG
2025020095,20252026,2,2025-10-20,2025-10-20T23:30:00Z,OFF,MTL,BUF,4.0,2.0,REG
2025020096,20252026,2,2025-10-20,2025-10-21T01:30:00Z,OFF,CGY,WPG,1.0,2.0,REG
2025020097,20252026,2,2025-10-20,2025-10-21T02:00:00Z,OFF,VGK,CAR,4.0,1.0,REG
2025020098,20252026,2,2025-10-21,2025-10-21T23:00:00Z,OFF,TOR,NJD,2.0,5.0,REG
2025020099,20252026,2,2025-10-21,2025-10-21T23:00:00Z,OFF,OTT,EDM,2.0,3.0,OT
2025020100,20252026,2,2025-10-21,2025-10-21T23:00:00Z,OFF,NYI,SJS,4.0,3.0,REG
2025020101,20252026,2,2025-10-21,2025-10-21T23:00:00Z,OFF,PIT,VAN,5.0,1.0,REG
2025020102,20252026,2,2025-10-21,2025-10-21T23:00:00Z,OFF,WSH,SEA,4.0,1.0,REG
2025020103,20252026,2,2025-10-21,2025-10-21T23:30:00Z,OFF,BOS,FLA,3.0,4.0,REG
2025020104,20252026,2,2025-10-21,2025-10-22T00:00:00Z,OFF,STL,LAK,1.0,2.0,OT
2025020105,20252026,2,2025-10-21,2025-10-22T00:00:00Z,OFF,NSH,ANA,2.0,5.0,REG
2025020106,20252026,2,2025-10-21,2025-10-22T00:00:00Z,OFF,DAL,CBJ,1.0,5.0,REG
2025020107,20252026,2,2025-10-21,2025-10-22T02:00:00Z,OFF,UTA,COL,4.0,3.0,OT
2025020108,20252026,2,2025-10-22,2025-10-22T23:00:00Z,OFF,NJD,MIN,4.0,1.0,REG
2025020109,20252026,2,2025-10-22,2025-10-22T23:30:00Z,OFF,BUF,DET,4.0,2.0,REG
2025020110,20252026,2,2025-10-22,2025-10-23T00:30:00Z,OFF,CGY,MTL,1.0,2.0,OT
2025020113,20252026,2,2025-10-23,2025-10-23T22:45:00Z,OFF,TBL,CHI,2.0,3.0,REG
2025020111,20252026,2,2025-10-23,2025-10-23T23:00:00Z,OFF,BOS,ANA,5.0,7.0,REG
2025020112,20252026,2,2025-10-23,2025-10-23T23:00:00Z,OFF,OTT,PHI,2.0,1.0,REG
2025020114,20252026,2,2025-10-23,2025-10-23T23:00:00Z,OFF,FLA,PIT,3.0,5.0,REG
2025020115,20252026,2,2025-10-23,2025-10-23T23:00:00Z,OFF,NYI,DET,7.0,2.0,REG
2025020116,20252026,2,2025-10-23,2025-10-23T23:00:00Z,OFF,NYR,SJS,5.0,6.0,OT
2025020117,20252026,2,2025-10-23,2025-10-24T00:00:00Z,OFF,STL,UTA,4.0,7.0,REG
2025020118,20252026,2,2025-10-23,2025-10-24T00:00:00Z,OFF,NSH,VAN,2.0,1.0,REG
2025020120,20252026,2,2025-10-23,2025-10-24T00:00:00Z,OFF,WPG,SEA,0.0,3.0,REG
2025020119,20252026,2,2025-10-23,2025-10-24T01:00:00Z,OFF,DAL,LAK,2.0,3.0,OT
2025020121,20252026,2,2025-10-23,2025-10-24T01:00:00Z,OFF,COL,CAR,4.0,5.0,SO
2025020122,20252026,2,2025-10-23,2025-10-24T01:00:00Z,OFF,EDM,MTL,6.0,5.0,REG
2025020123,20252026,2,2025-10-24,2025-10-24T23:00:00Z,OFF,BUF,TOR,5.0,3.0,REG
2025020124,20252026,2,2025-10-24,2025-10-24T23:00:00Z,OFF,NJD,SJS,3.0,1.0,REG
2025020125,20252026,2,2025-10-24,2025-10-24T23:00:00Z,OFF,CBJ,WSH,1.0,5.0,REG
2025020126,20252026,2,2025-10-24,2025-10-25T00:00:00Z,OFF,WPG,CGY,5.0,3.0,REG
2025020127,20252026,2,2025-10-25,2025-10-25T16:30:00Z,OFF,PHI,NYI,4.0,3.0,SO
2025020128,20252026,2,2025-10-25,2025-10-25T19:00:00Z,OFF,BOS,COL,3.0,2.0,REG
2025020129,20252026,2,2025-10-25,2025-10-25T21:00:00Z,OFF,TBL,ANA,4.0,3.0,REG
2025020132,20252026,2,2025-10-25,2025-10-25T21:00:00Z,OFF,TOR,BUF,4.0,3.0,OT
2025020130,20252026,2,2025-10-25,2025-10-25T22:00:00Z,OFF,FLA,VGK,3.0,0.0,REG
2025020131,20252026,2,2025-10-25,2025-10-25T22:00:00Z,OFF,MIN,UTA,2.0,6.0,REG
2025020133,20252026,2,2025-10-25,2025-10-25T23:00:00Z,OFF,DET,STL,6.0,4.0,REG
2025020134,20252026,2,2025-10-25,2025-10-25T23:00:00Z,OFF,PIT,CBJ,4.0,5.0,SO
2025020135,20252026,2,2025-10-25,2025-10-25T23:00:00Z,OFF,WSH,OTT,1.0,7.0,REG
2025020136,20252026,2,2025-10-25,2025-10-25T23:00:00Z,OFF,VAN,MTL,3.0,4.0,REG
2025020137,20252026,2,2025-10-25,2025-10-26T00:00:00Z,OFF,NSH,LAK,5.0,4.0,SO
2025020138,20252026,2,2025-10-25,2025-10-26T00:00:00Z,OFF,DAL,CAR,3.0,2.0,REG
2025020139,20252026,2,2025-10-25,2025-10-26T02:00:00Z,OFF,SEA,EDM,3.0,2.0,REG
2025020140,20252026,2,2025-10-26,2025-10-26T17:00:00Z,OFF,NJD,COL,4.0,3.0,OT
2025020141,20252026,2,2025-10-26,2025-10-26T21:00:00Z,OFF,TBL,VGK,2.0,1.0,OT
2025020142,20252026,2,2025-10-26,2025-10-26T22:00:00Z,OFF,MIN,SJS,5.0,6.0,OT
2025020143,20252026,2,2025-10-26,2025-10-26T22:00:00Z,OFF,WPG,UTA,2.0,3.0,REG
2025020144,20252026,2,2025-10-26,2025-10-26T23:00:00Z,OFF,CHI,LAK,1.0,3.0,REG
2025020145,20252026,2,2025-10-26,2025-10-26T23:00:00Z,OFF,NSH,DAL,2.0,3.0,REG
2025020146,20252026,2,2025-10-26,2025-10-27T00:00:00Z,OFF,CGY,NYR,5.0,1.0,REG
2025020147,20252026,2,2025-10-26,2025-10-27T02:00:00Z,OFF,VAN,EDM,4.0,3.0,OT
2025020148,20252026,2,2025-10-27,2025-10-27T23:00:00Z,OFF,PIT,STL,6.0,3.0,REG
2025020149,20252026,2,2025-10-27,2025-10-27T23:30:00Z,OFF,OTT,BOS,7.0,2.0,REG
2025020150,20252026,2,2025-10-28,2025-10-28T22:00:00Z,OFF,PHI,PIT,3.0,2.0,SO
2025020151,20252026,2,2025-10-28,2025-10-28T22:00:00Z,OFF,TOR,CGY,4.0,3.0,REG
2025020155,20252026,2,2025-10-28,2025-10-28T22:30:00Z,OFF,CAR,VGK,3.0,6.0,REG
2025020152,20252026,2,2025-10-28,2025-10-28T22:45:00Z,OFF,BUF,CBJ,3.0,4.0,OT
2025020153,20252026,2,2025-10-28,2025-10-28T23:00:00Z,OFF,FLA,ANA,2.0,3.0,SO
2025020154,20252026,2,2025-10-28,2025-10-28T23:15:00Z,OFF,BOS,NYI,5.0,2.0,REG
2025020156,20252026,2,2025-10-28,2025-10-28T23:45:00Z,OFF,NSH,TBL,2.0,5.0,REG
2025020157,20252026,2,2025-10-28,2025-10-29T00:00:00Z,OFF,MIN,WPG,3.0,4.0,OT
2025020158,20252026,2,2025-10-28,2025-10-29T00:15:00Z,OFF,STL,DET,2.0,5.0,REG
2025020159,20252026,2,2025-10-28,2025-10-29T00:30:00Z,OFF,DAL,WSH,1.0,0.0,REG
2025020160,20252026,2,2025-10-28,2025-10-29T00:45:00Z,OFF,CHI,OTT,7.0,3.0,REG
2025020161,20252026,2,2025-10-28,2025-10-29T01:00:00Z,OFF,COL,NJD,8.0,4.0,REG
2025020162,20252026,2,2025-10-28,2025-10-29T01:30:00Z,OFF,EDM,UTA,6.0,3.0,REG
2025020163,20252026,2,2025-10-28,2025-10-29T02:00:00Z,OFF,VAN,NYR,0.0,2.0,REG
2025020164,20252026,2,2025-10-28,2025-10-29T02:30:00Z,OFF,SEA,MTL,3.0,4.0,OT
2025020165,20252026,2,2025-10-28,2025-10-29T03:00:00Z,OFF,SJS,LAK,3.0,4.0,REG
2025020166,20252026,2,2025-10-29,2025-10-29T23:30:00Z,OFF,CBJ,TOR,6.0,3.0,REG
2025020167,20252026,2,2025-10-30,2025-10-30T23:00:00Z,OFF,BOS,BUF,4.0,3.0,OT
2025020168,20252026,2,2025-10-30,2025-10-30T23:00:00Z,OFF,OTT,CGY,4.0,3.0,SO
2025020169,20252026,2,2025-10-30,2025-10-30T23:00:00Z,OFF,TBL,DAL,2.0,1.0,OT
2025020170,20252026,2,2025-10-30,2025-10-30T23:00:00Z,OFF,PHI,NSH,4.0,1.0,REG
2025020171,20252026,2,2025-10-30,2025-10-30T23:30:00Z,OFF,CAR,NYI,6.0,2.0,REG
2025020172,20252026,2,2025-10-30,2025-10-31T00:00:00Z,OFF,STL,VAN,3.0,4.0,SO
2025020173,20252026,2,2025-10-30,2025-10-31T00:00:00Z,OFF,MIN,PIT,1.0,4.0,REG
2025020174,20252026,2,2025-10-30,2025-10-31T00:00:00Z,OFF,WPG,CHI,6.0,3.0,REG
2025020175,20252026,2,2025-10-30,2025-10-31T01:00:00Z,OFF,EDM,NYR,3.0,4.0,OT
2025020176,20252026,2,2025-10-30,2025-10-31T02:00:00Z,OFF,SJS,NJD,5.0,2.0,REG
2025020177,20252026,2,2025-10-30,2025-10-31T02:30:00Z,OFF,LAK,DET,3.0,4.0,SO
2025020178,20252026,2,2025-10-31,2025-10-31T20:00:00Z,OFF,VGK,COL,2.0,4.0,REG
2025020179,20252026,2,2025-10-31,2025-10-31T23:00:00Z,OFF,WSH,NYI,1.0,3.0,REG
2025020180,20252026,2,2025-10-31,2025-11-01T02:00:00Z,OFF,ANA,DET,5.0,2.0,REG
2025020181,20252026,2,2025-11-01,2025-11-01T17:00:00Z,OFF,BOS,CAR,2.0,1.0,REG
2025020182,20252026,2,2025-11-01,2025-11-01T19:00:00Z,OFF,WPG,PIT,5.0,2.0,REG
2025020183,20252026,2,2025-11-01,2025-11-01T19:30:00Z,OFF,NSH,CGY,4.0,2.0,REG
2025020184,20252026,2,2025-11-01,2025-11-01T20:00:00Z,OFF,SJS,COL,3.0,2.0,OT
2025020185,20252026,2,2025-11-01,2025-11-01T22:00:00Z,OFF,FLA,DAL,4.0,3.0,SO
2025020186,20252026,2,2025-11-01,2025-11-01T23:00:00Z,OFF,BUF,WSH,4.0,3.0,SO
2025020187,20252026,2,2025-11-01,2025-11-01T23:00:00Z,OFF,MTL,OTT,4.0,3.0,OT
2025020188,20252026,2,2025-11-01,2025-11-01T23:00:00Z,OFF,PHI,TOR,2.0,5.0,REG
2025020189,20252026,2,2025-11-01,2025-11-01T23:00:00Z,OFF,CBJ,STL,3.0,2.0,REG
2025020190,20252026,2,2025-11-01,2025-11-01T23:00:00Z,OFF,MIN,VAN,5.0,2.0,REG
2025020191,20252026,2,2025-11-01,2025-11-02T01:00:00Z,OFF,LAK,NJD,1.0,4.0,REG
2025020192,20252026,2,2025-11-01,2025-11-02T02:00:00Z,OFF,EDM,CHI,3.0,2.0,OT
2025020193,20252026,2,2025-11-01,2025-11-02T02:00:00Z,OFF,SEA,NYR,2.0,3.0,OT
2025020194,20252026,2,2025-11-02,2025-11-02T20:30:00Z,OFF,UTA,TBL,2.0,4.0,REG
2025020195,20252026,2,2025-11-02,2025-11-02T22:00:00Z,OFF,NYI,CBJ,3.0,2.0,REG
2025020196,20252026,2,2025-11-02,2025-11-03T00:00:00Z,OFF,PHI,CGY,1.0,2.0,REG
2025020197,20252026,2,2025-11-02,2025-11-03T01:00:00Z,OFF,ANA,NJD,4.0,1.0,REG
2025020198,20252026,2,2025-11-02,2025-11-03T01:00:00Z,OFF,SJS,DET,2.0,3.0,SO
2025020199,20252026,2,2025-11-03,2025-11-04T00:30:00Z,OFF,TOR,PIT,4.0,3.0,REG
2025020200,20252026,2,2025-11-03,2025-11-04T01:30:00Z,OFF,STL,EDM,3.0,2.0,REG
2025020201,20252026,2,2025-11-03,2025-11-04T01:30:00Z,OFF,NSH,VAN,4.0,5.0,OT
2025020202,20252026,2,2025-11-03,2025-11-04T03:00:00Z,OFF,SEA,CHI,3.0,1.0,REG
2025020203,20252026,2,2025-11-04,2025-11-05T00:00:00Z,OFF,BUF,UTA,1.0,2.0,OT
2025020204,20252026,2,2025-11-04,2025-11-05T00:00:00Z,OFF,MTL,PHI,4.0,5.0,SO
2025020205,20252026,2,2025-11-04,2025-11-05T00:00:00Z,OFF,NYI,BOS,3.0,4.0,SO
2025020206,20252026,2,2025-11-04,2025-11-05T00:00:00Z,OFF,NYR,CAR,0.0,3.0,REG
2025020207,20252026,2,2025-11-04,2025-11-05T01:00:00Z,OFF,DAL,EDM,4.0,3.0,SO
2025020208,20252026,2,2025-11-04,2025-11-05T01:00:00Z,OFF,MIN,NSH,3.0,2.0,OT
2025020209,20252026,2,2025-11-04,2025-11-05T02:30:00Z,OFF,COL,TBL,3.0,2.0,REG
2025020210,20252026,2,2025-11-04,2025-11-05T03:00:00Z,OFF,VGK,DET,1.0,0.0,REG
2025020211,20252026,2,2025-11-04,2025-11-05T03:00:00Z,OFF,ANA,FLA,7.0,3.0,REG
2025020212,20252026,2,2025-11-04,2025-11-05T03:30:00Z,OFF,LAK,WPG,3.0,0.0,REG
2025020213,20252026,2,2025-11-05,2025-11-06T00:00:00Z,OFF,TOR,UTA,5.0,3.0,REG
2025020214,20252026,2,2025-11-05,2025-11-06T00:30:00Z,OFF,WSH,STL,6.0,1.0,REG
2025020215,20252026,2,2025-11-05,2025-11-06T02:30:00Z,OFF,CGY,CBJ,5.0,1.0,REG
2025020216,20252026,2,2025-11-05,2025-11-06T03:00:00Z,OFF,VAN,CHI,2.0,5.0,REG
2025020217,20252026,2,2025-11-05,2025-11-06T03:00:00Z,OFF,SEA,SJS,1.0,6.0,REG
2025020218,20252026,2,2025-11-06,2025-11-07T00:00:00Z,OFF,BOS,OTT,3.0,2.0,OT
2025020219,20252026,2,2025-11-06,2025-11-07T00:00:00Z,OFF,BUF,STL,0.0,3.0,REG
2025020220,20252026,2,2025-11-06,2025-11-07T00:00:00Z,OFF,NJD,MTL,4.0,3.0,OT
2025020222,20252026,2,2025-11-06,2025-11-07T00:00:00Z,OFF,CAR,MIN,4.0,3.0,REG
2025020221,20252026,2,2025-11-06,2025-11-07T00:30:00Z,OFF,PIT,WSH,5.0,3.0,REG
2025020223,20252026,2,2025-11-06,2025-11-07T01:00:00Z,OFF,NSH,PHI,1.0,3.0,REG
2025020224,20252026,2,2025-11-06,2025-11-07T01:00:00Z,OFF,DAL,ANA,5.0,7.0,REG
2025020225,20252026,2,2025-11-06,2025-11-07T03:00:00Z,OFF,VGK,TBL,3.0,6.0,REG
2025020226,20252026,2,2025-11-06,2025-11-07T03:00:00Z,OFF,LAK,FLA,2.0,5.0,REG
2025020227,20252026,2,2025-11-07,2025-11-08T00:00:00Z,OFF,DET,NYR,1.0,4.0,REG
2025020228,20252026,2,2025-11-07,2025-11-08T00:00:00Z,OFF,NYI,MIN,2.0,5.0,REG
2025020229,20252026,2,2025-11-07,2025-11-08T02:00:00Z,OFF,CGY,CHI,0.0,4.0,REG
2025020230,20252026,2,2025-11-07,2025-11-08T03:00:00Z,OFF,SJS,WPG,2.0,1.0,REG
2025020231,20252026,2,2025-11-08,2025-11-08T17:30:00Z,OFF,NJD,PIT,2.0,1.0,SO
2025020232,20252026,2,2025-11-08,2025-11-08T18:00:00Z,OFF,PHI,OTT,2.0,3.0,OT
2025020233,20252026,2,2025-11-08,2025-11-08T20:30:00Z,OFF,NSH,DAL,4.0,5.0,REG
2025020234,20252026,2,2025-11-08,2025-11-09T00:00:00Z,OFF,TOR,BOS,3.0,5.0,REG
2025020235,20252026,2,2025-11-08,2025-11-09T00:00:00Z,OFF,MTL,UTA,6.0,2.0,REG
2025020236,20252026,2,2025-11-08,2025-11-09T00:00:00Z,OFF,TBL,WSH,3.0,2.0,REG
2025020237,20252026,2,2025-11-08,2025-11-09T00:00:00Z,OFF,NYR,NYI,0.0,5.0,REG
2025020238,20252026,2,2025-11-08,2025-11-09T00:00:00Z,OFF,CAR,BUF,6.0,3.0,REG
2025020239,20252026,2,2025-11-08,2025-11-09T00:00:00Z,OFF,STL,SEA,3.0,4.0,OT
2025020240,20252026,2,2025-11-08,2025-11-09T03:00:00Z,OFF,EDM,COL,1.0,9.0,REG
2025020241,20252026,2,2025-11-08,2025-11-09T03:00:00Z,OFF,VAN,CBJ,4.0,3.0,REG
2025020242,20252026,2,2025-11-08,2025-11-09T03:00:00Z,OFF,VGK,ANA,3.0,4.0,OT
2025020243,20252026,2,2025-11-08,2025-11-09T03:00:00Z,OFF,SJS,FLA,3.0,1.0,REG
2025020244,20252026,2,2025-11-09,2025-11-09T18:00:00Z,OFF,DET,CHI,1.0,5.0,REG
2025020245,20252026,2,2025-11-09,2025-11-09T19:00:00Z,OFF,PIT,LAK,2.0,3.0,REG
2025020246,20252026,2,2025-11-09,2025-11-10T00:00:00Z,OFF,TOR,CAR,4.0,5.0,REG
2025020247,20252026,2,2025-11-09,2025-11-10T00:00:00Z,OFF,OTT,UTA,4.0,2.0,REG
2025020248,20252026,2,2025-11-09,2025-11-10T00:00:00Z,OFF,DAL,SEA,2.0,1.0,REG
2025020249,20252026,2,2025-11-09,2025-11-10T01:00:00Z,OFF,MIN,CGY,2.0,0.0,REG
2025020250,20252026,2,2025-11-09,2025-11-10T03:00:00Z,OFF,VAN,COL,4.0,5.0,OT
2025020251,20252026,2,2025-11-09,2025-11-10T03:00:00Z,OFF,ANA,WPG,4.0,1.0,REG
2025020252,20252026,2,2025-11-10,2025-11-11T00:00:00Z,OFF,NJD,NYI,2.0,3.0,OT
2025020253,20252026,2,2025-11-10,2025-11-11T00:00:00Z,OFF,NYR,NSH,6.0,3.0,REG
2025020254,20252026,2,2025-11-10,2025-11-11T01:30:00Z,OFF,EDM,CBJ,5.0,4.0,OT
2025020255,20252026,2,2025-11-10,2025-11-11T03:00:00Z,OFF,VGK,FLA,2.0,3.0,REG
2025020256,20252026,2,2025-11-11,2025-11-12T00:00:00Z,OFF,BOS,TOR,5.0,3.0,REG
2025020257,20252026,2,2025-11-11,2025-11-12T00:00:00Z,OFF,MTL,LAK,1.0,5.0,REG
2025020258,20252026,2,2025-11-11,2025-11-12T00:00:00Z,OFF,OTT,DAL,2.0,3.0,OT
2025020259,20252026,2,2025-11-11,2025-11-12T00:00:00Z,OFF,CAR,WSH,1.0,4.0,REG
2025020260,20252026,2,2025-11-11,2025-11-12T01:00:00Z,OFF,STL,CGY,3.0,2.0,REG
2025020261,20252026,2,2025-11-11,2025-11-12T01:00:00Z,OFF,MIN,SJS,1.0,2.0,OT
2025020262,20252026,2,2025-11-11,2025-11-12T02:30:00Z,OFF,COL,ANA,4.0,1.0,REG
2025020263,20252026,2,2025-11-11,2025-11-12T03:00:00Z,OFF,VAN,WPG,3.0,5.0,REG
2025020264,20252026,2,2025-11-11,2025-11-12T03:00:00Z,OFF,SEA,CBJ,1.0,2.0,SO
2025020265,20252026,2,2025-11-12,2025-11-13T00:00:00Z,OFF,TBL,NYR,3.0,7.0,REG
2025020266,20252026,2,2025-11-12,2025-11-13T00:30:00Z,OFF,PHI,EDM,1.0,2.0,OT
2025020267,20252026,2,2025-11-12,2025-11-13T02:00:00Z,OFF,UTA,BUF,5.0,2.0,REG
2025020268,20252026,2,2025-11-12,2025-11-13T02:30:00Z,OFF,CHI,NJD,3.0,4.0,OT
2025020269,20252026,2,2025-11-13,2025-11-14T00:00:00Z,OFF,TOR,LAK,3.0,4.0,OT
2025020270,20252026,2,2025-11-13,2025-11-14T00:00:00Z,OFF,MTL,DAL,0.0,7.0,REG
2025020271,20252026,2,2025-11-13,2025-11-14T00:00:00Z,OFF,OTT,BOS,5.0,3.0,REG
2025020272,20252026,2,2025-11-13,2025-11-14T00:00:00Z,OFF,DET,ANA,6.0,3.0,REG
2025020273,20252026,2,2025-11-13,2025-11-14T00:00:00Z,OFF,FLA,WSH,6.0,3.0,REG
2025020274,20252026,2,2025-11-13,2025-11-14T00:30:00Z,OFF,CBJ,EDM,5.0,4.0,REG
2025020275,20252026,2,2025-11-13,2025-11-14T02:00:00Z,OFF,COL,BUF,6.0,3.0,REG
2025020276,20252026,2,2025-11-13,2025-11-14T02:00:00Z,OFF,CGY,SJS,2.0,0.0,REG
2025020277,20252026,2,2025-11-13,2025-11-14T03:00:00Z,OFF,VGK,NYI,3.0,4.0,OT
2025020278,20252026,2,2025-11-13,2025-11-14T03:00:00Z,OFF,SEA,WPG,5.0,3.0,REG
2025020281,20252026,2,2025-11-14,2025-11-14T19:00:00Z,OFF,NSH,PIT,2.0,1.0,OT
2025020279,20252026,2,2025-11-14,2025-11-15T00:00:00Z,OFF,CAR,VAN,4.0,3.0,OT
2025020280,20252026,2,2025-11-14,2025-11-15T01:00:00Z,OFF,STL,PHI,5.0,6.0,SO
2025020282,20252026,2,2025-11-14,2025-11-15T02:00:00Z,OFF,UTA,NYI,2.0,3.0,OT
2025020283,20252026,2,2025-11-15,2025-11-15T22:00:00Z,OFF,FLA,TBL,1.0,3.0,REG
2025020284,20252026,2,2025-11-15,2025-11-15T23:00:00Z,OFF,MIN,ANA,2.0,0.0,REG
2025020285,20252026,2,2025-11-15,2025-11-16T00:00:00Z,OFF,MTL,BOS,2.0,3.0,REG
2025020286,20252026,2,2025-11-15,2025-11-16T00:00:00Z,OFF,OTT,LAK,0.0,1.0,REG
2025020287,20252026,2,2025-11-15,2025-11-16T00:00:00Z,OFF,DET,BUF,4.0,5.0,OT
2025020288,20252026,2,2025-11-15,2025-11-16T00:00:00Z,OFF,WSH,NJD,2.0,3.0,SO
2025020289,20252026,2,2025-11-15,2025-11-16T00:00:00Z,OFF,CAR,EDM,3.0,4.0,OT
2025020290,20252026,2,2025-11-15,2025-11-16T00:00:00Z,OFF,CBJ,NYR,1.0,2.0,SO
2025020291,20252026,2,2025-11-15,2025-11-16T00:00:00Z,OFF,CHI,TOR,3.0,2.0,REG
2025020292,20252026,2,2025-11-15,2025-11-16T01:00:00Z,OFF,STL,VGK,1.0,4.0,REG
2025020293,20252026,2,2025-11-15,2025-11-16T01:00:00Z,OFF,DAL,PHI,5.0,1.0,REG
2025020294,20252026,2,2025-11-15,2025-11-16T03:00:00Z,OFF,CGY,WPG,3.0,4.0,SO
2025020295,20252026,2,2025-11-15,2025-11-16T03:00:00Z,OFF,SEA,SJS,4.0,1.0,REG
2025020296,20252026,2,2025-11-16,2025-11-16T14:00:00Z,OFF,PIT,NSH,4.0,0.0,REG
2025020297,20252026,2,2025-11-16,2025-11-16T22:00:00Z,OFF,TBL,VAN,2.0,6.0,REG
2025020298,20252026,2,2025-11-16,2025-11-16T23:00:00Z,OFF,MIN,VGK,3.0,2.0,OT
2025020299,20252026,2,2025-11-16,2025-11-17T00:00:00Z,OFF,NYR,DET,1.0,2.0,REG
2025020300,20252026,2,2025-11-16,2025-11-17T02:00:00Z,OFF,COL,NYI,4.0,1.0,REG
2025020301,20252026,2,2025-11-17,2025-11-18T00:00:00Z,OFF,BOS,CAR,1.0,3.0,REG
2025020302,20252026,2,2025-11-17,2025-11-18T00:00:00Z,OFF,BUF,EDM,5.0,1.0,REG
2025020303,20252026,2,2025-11-17,2025-11-18T00:00:00Z,OFF,FLA,VAN,8.0,5.0,REG
2025020304,20252026,2,2025-11-17,2025-11-18T00:00:00Z,OFF,WSH,LAK,2.0,1.0,REG
2025020305,20252026,2,2025-11-17,2025-11-18T00:30:00Z,OFF,CBJ,MTL,4.0,3.0,SO
2025020306,20252026,2,2025-11-17,2025-11-18T03:00:00Z,OFF,ANA,UTA,3.0,2.0,OT
2025020307,20252026,2,2025-11-18,2025-11-19T00:00:00Z,OFF,TOR,STL,3.0,2.0,OT
2025020308,20252026,2,2025-11-18,2025-11-19T00:00:00Z,OFF,DET,SEA,4.0,2.0,REG
2025020309,20252026,2,2025-11-18,2025-11-19T00:00:00Z,OFF,TBL,NJD,5.0,1.0,REG
2025020310,20252026,2,2025-11-18,2025-11-19T01:00:00Z,OFF,DAL,NYI,2.0,3.0,REG
2025020311,20252026,2,2025-11-18,2025-11-19T01:00:00Z,OFF,WPG,CBJ,5.0,2.0,REG
2025020312,20252026,2,2025-11-18,2025-11-19T01:30:00Z,OFF,CHI,CGY,5.0,2.0,REG
2025020313,20252026,2,2025-11-18,2025-11-19T03:00:00Z,OFF,VGK,NYR,3.0,2.0,REG
2025020314,20252026,2,2025-11-18,2025-11-19T03:00:00Z,OFF,SJS,UTA,3.0,2.0,OT
2025020315,20252026,2,2025-11-19,2025-11-20T00:00:00Z,OFF,WSH,EDM,7.0,4.0,REG
2025020316,20252026,2,2025-11-19,2025-11-20T00:30:00Z,OFF,BUF,CGY,2.0,6.0,REG
2025020317,20252026,2,2025-11-19,2025-11-20T02:30:00Z,OFF,MIN,CAR,4.0,3.0,SO
2025020318,20252026,2,2025-11-19,2025-11-20T03:00:00Z,OFF,ANA,BOS,4.0,3.0,REG
2025020319,20252026,2,2025-11-20,2025-11-21T00:00:00Z,OFF,TOR,CBJ,2.0,3.0,OT
2025020320,20252026,2,2025-11-20,2025-11-21T00:00:00Z,OFF,MTL,WSH,4.0,8.0,REG
2025020321,20252026,2,2025-11-20,2025-11-21T00:00:00Z,OFF,DET,NYI,0.0,5.0,REG
2025020323,20252026,2,2025-11-20,2025-11-21T00:00:00Z,OFF,FLA,NJD,1.0,0.0,REG
2025020324,20252026,2,2025-11-20,2025-11-21T00:00:00Z,OFF,PHI,STL,3.0,2.0,OT
2025020322,20252026,2,2025-11-20,2025-11-21T00:30:00Z,OFF,TBL,EDM,2.0,1.0,OT
2025020325,20252026,2,2025-11-20,2025-11-21T01:00:00Z,OFF,CHI,SEA,2.0,3.0,REG
2025020326,20252026,2,2025-11-20,2025-11-21T02:00:00Z,OFF,COL,NYR,6.0,3.0,REG
2025020327,20252026,2,2025-11-20,2025-11-21T02:00:00Z,OFF,UTA,VGK,1.0,4.0,REG
2025020328,20252026,2,2025-11-20,2025-11-21T03:00:00Z,OFF,VAN,DAL,2.0,4.0,REG
2025020329,20252026,2,2025-11-20,2025-11-21T03:00:00Z,OFF,ANA,OTT,2.0,3.0,REG
2025020330,20252026,2,2025-11-20,2025-11-21T03:00:00Z,OFF,SJS,LAK,4.0,3.0,SO
2025020331,20252026,2,2025-11-21,2025-11-22T00:00:00Z,OFF,BUF,CHI,9.0,3.0,REG
2025020332,20252026,2,2025-11-21,2025-11-22T00:00:00Z,OFF,PIT,MIN,0.0,5.0,REG
2025020333,20252026,2,2025-11-21,2025-11-22T01:00:00Z,OFF,WPG,CAR,3.0,4.0,REG
2025020334,20252026,2,2025-11-21,2025-11-22T03:30:00Z,OFF,LAK,BOS,1.0,2.0,OT
2025020335,20252026,2,2025-11-22,2025-11-22T18:00:00Z,OFF,DET,CBJ,4.0,3.0,OT
2025020336,20252026,2,2025-11-22,2025-11-22T20:30:00Z,OFF,NYI,STL,1.0,2.0,REG
2025020337,20252026,2,2025-11-22,2025-11-23T00:00:00Z,OFF,MTL,TOR,5.0,2.0,REG
2025020338,20252026,2,2025-11-22,2025-11-23T00:00:00Z,OFF,FLA,EDM,3.0,6.0,REG
2025020339,20252026,2,2025-11-22,2025-11-23T00:00:00Z,OFF,PHI,NJD,6.0,3.0,REG
2025020340,20252026,2,2025-11-22,2025-11-23T00:00:00Z,OFF,PIT,SEA,2.0,3.0,OT
2025020341,20252026,2,2025-11-22,2025-11-23T00:00:00Z,OFF,WSH,TBL,3.0,5.0,REG
2025020342,20252026,2,2025-11-22,2025-11-23T00:00:00Z,OFF,SJS,OTT,2.0,3.0,REG
2025020343,20252026,2,2025-11-22,2025-11-23T01:00:00Z,OFF,NSH,COL,0.0,3.0,REG
2025020344,20252026,2,2025-11-22,2025-11-23T02:00:00Z,OFF,UTA,NYR,3.0,2.0,REG
2025020345,20252026,2,2025-11-22,2025-11-23T03:00:00Z,OFF,CGY,DAL,3.0,2.0,SO
2025020346,20252026,2,2025-11-22,2025-11-23T03:00:00Z,OFF,ANA,VGK,4.0,3.0,OT
2025020347,20252026,2,2025-11-23,2025-11-23T18:00:00Z,OFF,BUF,CAR,4.0,1.0,REG
2025020348,20252026,2,2025-11-23,2025-11-23T21:00:00Z,OFF,WPG,MIN,0.0,3.0,REG
2025020349,20252026,2,2025-11-23,2025-11-23T22:00:00Z,OFF,NYI,SEA,1.0,0.0,SO
2025020350,20252026,2,2025-11-23,2025-11-24T00:00:00Z,OFF,CHI,COL,0.0,1.0,REG
2025020351,20252026,2,2025-11-23,2025-11-24T01:00:00Z,OFF,SJS,BOS,3.0,1.0,REG
2025020352,20252026,2,2025-11-23,2025-11-24T02:00:00Z,OFF,VAN,CGY,2.0,5.0,REG
2025020353,20252026,2,2025-11-24,2025-11-25T00:00:00Z,OFF,TBL,PHI,3.0,0.0,REG
2025020354,20252026,2,2025-11-24,2025-11-25T00:00:00Z,OFF,NJD,DET,4.0,3.0,REG
2025020355,20252026,2,2025-11-24,2025-11-25T00:00:00Z,OFF,NYR,STL,3.0,2.0,REG
2025020356,20252026,2,2025-11-24,2025-11-25T00:00:00Z,OFF,WSH,CBJ,5.0,1.0,REG
2025020357,20252026,2,2025-11-24,2025-11-25T01:00:00Z,OFF,NSH,FLA,3.0,8.0,REG
2025020358,20252026,2,2025-11-24,2025-11-25T02:00:00Z,OFF,UTA,VGK,5.0,1.0,REG
2025020359,20252026,2,2025-11-24,2025-11-25T02:00:00Z,OFF,LAK,OTT,2.0,1.0,REG
2025020360,20252026,2,2025-11-25,2025-11-26T02:00:00Z,OFF,EDM,DAL,3.0,8.0,REG
2025020361,20252026,2,2025-11-26,2025-11-27T00:00:00Z,OFF,DET,NSH,3.0,6.0,REG
2025020362,20252026,2,2025-11-26,2025-11-27T00:00:00Z,OFF,TBL,CGY,5.0,1.0,REG
2025020363,20252026,2,2025-11-26,2025-11-27T00:00:00Z,OFF,FLA,PHI,2.0,4.0,REG
2025020364,20252026,2,2025-11-26,2025-11-27T00:00:00Z,OFF,NJD,STL,3.0,2.0,OT
2025020365,20252026,2,2025-11-26,2025-11-27T00:00:00Z,OFF,NYI,BOS,1.0,3.0,REG
2025020366,20252026,2,2025-11-26,2025-11-27T00:00:00Z,OFF,PIT,BUF,4.0,2.0,REG
2025020367,20252026,2,2025-11-26,2025-11-27T00:00:00Z,OFF,WSH,WPG,4.0,3.0,REG
2025020368,20252026,2,2025-11-26,2025-11-27T00:00:00Z,OFF,CAR,NYR,2.0,4.0,REG
2025020369,20252026,2,2025-11-26,2025-11-27T00:00:00Z,OFF,CBJ,TOR,1.0,2.0,OT
2025020370,20252026,2,2025-11-26,2025-11-27T01:30:00Z,OFF,CHI,MIN,3.0,4.0,OT
2025020371,20252026,2,2025-11-26,2025-11-27T02:00:00Z,OFF,COL,SJS,6.0,0.0,REG
2025020372,20252026,2,2025-11-26,2025-11-27T02:30:00Z,OFF,UTA,MTL,3.0,4.0,REG
2025020373,20252026,2,2025-11-26,2025-11-27T03:00:00Z,OFF,VGK,OTT,3.0,4.0,SO
2025020374,20252026,2,2025-11-26,2025-11-27T03:00:00Z,OFF,ANA,VAN,4.0,5.0,REG
2025020375,20252026,2,2025-11-26,2025-11-27T03:00:00Z,OFF,SEA,DAL,2.0,3.0,REG
2025020377,20252026,2,2025-11-28,2025-11-28T17:00:00Z,OFF,DET,TBL,3.0,6.0,REG
2025020376,20252026,2,2025-11-28,2025-11-28T18:00:00Z,OFF,BOS,NYR,2.0,6.0,REG
2025020378,20252026,2,2025-11-28,2025-11-28T20:30:00Z,OFF,MIN,COL,3.0,2.0,SO
2025020379,20252026,2,2025-11-28,2025-11-28T21:00:00Z,OFF,BUF,NJD,0.0,5.0,REG
2025020380,20252026,2,2025-11-28,2025-11-28T21:00:00Z,OFF,FLA,CGY,3.0,5.0,REG
2025020381,20252026,2,2025-11-28,2025-11-28T21:00:00Z,OFF,NYI,PHI,3.0,4.0,SO
2025020382,20252026,2,2025-11-28,2025-11-28T21:00:00Z,OFF,STL,OTT,4.0,3.0,REG
2025020383,20252026,2,2025-11-28,2025-11-28T21:00:00Z,OFF,VGK,MTL,1.0,4.0,REG
2025020384,20252026,2,2025-11-28,2025-11-28T21:00:00Z,OFF,ANA,LAK,5.0,4.0,SO
2025020385,20252026,2,2025-11-28,2025-11-28T21:00:00Z,OFF,SJS,VAN,3.0,2.0,REG
2025020386,20252026,2,2025-11-28,2025-11-28T22:00:00Z,OFF,WSH,TOR,4.0,2.0,REG
2025020387,20252026,2,2025-11-28,2025-11-28T22:00:00Z,OFF,CAR,WPG,5.0,1.0,REG
2025020388,20252026,2,2025-11-28,2025-11-29T00:00:00Z,OFF,CBJ,PIT,3.0,4.0,OT
2025020389,20252026,2,2025-11-28,2025-11-29T01:00:00Z,OFF,CHI,NSH,3.0,4.0,REG
2025020390,20252026,2,2025-11-28,2025-11-29T01:00:00Z,OFF,DAL,UTA,4.0,3.0,REG
2025020391,20252026,2,2025-11-29,2025-11-29T19:00:00Z,OFF,NYR,TBL,1.0,4.0,REG
2025020392,20252026,2,2025-11-29,2025-11-29T20:00:00Z,OFF,COL,MTL,7.0,2.0,REG
2025020393,20252026,2,2025-11-29,2025-11-29T21:00:00Z,OFF,SEA,EDM,0.0,4.0,REG
2025020394,20252026,2,2025-11-29,2025-11-30T00:00:00Z,OFF,BOS,DET,3.0,2.0,SO
2025020395,20252026,2,2025-11-29,2025-11-30T00:00:00Z,OFF,NJD,PHI,3.0,5.0,REG
2025020396,20252026,2,2025-11-29,2025-11-30T00:00:00Z,OFF,PIT,TOR,2.0,7.0,REG
2025020397,20252026,2,2025-11-29,2025-11-30T00:00:00Z,OFF,NSH,WPG,2.0,5.0,REG
2025020398,20252026,2,2025-11-29,2025-11-30T01:00:00Z,OFF,STL,UTA,1.0,0.0,REG
2025020399,20252026,2,2025-11-29,2025-11-30T01:00:00Z,OFF,MIN,BUF,2.0,3.0,SO
2025020400,20252026,2,2025-11-29,2025-11-30T03:00:00Z,OFF,VGK,SJS,4.0,3.0,REG
2025020401,20252026,2,2025-11-29,2025-11-30T03:00:00Z,OFF,LAK,VAN,2.0,1.0,OT
2025020402,20252026,2,2025-11-30,2025-11-30T18:00:00Z,OFF,NYI,WSH,1.0,4.0,REG
2025020403,20252026,2,2025-11-30,2025-11-30T20:30:00Z,OFF,CHI,ANA,5.0,3.0,REG
2025020404,20252026,2,2025-11-30,2025-11-30T22:00:00Z,OFF,CAR,CGY,1.0,0.0,OT
2025020405,20252026,2,2025-11-30,2025-11-30T23:00:00Z,OFF,DAL,OTT,6.0,1.0,REG
2025020406,20252026,2,2025-12-01,2025-12-02T00:00:00Z,OFF,NJD,CBJ,3.0,5.0,REG
2025020407,20252026,2,2025-12-01,2025-12-02T00:00:00Z,OFF,PHI,PIT,1.0,5.0,REG
2025020408,20252026,2,2025-12-01,2025-12-02T00:30:00Z,OFF,BUF,WPG,5.0,1.0,REG
2025020409,20252026,2,2025-12-01,2025-12-02T01:00:00Z,OFF,STL,ANA,1.0,4.0,REG
2025020410,20252026,2,2025-12-01,2025-12-02T03:00:00Z,OFF,SJS,UTA,6.0,3.0,REG
2025020411,20252026,2,2025-12-02,2025-12-03T00:00:00Z,OFF,MTL,OTT,2.0,5.0,REG
2025020412,20252026,2,2025-12-02,2025-12-03T00:00:00Z,OFF,DET,BOS,5.0,4.0,REG
2025020414,20252026,2,2025-12-02,2025-12-03T00:00:00Z,OFF,NYI,TBL,2.0,1.0,REG
2025020415,20252026,2,2025-12-02,2025-12-03T00:00:00Z,OFF,NYR,DAL,3.0,2.0,OT
2025020413,20252026,2,2025-12-02,2025-12-03T00:30:00Z,OFF,FLA,TOR,1.0,4.0,REG
2025020416,20252026,2,2025-12-02,2025-12-03T01:00:00Z,OFF,NSH,CGY,5.0,1.0,REG
2025020417,20252026,2,2025-12-02,2025-12-03T02:00:00Z,OFF,COL,VAN,3.0,1.0,REG
2025020418,20252026,2,2025-12-02,2025-12-03T02:00:00Z,OFF,EDM,MIN,0.0,1.0,REG
2025020419,20252026,2,2025-12-02,2025-12-03T03:00:00Z,OFF,VGK,CHI,4.0,3.0,SO
2025020420,20252026,2,2025-12-02,2025-12-03T03:30:00Z,OFF,LAK,WSH,1.0,3.0,REG
2025020421,20252026,2,2025-12-03,2025-12-04T00:00:00Z,OFF,NJD,DAL,0.0,3.0,REG
2025020422,20252026,2,2025-12-03,2025-12-04T00:30:00Z,OFF,MTL,WPG,3.0,2.0,SO
2025020423,20252026,2,2025-12-03,2025-12-04T00:30:00Z,OFF,PHI,BUF,5.0,2.0,REG
2025020424,20252026,2,2025-12-03,2025-12-04T03:00:00Z,OFF,ANA,UTA,0.0,7.0,REG
2025020425,20252026,2,2025-12-03,2025-12-04T03:00:00Z,OFF,SJS,WSH,1.0,7.0,REG
2025020426,20252026,2,2025-12-04,2025-12-05T00:00:00Z,OFF,BOS,STL,5.0,2.0,REG
2025020427,20252026,2,2025-12-04,2025-12-05T00:00:00Z,OFF,OTT,NYR,2.0,4.0,REG
2025020428,20252026,2,2025-12-04,2025-12-05T00:00:00Z,OFF,TBL,PIT,3.0,4.0,REG
2025020429,20252026,2,2025-12-04,2025-12-05T00:00:00Z,OFF,FLA,NSH,1.0,2.0,OT
2025020430,20252026,2,2025-12-04,2025-12-05T00:00:00Z,OFF,NYI,COL,6.0,3.0,REG
2025020431,20252026,2,2025-12-04,2025-12-05T00:00:00Z,OFF,CAR,TOR,1.0,5.0,REG
2025020432,20252026,2,2025-12-04,2025-12-05T00:30:00Z,OFF,CBJ,DET,6.0,5.0,SO
2025020433,20252026,2,2025-12-04,2025-12-05T02:00:00Z,OFF,CGY,MIN,4.0,1.0,REG
2025020434,20252026,2,2025-12-04,2025-12-05T02:00:00Z,OFF,EDM,SEA,9.0,4.0,REG
2025020435,20252026,2,2025-12-04,2025-12-05T03:00:00Z,OFF,LAK,CHI,1.0,2.0,REG
2025020436,20252026,2,2025-12-05,2025-12-06T00:00:00Z,OFF,NJD,VGK,0.0,3.0,REG
2025020437,20252026,2,2025-12-05,2025-12-06T00:00:00Z,OFF,WPG,BUF,4.0,1.0,REG
2025020438,20252026,2,2025-12-05,2025-12-06T01:00:00Z,OFF,DAL,SJS,4.0,1.0,REG
2025020439,20252026,2,2025-12-05,2025-12-06T02:00:00Z,OFF,VAN,UTA,1.0,4.0,REG
2025020440,20252026,2,2025-12-05,2025-12-06T03:00:00Z,OFF,ANA,WSH,4.0,3.0,SO
2025020441,20252026,2,2025-12-06,2025-12-06T17:30:00Z,OFF,NYR,COL,2.0,3.0,OT
2025020442,20252026,2,2025-12-06,2025-12-06T20:30:00Z,OFF,FLA,CBJ,7.0,6.0,OT
2025020443,20252026,2,2025-12-06,2025-12-07T00:00:00Z,OFF,BOS,NJD,4.0,1.0,REG
2025020444,20252026,2,2025-12-06,2025-12-07T00:00:00Z,OFF,TOR,MTL,1.0,2.0,SO
2025020445,20252026,2,2025-12-06,2025-12-07T00:00:00Z,OFF,OTT,STL,1.0,2.0,REG
2025020446,20252026,2,2025-12-06,2025-12-07T00:00:00Z,OFF,TBL,NYI,0.0,2.0,REG
2025020447,20252026,2,2025-12-06,2025-12-07T00:00:00Z,OFF,CAR,NSH,6.0,3.0,REG
2025020448,20252026,2,2025-12-06,2025-12-07T00:00:00Z,OFF,CGY,UTA,2.0,0.0,REG
2025020449,20252026,2,2025-12-06,2025-12-07T02:00:00Z,OFF,LAK,CHI,6.0,0.0,REG
2025020450,20252026,2,2025-12-06,2025-12-07T03:00:00Z,OFF,EDM,WPG,6.0,2.0,REG
2025020451,20252026,2,2025-12-06,2025-12-07T03:00:00Z,OFF,VAN,MIN,4.0,2.0,REG
2025020452,20252026,2,2025-12-06,2025-12-07T03:00:00Z,OFF,SEA,DET,3.0,4.0,REG
2025020453,20252026,2,2025-12-07,2025-12-07T18:00:00Z,OFF,PHI,COL,2.0,3.0,REG
2025020454,20252026,2,2025-12-07,2025-12-07T22:00:00Z,OFF,FLA,NYI,4.0,1.0,REG
2025020455,20252026,2,2025-12-07,2025-12-07T22:00:00Z,OFF,CAR,SJS,1.0,4.0,REG
2025020456,20252026,2,2025-12-07,2025-12-07T23:00:00Z,OFF,DAL,PIT,3.0,2.0,SO
2025020457,20252026,2,2025-12-07,2025-12-08T00:00:00Z,OFF,MTL,STL,3.0,4.0,REG
2025020458,20252026,2,2025-12-07,2025-12-08T00:00:00Z,OFF,NYR,VGK,2.0,3.0,OT
2025020459,20252026,2,2025-12-07,2025-12-08T00:00:00Z,OFF,WSH,CBJ,2.0,0.0,REG
2025020460,20252026,2,2025-12-07,2025-12-08T01:00:00Z,OFF,ANA,CHI,7.0,1.0,REG
2025020461,20252026,2,2025-12-08,2025-12-09T00:30:00Z,OFF,TOR,TBL,2.0,0.0,REG
2025020462,20252026,2,2025-12-08,2025-12-09T02:00:00Z,OFF,UTA,LAK,2.0,4.0,REG
2025020463,20252026,2,2025-12-08,2025-12-09T02:00:00Z,OFF,CGY,BUF,7.0,4.0,REG
2025020464,20252026,2,2025-12-08,2025-12-09T03:00:00Z,OFF,VAN,DET,0.0,4.0,REG
2025020465,20252026,2,2025-12-08,2025-12-09T03:00:00Z,OFF,SEA,MIN,1.0,4.0,REG
2025020466,20252026,2,2025-12-09,2025-12-10T00:00:00Z,OFF,MTL,TBL,1.0,6.0,REG
2025020467,20252026,2,2025-12-09,2025-12-10T00:00:00Z,OFF,OTT,NJD,3.0,4.0,REG
2025020468,20252026,2,2025-12-09,2025-12-10T00:00:00Z,OFF,NYI,VGK,5.0,4.0,SO
2025020469,20252026,2,2025-12-09,2025-12-10T00:00:00Z,OFF,PHI,SJS,4.0,1.0,REG
2025020470,20252026,2,2025-12-09,2025-12-10T00:00:00Z,OFF,PIT,ANA,3.0,4.0,SO
2025020471,20252026,2,2025-12-09,2025-12-10T00:30:00Z,OFF,CAR,CBJ,4.0,1.0,REG
2025020472,20252026,2,2025-12-09,2025-12-10T01:00:00Z,OFF,STL,BOS,2.0,5.0,REG
2025020473,20252026,2,2025-12-09,2025-12-10T01:00:00Z,OFF,WPG,DAL,3.0,4.0,REG
2025020474,20252026,2,2025-12-09,2025-12-10T02:00:00Z,OFF,EDM,BUF,3.0,4.0,OT
2025020475,20252026,2,2025-12-09,2025-12-10T02:30:00Z,OFF,NSH,COL,4.0,3.0,SO
2025020476,20252026,2,2025-12-10,2025-12-11T00:30:00Z,OFF,CHI,NYR,3.0,0.0,REG
2025020477,20252026,2,2025-12-10,2025-12-11T01:30:00Z,OFF,CGY,DET,3.0,4.0,REG
2025020478,20252026,2,2025-12-10,2025-12-11T02:00:00Z,OFF,UTA,FLA,3.0,4.0,REG
2025020479,20252026,2,2025-12-10,2025-12-11T03:00:00Z,OFF,SEA,LAK,3.0,2.0,OT
2025020480,20252026,2,2025-12-11,2025-12-12T00:00:00Z,OFF,TOR,SJS,2.0,3.0,OT
2025020481,20252026,2,2025-12-11,2025-12-12T00:00:00Z,OFF,NJD,TBL,4.0,8.0,REG
2025020482,20252026,2,2025-12-11,2025-12-12T00:00:00Z,OFF,NYI,ANA,5.0,2.0,REG
2025020483,20252026,2,2025-12-11,2025-12-12T00:00:00Z,OFF,PHI,VGK,2.0,3.0,OT
2025020484,20252026,2,2025-12-11,2025-12-12T00:00:00Z,OFF,PIT,MTL,2.0,4.0,REG
2025020485,20252026,2,2025-12-11,2025-12-12T00:00:00Z,OFF,WSH,CAR,2.0,3.0,SO
2025020486,20252026,2,2025-12-11,2025-12-12T00:00:00Z,OFF,CBJ,OTT,3.0,6.0,REG
2025020487,20252026,2,2025-12-11,2025-12-12T01:00:00Z,OFF,NSH,STL,7.0,2.0,REG
2025020488,20252026,2,2025-12-11,2025-12-12T01:00:00Z,OFF,MIN,DAL,5.0,2.0,REG
2025020489,20252026,2,2025-12-11,2025-12-12T01:00:00Z,OFF,WPG,BOS,3.0,6.0,REG
2025020491,20252026,2,2025-12-11,2025-12-12T02:00:00Z,OFF,EDM,DET,4.0,1.0,REG
2025020490,20252026,2,2025-12-11,2025-12-12T02:30:00Z,OFF,COL,FLA,6.0,2.0,REG
2025020492,20252026,2,2025-12-11,2025-12-12T03:00:00Z,OFF,VAN,BUF,2.0,3.0,REG
2025020493,20252026,2,2025-12-12,2025-12-13T01:00:00Z,OFF,STL,CHI,3.0,2.0,REG
2025020494,20252026,2,2025-12-12,2025-12-13T02:00:00Z,OFF,UTA,SEA,5.0,3.0,REG
2025020495,20252026,2,2025-12-13,2025-12-13T17:30:00Z,OFF,NJD,ANA,4.0,1.0,REG
2025020496,20252026,2,2025-12-13,2025-12-13T19:00:00Z,OFF,MIN,OTT,3.0,2.0,REG
2025020497,20252026,2,2025-12-13,2025-12-13T20:00:00Z,OFF,PIT,SJS,5.0,6.0,OT
2025020498,20252026,2,2025-12-13,2025-12-13T20:30:00Z,OFF,NYI,TBL,3.0,2.0,SO
2025020499,20252026,2,2025-12-13,2025-12-14T00:00:00Z,OFF,TOR,EDM,3.0,6.0,REG
2025020500,20252026,2,2025-12-13,2025-12-14T00:00:00Z,OFF,NYR,MTL,5.0,4.0,OT
2025020501,20252026,2,2025-12-13,2025-12-14T00:00:00Z,OFF,PHI,CAR,3.0,4.0,SO
2025020502,20252026,2,2025-12-13,2025-12-14T00:00:00Z,OFF,CBJ,VGK,2.0,3.0,REG
2025020503,20252026,2,2025-12-13,2025-12-14T00:00:00Z,OFF,WPG,WSH,5.0,1.0,REG
2025020504,20252026,2,2025-12-13,2025-12-14T01:00:00Z,OFF,CHI,DET,0.0,4.0,REG
2025020505,20252026,2,2025-12-13,2025-12-14T01:00:00Z,OFF,DAL,FLA,0.0,4.0,REG
2025020506,20252026,2,2025-12-13,2025-12-14T02:00:00Z,OFF,COL,NSH,4.0,2.0,REG
2025020507,20252026,2,2025-12-13,2025-12-14T03:00:00Z,OFF,LAK,CGY,1.0,2.0,OT
2025020508,20252026,2,2025-12-14,2025-12-14T17:30:00Z,OFF,NJD,VAN,1.0,2.0,REG
2025020509,20252026,2,2025-12-14,2025-12-14T20:00:00Z,OFF,PIT,UTA,4.0,5.0,OT
2025020510,20252026,2,2025-12-14,2025-12-14T22:00:00Z,OFF,CAR,PHI,3.0,2.0,SO
2025020511,20252026,2,2025-12-14,2025-12-14T23:00:00Z,OFF,MIN,BOS,6.0,2.0,REG
2025020512,20252026,2,2025-12-14,2025-12-15T00:00:00Z,OFF,MTL,EDM,4.0,1.0,REG
2025020513,20252026,2,2025-12-14,2025-12-15T01:00:00Z,OFF,SEA,BUF,1.0,3.0,REG
2025020514,20252026,2,2025-12-15,2025-12-16T00:00:00Z,OFF,TBL,FLA,2.0,5.0,REG
2025020515,20252026,2,2025-12-15,2025-12-16T00:00:00Z,OFF,NYR,ANA,1.0,4.0,REG
2025020516,20252026,2,2025-12-15,2025-12-16T00:30:00Z,OFF,WPG,OTT,2.0,3.0,OT
2025020517,20252026,2,2025-12-15,2025-12-16T01:00:00Z,OFF,STL,NSH,2.0,5.0,REG
2025020518,20252026,2,2025-12-15,2025-12-16T01:00:00Z,OFF,DAL,LAK,4.0,1.0,REG
2025020519,20252026,2,2025-12-16,2025-12-17T00:00:00Z,OFF,BOS,UTA,4.0,1.0,REG
2025020520,20252026,2,2025-12-16,2025-12-17T00:00:00Z,OFF,TOR,CHI,3.0,2.0,REG
2025020521,20252026,2,2025-12-16,2025-12-17T00:00:00Z,OFF,MTL,PHI,1.0,4.0,REG
2025020522,20252026,2,2025-12-16,2025-12-17T00:00:00Z,OFF,DET,NYI,3.0,2.0,REG
2025020523,20252026,2,2025-12-16,2025-12-17T00:00:00Z,OFF,NYR,VAN,0.0,3.0,REG
2025020525,20252026,2,2025-12-16,2025-12-17T00:00:00Z,OFF,CBJ,ANA,4.0,3.0,OT
2025020524,20252026,2,2025-12-16,2025-12-17T00:30:00Z,OFF,PIT,EDM,4.0,6.0,REG
2025020526,20252026,2,2025-12-16,2025-12-17T01:00:00Z,OFF,MIN,WSH,5.0,0.0,REG
2025020527,20252026,2,2025-12-16,2025-12-17T03:00:00Z,OFF,SJS,CGY,6.0,3.0,REG
2025020528,20252026,2,2025-12-16,2025-12-17T03:00:00Z,OFF,SEA,COL,3.0,5.0,REG
2025020529,20252026,2,2025-12-17,2025-12-18T00:00:00Z,OFF,FLA,LAK,3.0,2.0,REG
2025020530,20252026,2,2025-12-17,2025-12-18T00:30:00Z,OFF,DET,UTA,1.0,4.0,REG
2025020531,20252026,2,2025-12-17,2025-12-18T01:00:00Z,OFF,STL,WPG,1.0,0.0,REG
2025020532,20252026,2,2025-12-17,2025-12-18T01:00:00Z,OFF,NSH,CAR,1.0,4.0,REG
2025020533,20252026,2,2025-12-17,2025-12-18T03:00:00Z,OFF,VGK,NJD,1.0,2.0,SO
2025020534,20252026,2,2025-12-18,2025-12-19T00:00:00Z,OFF,BOS,EDM,1.0,3.0,REG
2025020536,20252026,2,2025-12-18,2025-12-19T00:00:00Z,OFF,MTL,CHI,4.0,1.0,REG
2025020537,20252026,2,2025-12-18,2025-12-19T00:00:00Z,OFF,OTT,PIT,4.0,0.0,REG
2025020538,20252026,2,2025-12-18,2025-12-19T00:00:00Z,OFF,TBL,LAK,1.0,2.0,REG
2025020539,20252026,2,2025-12-18,2025-12-19T00:00:00Z,OFF,WSH,TOR,4.0,0.0,REG
2025020540,20252026,2,2025-12-18,2025-12-19T00:00:00Z,OFF,CBJ,MIN,2.0,5.0,REG
2025020535,20252026,2,2025-12-18,2025-12-19T00:30:00Z,OFF,BUF,PHI,5.0,3.0,REG
2025020541,20252026,2,2025-12-18,2025-12-19T01:00:00Z,OFF,STL,NYR,1.0,2.0,OT
2025020542,20252026,2,2025-12-18,2025-12-19T02:00:00Z,OFF,CGY,SEA,4.0,2.0,REG
2025020543,20252026,2,2025-12-18,2025-12-19T03:00:00Z,OFF,SJS,DAL,3.0,5.0,REG
2025020544,20252026,2,2025-12-19,2025-12-20T00:00:00Z,OFF,FLA,CAR,4.0,3.0,SO
2025020545,20252026,2,2025-12-19,2025-12-20T00:00:00Z,OFF,NYI,VAN,1.0,4.0,REG
2025020546,20252026,2,2025-12-19,2025-12-20T02:00:00Z,OFF,COL,WPG,3.0,2.0,REG
2025020547,20252026,2,2025-12-19,2025-12-20T02:00:00Z,OFF,UTA,NJD,1.0,2.0,REG
2025020548,20252026,2,2025-12-19,2025-12-20T03:00:00Z,OFF,ANA,DAL,3.0,8.0,REG
2025020549,20252026,2,2025-12-20,2025-12-20T17:30:00Z,OFF,NYR,PHI,5.0,4.0,SO
2025020550,20252026,2,2025-12-20,2025-12-20T17:30:00Z,OFF,WSH,DET,2.0,5.0,REG
2025020551,20252026,2,2025-12-20,2025-12-20T20:00:00Z,OFF,OTT,CHI,6.0,4.0,REG
2025020552,20252026,2,2025-12-20,2025-12-20T20:00:00Z,OFF,MIN,EDM,5.0,2.0,REG
2025020553,20252026,2,2025-12-20,2025-12-20T22:00:00Z,OFF,BUF,NYI,3.0,2.0,SO
2025020554,20252026,2,2025-12-20,2025-12-20T23:00:00Z,OFF,FLA,STL,2.0,6.0,REG
2025020555,20252026,2,2025-12-20,2025-12-21T00:00:00Z,OFF,BOS,VAN,4.0,5.0,SO
2025020556,20252026,2,2025-12-20,2025-12-21T00:00:00Z,OFF,MTL,PIT,4.0,0.0,REG
2025020557,20252026,2,2025-12-20,2025-12-21T00:00:00Z,OFF,TBL,CAR,6.0,4.0,REG
2025020558,20252026,2,2025-12-20,2025-12-21T00:00:00Z,OFF,NSH,TOR,5.0,3.0,REG
2025020559,20252026,2,2025-12-20,2025-12-21T03:00:00Z,OFF,CGY,VGK,6.0,3.0,REG
2025020560,20252026,2,2025-12-20,2025-12-21T03:00:00Z,OFF,ANA,CBJ,4.0,3.0,REG
2025020561,20252026,2,2025-12-20,2025-12-21T03:00:00Z,OFF,SJS,SEA,2.0,4.0,REG
2025020562,20252026,2,2025-12-21,2025-12-21T18:00:00Z,OFF,DET,WSH,3.0,2.0,OT
2025020563,20252026,2,2025-12-21,2025-12-21T23:00:00Z,OFF,MIN,COL,1.0,5.0,REG
2025020564,20252026,2,2025-12-21,2025-12-22T00:00:00Z,OFF,BOS,OTT,2.0,6.0,REG
2025020565,20252026,2,2025-12-21,2025-12-22T00:00:00Z,OFF,NJD,BUF,1.0,3.0,REG
2025020566,20252026,2,2025-12-21,2025-12-22T00:00:00Z,OFF,PIT,MTL,4.0,3.0,SO
2025020567,20252026,2,2025-12-21,2025-12-22T00:00:00Z,OFF,NSH,NYR,2.0,1.0,REG
2025020568,20252026,2,2025-12-21,2025-12-22T00:00:00Z,OFF,DAL,TOR,5.0,1.0,REG
2025020569,20252026,2,2025-12-21,2025-12-22T00:00:00Z,OFF,UTA,WPG,4.0,3.0,OT
2025020570,20252026,2,2025-12-21,2025-12-22T01:00:00Z,OFF,EDM,VGK,4.0,3.0,REG
2025020571,20252026,2,2025-12-22,2025-12-23T00:00:00Z,OFF,TBL,STL,4.0,1.0,REG
2025020572,20252026,2,2025-12-22,2025-12-23T00:30:00Z,OFF,PHI,VAN,5.0,2.0,REG
2025020573,20252026,2,2025-12-22,2025-12-23T03:00:00Z,OFF,ANA,SEA,1.0,3.0,REG
2025020574,20252026,2,2025-12-22,2025-12-23T03:00:00Z,OFF,LAK,CBJ,1.0,3.0,REG
2025020575,20252026,2,2025-12-23,2025-12-23T21:00:00Z,OFF,TOR,PIT,6.0,3.0,REG
2025020579,20252026,2,2025-12-23,2025-12-23T23:30:00Z,OFF,DET,DAL,4.0,3.0,OT
2025020576,20252026,2,2025-12-23,2025-12-24T00:00:00Z,OFF,WSH,NYR,3.0,7.0,REG
2025020577,20252026,2,2025-12-23,2025-12-24T00:00:00Z,OFF,BOS,MTL,2.0,6.0,REG
2025020578,20252026,2,2025-12-23,2025-12-24T00:00:00Z,OFF,OTT,BUF,2.0,3.0,OT
2025020580,20252026,2,2025-12-23,2025-12-24T00:00:00Z,OFF,NYI,NJD,2.0,1.0,REG
2025020581,20252026,2,2025-12-23,2025-12-24T00:00:00Z,OFF,CAR,FLA,2.0,5.0,REG
2025020582,20252026,2,2025-12-23,2025-12-24T01:00:00Z,OFF,MIN,NSH,2.0,3.0,OT
2025020583,20252026,2,2025-12-23,2025-12-24T02:00:00Z,OFF,CHI,PHI,1.0,3.0,REG
2025020584,20252026,2,2025-12-23,2025-12-24T02:00:00Z,OFF,COL,UTA,1.0,0.0,REG
2025020585,20252026,2,2025-12-23,2025-12-24T02:00:00Z,OFF,EDM,CGY,5.0,1.0,REG
2025020586,20252026,2,2025-12-23,2025-12-24T03:00:00Z,OFF,VGK,SJS,7.0,2.0,REG
2025020587,20252026,2,2025-12-23,2025-12-24T03:00:00Z,OFF,LAK,SEA,2.0,3.0,REG
2025020588,20252026,2,2025-12-27,2025-12-27T23:00:00Z,OFF,NYI,NYR,2.0,0.0,REG
2025020589,20252026,2,2025-12-27,2025-12-28T00:00:00Z,OFF,BUF,BOS,4.0,1.0,REG
2025020590,20252026,2,2025-12-27,2025-12-28T00:00:00Z,OFF,TOR,OTT,7.0,5.0,REG
2025020591,20252026,2,2025-12-27,2025-12-28T00:00:00Z,OFF,FLA,TBL,2.0,4.0,REG
2025020592,20252026,2,2025-12-27,2025-12-28T00:00:00Z,OFF,NJD,WSH,3.0,4.0,OT
2025020593,20252026,2,2025-12-27,2025-12-28T00:00:00Z,OFF,CAR,DET,5.0,2.0,REG
2025020594,20252026,2,2025-12-27,2025-12-28T00:00:00Z,OFF,WPG,MIN,3.0,4.0,OT
2025020595,20252026,2,2025-12-27,2025-12-28T01:00:00Z,OFF,STL,NSH,3.0,2.0,REG
2025020596,20252026,2,2025-12-27,2025-12-28T01:00:00Z,OFF,DAL,CHI,3.0,4.0,SO
2025020597,20252026,2,2025-12-27,2025-12-28T02:00:00Z,OFF,LAK,ANA,6.0,1.0,REG
2025020598,20252026,2,2025-12-27,2025-12-28T03:00:00Z,OFF,CGY,EDM,3.0,2.0,REG
2025020599,20252026,2,2025-12-27,2025-12-28T03:00:00Z,OFF,VAN,SJS,3.0,6.0,REG
2025020600,20252026,2,2025-12-27,2025-12-28T03:00:00Z,OFF,VGK,COL,5.0,6.0,SO
2025020602,20252026,2,2025-12-28,2025-12-28T22:00:00Z,OFF,TBL,MTL,5.0,4.0,SO
2025020603,20252026,2,2025-12-28,2025-12-28T22:00:00Z,OFF,CBJ,NYI,4.0,2.0,REG
2025020601,20252026,2,2025-12-28,2025-12-29T00:00:00Z,OFF,DET,TOR,3.0,2.0,OT
2025020604,20252026,2,2025-12-28,2025-12-29T00:00:00Z,OFF,CHI,PIT,3.0,7.0,REG
2025020605,20252026,2,2025-12-28,2025-12-29T01:00:00Z,OFF,SEA,PHI,4.0,1.0,REG
2025020607,20252026,2,2025-12-29,2025-12-30T00:00:00Z,OFF,FLA,WSH,5.0,3.0,REG
2025020608,20252026,2,2025-12-29,2025-12-30T00:00:00Z,OFF,CAR,NYR,3.0,2.0,OT
2025020606,20252026,2,2025-12-29,2025-12-30T00:30:00Z,OFF,OTT,CBJ,1.0,4.0,REG
2025020609,20252026,2,2025-12-29,2025-12-30T00:30:00Z,OFF,WPG,EDM,1.0,3.0,REG
2025020610,20252026,2,2025-12-29,2025-12-30T01:00:00Z,OFF,STL,BUF,2.0,4.0,REG
2025020611,20252026,2,2025-12-29,2025-12-30T02:00:00Z,OFF,COL,LAK,5.0,2.0,REG
2025020612,20252026,2,2025-12-29,2025-12-30T02:00:00Z,OFF,UTA,NSH,3.0,4.0,REG
2025020613,20252026,2,2025-12-29,2025-12-30T02:00:00Z,OFF,CGY,BOS,2.0,1.0,OT
2025020614,20252026,2,2025-12-29,2025-12-30T03:00:00Z,OFF,VGK,MIN,2.0,5.0,REG
2025020615,20252026,2,2025-12-29,2025-12-30T03:00:00Z,OFF,ANA,SJS,4.0,5.0,REG
2025020616,20252026,2,2025-12-29,2025-12-30T03:00:00Z,OFF,SEA,VAN,2.0,3.0,SO
2025020617,20252026,2,2025-12-30,2025-12-31T00:00:00Z,OFF,TOR,NJD,4.0,0.0,REG
2025020618,20252026,2,2025-12-30,2025-12-31T00:00:00Z,OFF,FLA,MTL,2.0,3.0,OT
2025020619,20252026,2,2025-12-30,2025-12-31T00:00:00Z,OFF,PIT,CAR,5.0,1.0,REG
2025020620,20252026,2,2025-12-30,2025-12-31T01:30:00Z,OFF,CHI,NYI,2.0,3.0,SO
2025020621,20252026,2,2025-12-30,2025-12-31T03:00:00Z,OFF,VAN,PHI,3.0,6.0,REG
2025020622,20252026,2,2025-12-31,2025-12-31T17:30:00Z,OFF,WSH,NYR,6.0,3.0,REG
2025020623,20252026,2,2025-12-31,2025-12-31T20:00:00Z,OFF,VGK,NSH,2.0,4.0,REG
2025020624,20252026,2,2025-12-31,2025-12-31T21:00:00Z,OFF,ANA,TBL,3.0,4.0,OT
2025020625,20252026,2,2025-12-31,2025-12-31T21:00:00Z,OFF,SJS,MIN,4.0,3.0,SO
2025020626,20252026,2,2025-12-31,2025-12-31T23:30:00Z,OFF,DET,WPG,2.0,1.0,REG
2025020627,20252026,2,2025-12-31,2026-01-01T00:00:00Z,OFF,CBJ,NJD,2.0,3.0,REG
2025020628,20252026,2,2025-12-31,2026-01-01T01:00:00Z,OFF,DAL,BUF,1.0,4.0,REG
2025020629,20252026,2,2025-12-31,2026-01-01T02:00:00Z,OFF,COL,STL,6.0,1.0,REG
2025020630,20252026,2,2025-12-31,2026-01-01T02:30:00Z,OFF,CGY,PHI,5.0,1.0,REG
2025020631,20252026,2,2025-12-31,2026-01-01T02:30:00Z,OFF,EDM,BOS,2.0,6.0,REG
2025020632,20252026,2,2026-01-01,2026-01-01T18:00:00Z,OFF,OTT,WSH,4.0,3.0,REG
2025020633,20252026,2,2026-01-01,2026-01-01T20:00:00Z,OFF,NYI,UTA,2.0,7.0,REG
2025020634,20252026,2,2026-01-01,2026-01-02T00:00:00Z,OFF,TOR,WPG,6.0,5.0,REG
2025020635,20252026,2,2026-01-01,2026-01-02T00:00:00Z,OFF,PIT,DET,4.0,3.0,OT
2025020636,20252026,2,2026-01-01,2026-01-02T00:00:00Z,OFF,CAR,MTL,5.0,7.0,REG
2025020639,20252026,2,2026-01-01,2026-01-02T00:00:00Z,OFF,LAK,TBL,3.0,5.0,REG
2025020637,20252026,2,2026-01-01,2026-01-02T01:30:00Z,OFF,CHI,DAL,4.0,3.0,REG
2025020638,20252026,2,2026-01-01,2026-01-02T03:00:00Z,OFF,SEA,NSH,4.0,1.0,REG
2025020640,20252026,2,2026-01-02,2026-01-02T20:00:00Z,OFF,STL,VGK,4.0,3.0,REG
2025020641,20252026,2,2026-01-02,2026-01-03T01:00:00Z,OFF,FLA,NYR,1.0,5.0,REG
2025020642,20252026,2,2026-01-02,2026-01-03T03:30:00Z,OFF,VAN,SEA,3.0,4.0,SO
2025020643,20252026,2,2026-01-02,2026-01-03T03:30:00Z,OFF,ANA,MIN,2.0,5.0,REG
2025020644,20252026,2,2026-01-03,2026-01-03T17:00:00Z,OFF,DET,PIT,1.0,4.0,REG
2025020645,20252026,2,2026-01-03,2026-01-03T20:00:00Z,OFF,NJD,UTA,4.0,1.0,REG
2025020646,20252026,2,2026-01-03,2026-01-03T20:00:00Z,OFF,CBJ,BUF,5.0,1.0,REG
2025020647,20252026,2,2026-01-03,2026-01-03T20:30:00Z,OFF,EDM,PHI,2.0,5.0,REG
2025020648,20252026,2,2026-01-03,2026-01-03T21:00:00Z,OFF,STL,MTL,2.0,0.0,REG
2025020649,20252026,2,2026-01-03,2026-01-03T21:00:00Z,OFF,SJS,TBL,3.0,7.0,REG
2025020650,20252026,2,2026-01-03,2026-01-04T00:00:00Z,OFF,OTT,WPG,4.0,2.0,REG
2025020651,20252026,2,2026-01-03,2026-01-04T00:00:00Z,OFF,NYI,TOR,4.0,3.0,OT
2025020652,20252026,2,2026-01-03,2026-01-04T00:00:00Z,OFF,WSH,CHI,2.0,3.0,SO
2025020653,20252026,2,2026-01-03,2026-01-04T00:00:00Z,OFF,CAR,COL,3.0,5.0,REG
2025020654,20252026,2,2026-01-03,2026-01-04T00:00:00Z,OFF,CGY,NSH,3.0,4.0,REG
2025020655,20252026,2,2026-01-03,2026-01-04T02:00:00Z,OFF,LAK,MIN,5.0,4.0,SO
2025020656,20252026,2,2026-01-03,2026-01-04T03:00:00Z,OFF,VAN,BOS,2.0,3.0,OT
2025020657,20252026,2,2026-01-04,2026-01-04T19:00:00Z,OFF,DAL,MTL,3.0,4.0,OT
2025020658,20252026,2,2026-01-04,2026-01-04T20:00:00Z,OFF,CBJ,PIT,4.0,5.0,OT
2025020659,20252026,2,2026-01-04,2026-01-04T22:00:00Z,OFF,FLA,COL,2.0,1.0,REG
2025020660,20252026,2,2026-01-04,2026-01-05T00:00:00Z,OFF,NJD,CAR,1.0,3.0,REG
2025020661,20252026,2,2026-01-04,2026-01-05T00:00:00Z,OFF,CHI,VGK,3.0,2.0,OT
2025020662,20252026,2,2026-01-05,2026-01-06T00:00:00Z,OFF,NYR,UTA,2.0,3.0,OT
2025020663,20252026,2,2026-01-05,2026-01-06T00:00:00Z,OFF,WSH,ANA,7.0,4.0,REG
2025020664,20252026,2,2026-01-05,2026-01-06T00:30:00Z,OFF,OTT,DET,3.0,5.0,REG
2025020665,20252026,2,2026-01-05,2026-01-06T02:30:00Z,OFF,CGY,SEA,1.0,5.0,REG
2025020666,20252026,2,2026-01-05,2026-01-06T03:30:00Z,OFF,LAK,MIN,4.0,2.0,REG
2025020667,20252026,2,2026-01-06,2026-01-07T00:00:00Z,OFF,BUF,VAN,5.0,3.0,REG
2025020668,20252026,2,2026-01-06,2026-01-07T00:00:00Z,OFF,TBL,COL,4.0,2.0,REG
2025020670,20252026,2,2026-01-06,2026-01-07T00:00:00Z,OFF,PHI,ANA,5.0,2.0,REG
2025020671,20252026,2,2026-01-06,2026-01-07T00:00:00Z,OFF,CAR,DAL,6.0,3.0,REG
2025020669,20252026,2,2026-01-06,2026-01-07T00:30:00Z,OFF,NYI,NJD,9.0,0.0,REG
2025020672,20252026,2,2026-01-06,2026-01-07T00:30:00Z,OFF,TOR,FLA,4.0,1.0,REG
2025020673,20252026,2,2026-01-06,2026-01-07T01:00:00Z,OFF,WPG,VGK,3.0,4.0,OT
2025020674,20252026,2,2026-01-06,2026-01-07T02:00:00Z,OFF,EDM,NSH,6.0,2.0,REG
2025020675,20252026,2,2026-01-06,2026-01-07T03:00:00Z,OFF,SJS,CBJ,5.0,2.0,REG
2025020676,20252026,2,2026-01-06,2026-01-07T03:00:00Z,OFF,SEA,BOS,7.0,4.0,REG
2025020677,20252026,2,2026-01-07,2026-01-08T00:00:00Z,OFF,WSH,DAL,1.0,4.0,REG
2025020678,20252026,2,2026-01-07,2026-01-08T00:30:00Z,OFF,MTL,CGY,4.0,1.0,REG
2025020679,20252026,2,2026-01-07,2026-01-08T02:30:00Z,OFF,CHI,STL,7.0,3.0,REG
2025020680,20252026,2,2026-01-07,2026-01-08T02:30:00Z,OFF,UTA,OTT,3.0,1.0,REG
2025020681,20252026,2,2026-01-07,2026-01-08T03:30:00Z,OFF,LAK,SJS,3.0,4.0,OT
2025020682,20252026,2,2026-01-08,2026-01-09T00:00:00Z,OFF,BOS,CGY,4.0,1.0,REG
2025020683,20252026,2,2026-01-08,2026-01-09T00:00:00Z,OFF,MTL,FLA,6.0,2.0,REG
2025020684,20252026,2,2026-01-08,2026-01-09T00:00:00Z,OFF,DET,VAN,5.0,1.0,REG
2025020685,20252026,2,2026-01-08,2026-01-09T00:00:00Z,OFF,NYR,BUF,2.0,5.0,REG
2025020686,20252026,2,2026-01-08,2026-01-09T00:00:00Z,OFF,PHI,TOR,1.0,2.0,OT
2025020687,20252026,2,2026-01-08,2026-01-09T00:00:00Z,OFF,PIT,NJD,4.0,1.0,REG
2025020688,20252026,2,2026-01-08,2026-01-09T00:00:00Z,OFF,CAR,ANA,5.0,2.0,REG
2025020689,20252026,2,2026-01-08,2026-01-09T01:00:00Z,OFF,NSH,NYI,2.0,1.0,SO
2025020690,20252026,2,2026-01-08,2026-01-09T01:00:00Z,OFF,WPG,EDM,3.0,4.0,REG
2025020691,20252026,2,2026-01-08,2026-01-09T02:00:00Z,OFF,COL,OTT,8.0,2.0,REG
2025020692,20252026,2,2026-01-08,2026-01-09T03:00:00Z,OFF,VGK,CBJ,5.0,3.0,REG
2025020693,20252026,2,2026-01-08,2026-01-09T03:00:00Z,OFF,SEA,MIN,2.0,3.0,OT
2025020694,20252026,2,2026-01-09,2026-01-10T01:00:00Z,OFF,CHI,WSH,1.0,5.0,REG
2025020695,20252026,2,2026-01-09,2026-01-10T01:00:00Z,OFF,WPG,LAK,5.0,1.0,REG
2025020696,20252026,2,2026-01-09,2026-01-10T02:00:00Z,OFF,UTA,STL,4.0,2.0,REG
2025020697,20252026,2,2026-01-10,2026-01-10T18:00:00Z,OFF,BOS,NYR,10.0,2.0,REG
2025020698,20252026,2,2026-01-10,2026-01-10T20:30:00Z,OFF,PIT,CGY,1.0,2.0,REG
2025020699,20252026,2,2026-01-10,2026-01-10T21:00:00Z,OFF,COL,CBJ,4.0,0.0,REG
2025020700,20252026,2,2026-01-10,2026-01-10T21:00:00Z,OFF,SJS,DAL,5.0,4.0,OT
2025020701,20252026,2,2026-01-10,2026-01-11T00:00:00Z,OFF,BUF,ANA,5.0,3.0,REG
2025020702,20252026,2,2026-01-10,2026-01-11T00:00:00Z,OFF,TOR,VAN,5.0,0.0,REG
2025020703,20252026,2,2026-01-10,2026-01-11T00:00:00Z,OFF,MTL,DET,0.0,4.0,REG
2025020704,20252026,2,2026-01-10,2026-01-11T00:00:00Z,OFF,OTT,FLA,2.0,3.0,REG
2025020705,20252026,2,2026-01-10,2026-01-11T00:00:00Z,OFF,PHI,TBL,2.0,7.0,REG
2025020706,20252026,2,2026-01-10,2026-01-11T00:00:00Z,OFF,CAR,SEA,3.0,2.0,REG
2025020707,20252026,2,2026-01-10,2026-01-11T01:00:00Z,OFF,NSH,CHI,0.0,3.0,REG
2025020708,20252026,2,2026-01-10,2026-01-11T01:00:00Z,OFF,MIN,NYI,3.0,4.0,OT
2025020709,20252026,2,2026-01-10,2026-01-11T03:00:00Z,OFF,EDM,LAK,3.0,4.0,SO
2025020710,20252026,2,2026-01-10,2026-01-11T03:00:00Z,OFF,VGK,STL,4.0,2.0,REG
2025020711,20252026,2,2026-01-11,2026-01-11T19:00:00Z,OFF,WPG,NJD,4.0,3.0,REG
2025020712,20252026,2,2026-01-11,2026-01-11T22:00:00Z,OFF,BOS,PIT,1.0,0.0,REG
2025020713,20252026,2,2026-01-11,2026-01-12T00:00:00Z,OFF,NSH,WSH,3.0,2.0,REG
2025020714,20252026,2,2026-01-11,2026-01-12T00:00:00Z,OFF,UTA,CBJ,2.0,3.0,OT
2025020715,20252026,2,2026-01-11,2026-01-12T01:00:00Z,OFF,SJS,VGK,2.0,7.0,REG
2025020716,20252026,2,2026-01-12,2026-01-13T00:00:00Z,OFF,BUF,FLA,3.0,4.0,REG
2025020717,20252026,2,2026-01-12,2026-01-13T00:00:00Z,OFF,DET,CAR,4.0,3.0,OT
2025020718,20252026,2,2026-01-12,2026-01-13T00:00:00Z,OFF,NYR,SEA,2.0,4.0,REG
2025020719,20252026,2,2026-01-12,2026-01-13T00:00:00Z,OFF,PHI,TBL,1.0,5.0,REG
2025020720,20252026,2,2026-01-12,2026-01-13T00:30:00Z,OFF,MTL,VAN,6.0,3.0,REG
2025020721,20252026,2,2026-01-12,2026-01-13T01:00:00Z,OFF,MIN,NJD,2.0,5.0,REG
2025020722,20252026,2,2026-01-12,2026-01-13T01:30:00Z,OFF,CHI,EDM,1.0,4.0,REG
2025020723,20252026,2,2026-01-12,2026-01-13T03:00:00Z,OFF,COL,TOR,3.0,4.0,OT
2025020724,20252026,2,2026-01-12,2026-01-13T03:00:00Z,OFF,LAK,DAL,1.0,3.0,REG
2025020725,20252026,2,2026-01-13,2026-01-14T00:00:00Z,OFF,OTT,VAN,2.0,1.0,REG
2025020726,20252026,2,2026-01-13,2026-01-14T00:00:00Z,OFF,PIT,TBL,1.0,2.0,SO
2025020727,20252026,2,2026-01-13,2026-01-14T00:00:00Z,OFF,WSH,MTL,3.0,2.0,OT
2025020728,20252026,2,2026-01-13,2026-01-14T00:00:00Z,OFF,CBJ,CGY,5.0,3.0,REG
2025020729,20252026,2,2026-01-13,2026-01-14T00:30:00Z,OFF,BOS,DET,3.0,0.0,REG
2025020730,20252026,2,2026-01-13,2026-01-14T00:30:00Z,OFF,STL,CAR,3.0,0.0,REG
2025020731,20252026,2,2026-01-13,2026-01-14T01:00:00Z,OFF,NSH,EDM,4.0,3.0,OT
2025020732,20252026,2,2026-01-13,2026-01-14T01:00:00Z,OFF,WPG,NYI,5.0,4.0,REG
2025020733,20252026,2,2026-01-13,2026-01-14T03:00:00Z,OFF,UTA,TOR,6.0,1.0,REG
2025020734,20252026,2,2026-01-13,2026-01-14T03:00:00Z,OFF,ANA,DAL,3.0,1.0,REG
2025020735,20252026,2,2026-01-14,2026-01-15T00:00:00Z,OFF,NJD,SEA,3.0,2.0,OT
2025020736,20252026,2,2026-01-14,2026-01-15T00:30:00Z,OFF,BUF,PHI,5.0,2.0,REG
2025020737,20252026,2,2026-01-14,2026-01-15T00:30:00Z,OFF,NYR,OTT,4.0,8.0,REG
2025020738,20252026,2,2026-01-14,2026-01-15T03:00:00Z,OFF,LAK,VGK,2.0,3.0,OT
2025020740,20252026,2,2026-01-15,2026-01-16T00:00:00Z,OFF,BUF,MTL,5.0,3.0,REG
2025020741,20252026,2,2026-01-15,2026-01-16T00:00:00Z,OFF,PIT,PHI,6.0,3.0,REG
2025020742,20252026,2,2026-01-15,2026-01-16T00:00:00Z,OFF,WSH,SJS,2.0,3.0,REG
2025020743,20252026,2,2026-01-15,2026-01-16T00:00:00Z,OFF,CBJ,VAN,4.0,1.0,REG
2025020739,20252026,2,2026-01-15,2026-01-16T01:00:00Z,OFF,BOS,SEA,4.0,2.0,REG
2025020744,20252026,2,2026-01-15,2026-01-16T01:00:00Z,OFF,MIN,WPG,2.0,6.0,REG
2025020745,20252026,2,2026-01-15,2026-01-16T01:30:00Z,OFF,CHI,CGY,1.0,3.0,REG
2025020746,20252026,2,2026-01-15,2026-01-16T02:00:00Z,OFF,UTA,DAL,2.0,1.0,REG
2025020747,20252026,2,2026-01-15,2026-01-16T02:00:00Z,OFF,EDM,NYI,0.0,1.0,REG
2025020748,20252026,2,2026-01-15,2026-01-16T02:30:00Z,OFF,VGK,TOR,6.0,5.0,OT
2025020749,20252026,2,2026-01-16,2026-01-17T00:00:00Z,OFF,DET,SJS,4.0,2.0,REG
2025020750,20252026,2,2026-01-16,2026-01-17T00:00:00Z,OFF,CAR,FLA,9.0,1.0,REG
2025020751,20252026,2,2026-01-16,2026-01-17T01:00:00Z,OFF,STL,TBL,3.0,2.0,SO
2025020752,20252026,2,2026-01-16,2026-01-17T02:00:00Z,OFF,COL,NSH,3.0,7.0,REG
2025020753,20252026,2,2026-01-16,2026-01-17T03:30:00Z,OFF,LAK,ANA,2.0,3.0,SO
2025020754,20252026,2,2026-01-17,2026-01-17T17:30:00Z,OFF,BUF,MIN,4.0,5.0,OT
2025020755,20252026,2,2026-01-17,2026-01-17T18:00:00Z,OFF,PHI,NYR,3.0,6.0,REG
2025020756,20252026,2,2026-01-17,2026-01-17T20:00:00Z,OFF,CGY,NYI,4.0,2.0,REG
2025020757,20252026,2,2026-01-17,2026-01-17T22:00:00Z,OFF,UTA,SEA,6.0,3.0,REG
2025020758,20252026,2,2026-01-17,2026-01-18T00:00:00Z,OFF,OTT,MTL,5.0,6.0,OT
2025020759,20252026,2,2026-01-17,2026-01-18T00:00:00Z,OFF,NJD,CAR,1.0,4.0,REG
2025020760,20252026,2,2026-01-17,2026-01-18T00:00:00Z,OFF,PIT,CBJ,3.0,4.0,SO
2025020761,20252026,2,2026-01-17,2026-01-18T00:00:00Z,OFF,WSH,FLA,2.0,5.0,REG
2025020762,20252026,2,2026-01-17,2026-01-18T00:00:00Z,OFF,WPG,TOR,3.0,4.0,OT
2025020763,20252026,2,2026-01-17,2026-01-18T01:00:00Z,OFF,CHI,BOS,2.0,5.0,REG
2025020764,20252026,2,2026-01-17,2026-01-18T03:00:00Z,OFF,VAN,EDM,0.0,6.0,REG
2025020765,20252026,2,2026-01-17,2026-01-18T03:00:00Z,OFF,VGK,NSH,7.0,2.0,REG
2025020766,20252026,2,2026-01-17,2026-01-18T03:00:00Z,OFF,ANA,LAK,2.0,1.0,OT
2025020767,20252026,2,2026-01-18,2026-01-18T19:00:00Z,OFF,DAL,TBL,1.0,4.0,REG
2025020768,20252026,2,2026-01-18,2026-01-18T22:00:00Z,OFF,DET,OTT,4.0,3.0,OT
2025020769,20252026,2,2026-01-18,2026-01-19T01:00:00Z,OFF,EDM,STL,5.0,0.0,REG
2025020770,20252026,2,2026-01-19,2026-01-19T18:30:00Z,OFF,CAR,BUF,2.0,1.0,REG
2025020771,20252026,2,2026-01-19,2026-01-19T21:00:00Z,OFF,COL,WSH,5.0,2.0,REG
2025020772,20252026,2,2026-01-19,2026-01-19T22:00:00Z,OFF,SEA,PIT,3.0,6.0,REG
2025020773,20252026,2,2026-01-19,2026-01-19T23:00:00Z,OFF,FLA,SJS,1.0,4.0,REG
2025020774,20252026,2,2026-01-19,2026-01-20T00:30:00Z,OFF,TOR,MIN,3.0,6.0,REG
2025020775,20252026,2,2026-01-19,2026-01-20T01:00:00Z,OFF,VGK,PHI,1.0,2.0,REG
2025020776,20252026,2,2026-01-19,2026-01-20T01:30:00Z,OFF,CHI,WPG,2.0,0.0,REG
2025020777,20252026,2,2026-01-19,2026-01-20T02:00:00Z,OFF,CGY,NJD,1.0,2.0,OT
2025020778,20252026,2,2026-01-19,2026-01-20T03:00:00Z,OFF,VAN,NYI,3.0,4.0,REG
2025020779,20252026,2,2026-01-19,2026-01-20T03:00:00Z,OFF,ANA,NYR,5.0,3.0,REG
2025020780,20252026,2,2026-01-20,2026-01-21T00:00:00Z,OFF,MTL,MIN,4.0,3.0,REG
2025020781,20252026,2,2026-01-20,2026-01-21T00:00:00Z,OFF,TBL,SJS,4.0,1.0,REG
2025020782,20252026,2,2026-01-20,2026-01-21T00:00:00Z,OFF,CBJ,OTT,1.0,4.0,REG
2025020783,20252026,2,2026-01-20,2026-01-21T00:30:00Z,OFF,DAL,BOS,6.0,2.0,REG
2025020784,20252026,2,2026-01-20,2026-01-21T01:00:00Z,OFF,NSH,BUF,3.0,5.0,REG
2025020785,20252026,2,2026-01-20,2026-01-21T01:00:00Z,OFF,WPG,STL,3.0,1.0,REG
2025020786,20252026,2,2026-01-20,2026-01-21T03:00:00Z,OFF,EDM,NJD,1.0,2.0,REG
2025020787,20252026,2,2026-01-20,2026-01-21T03:00:00Z,OFF,LAK,NYR,4.0,3.0,REG
2025020788,20252026,2,2026-01-21,2026-01-22T00:00:00Z,OFF,TOR,DET,1.0,2.0,OT
2025020789,20252026,2,2026-01-21,2026-01-22T02:00:00Z,OFF,COL,ANA,1.0,2.0,SO
2025020790,20252026,2,2026-01-21,2026-01-22T02:00:00Z,OFF,UTA,PHI,5.0,4.0,OT
2025020791,20252026,2,2026-01-21,2026-01-22T02:30:00Z,OFF,CGY,PIT,1.0,4.0,REG
2025020793,20252026,2,2026-01-21,2026-01-22T02:30:00Z,OFF,SEA,NYI,4.0,1.0,REG
2025020792,20252026,2,2026-01-21,2026-01-22T03:00:00Z,OFF,VAN,WSH,4.0,3.0,REG
2025020794,20252026,2,2026-01-22,2026-01-23T00:00:00Z,OFF,BOS,VGK,4.0,3.0,REG
2025020795,20252026,2,2026-01-22,2026-01-23T00:00:00Z,OFF,MTL,BUF,2.0,4.0,REG
2025020796,20252026,2,2026-01-22,2026-01-23T00:00:00Z,OFF,CAR,CHI,3.0,4.0,SO
2025020797,20252026,2,2026-01-22,2026-01-23T00:00:00Z,OFF,CBJ,DAL,1.0,0.0,REG
2025020798,20252026,2,2026-01-22,2026-01-23T01:00:00Z,OFF,NSH,OTT,5.0,3.0,REG
2025020799,20252026,2,2026-01-22,2026-01-23T01:00:00Z,OFF,WPG,FLA,1.0,2.0,SO
2025020800,20252026,2,2026-01-22,2026-01-23T02:00:00Z,OFF,EDM,PIT,2.0,6.0,REG
2025020801,20252026,2,2026-01-22,2026-01-23T02:30:00Z,OFF,MIN,DET,4.0,3.0,OT
2025020802,20252026,2,2026-01-23,2026-01-24T00:00:00Z,OFF,TOR,VGK,3.0,6.0,REG
2025020803,20252026,2,2026-01-23,2026-01-24T00:00:00Z,OFF,CHI,TBL,1.0,2.0,SO
2025020804,20252026,2,2026-01-23,2026-01-24T01:00:00Z,OFF,DAL,STL,3.0,2.0,REG
2025020805,20252026,2,2026-01-23,2026-01-24T02:00:00Z,OFF,COL,PHI,3.0,7.0,REG
2025020806,20252026,2,2026-01-23,2026-01-24T02:00:00Z,OFF,CGY,WSH,1.0,3.0,REG
2025020807,20252026,2,2026-01-23,2026-01-24T03:00:00Z,OFF,VAN,NJD,4.0,5.0,REG
2025020808,20252026,2,2026-01-23,2026-01-24T03:00:00Z,OFF,SJS,NYR,3.0,1.0,REG
2025020809,20252026,2,2026-01-23,2026-01-24T03:00:00Z,OFF,SEA,ANA,2.0,4.0,REG
2025020810,20252026,2,2026-01-24,2026-01-24T18:00:00Z,OFF,NYI,BUF,0.0,5.0,REG
2025020811,20252026,2,2026-01-24,2026-01-24T18:30:00Z,OFF,NSH,UTA,2.0,5.0,REG
2025020812,20252026,2,2026-01-24,2026-01-25T00:00:00Z,OFF,BOS,MTL,4.0,3.0,REG
2025020813,20252026,2,2026-01-24,2026-01-25T00:00:00Z,OFF,OTT,CAR,1.0,4.0,REG
2025020814,20252026,2,2026-01-24,2026-01-25T00:00:00Z,OFF,CBJ,TBL,8.0,5.0,REG
2025020815,20252026,2,2026-01-24,2026-01-25T00:00:00Z,OFF,WPG,DET,1.0,5.0,REG
2025020816,20252026,2,2026-01-24,2026-01-25T01:00:00Z,OFF,STL,LAK,4.0,5.0,SO
2025020817,20252026,2,2026-01-24,2026-01-25T02:00:00Z,OFF,MIN,FLA,3.0,4.0,OT
2025020818,20252026,2,2026-01-24,2026-01-25T03:00:00Z,OFF,EDM,WSH,6.0,5.0,OT
2025020819,20252026,2,2026-01-25,2026-01-25T18:30:00Z,OFF,TOR,COL,1.0,4.0,REG
2025020820,20252026,2,2026-01-25,2026-01-25T20:00:00Z,OFF,SEA,NJD,4.0,2.0,REG
2025020821,20252026,2,2026-01-25,2026-01-25T22:00:00Z,OFF,OTT,VGK,7.0,1.0,REG
2025020822,20252026,2,2026-01-25,2026-01-25T23:00:00Z,OFF,VAN,PIT,2.0,3.0,REG
2025020823,20252026,2,2026-01-25,2026-01-26T00:00:00Z,OFF,CHI,FLA,1.0,5.0,REG
2025020824,20252026,2,2026-01-25,2026-01-26T01:00:00Z,OFF,CGY,ANA,3.0,4.0,OT
2025020825,20252026,2,2026-01-26,2026-01-27T00:00:00Z,OFF,TBL,UTA,2.0,0.0,REG
2025020826,20252026,2,2026-01-26,2026-01-27T00:00:00Z,OFF,NYR,BOS,4.0,3.0,OT
2025020827,20252026,2,2026-01-26,2026-01-27T00:00:00Z,OFF,PHI,NYI,0.0,4.0,REG
2025020829,20252026,2,2026-01-26,2026-01-27T01:30:00Z,OFF,EDM,ANA,7.0,4.0,REG
2025020830,20252026,2,2026-01-27,2026-01-28T00:00:00Z,OFF,BOS,NSH,3.0,2.0,OT
2025020831,20252026,2,2026-01-27,2026-01-28T00:00:00Z,OFF,TOR,BUF,4.0,7.0,REG
2025020832,20252026,2,2026-01-27,2026-01-28T00:00:00Z,OFF,MTL,VGK,3.0,2.0,OT
2025020833,20252026,2,2026-01-27,2026-01-28T00:00:00Z,OFF,DET,LAK,1.0,3.0,REG
2025020834,20252026,2,2026-01-27,2026-01-28T00:00:00Z,OFF,FLA,UTA,3.0,4.0,REG
2025020835,20252026,2,2026-01-27,2026-01-28T00:00:00Z,OFF,NJD,WPG,3.0,4.0,REG
2025020836,20252026,2,2026-01-27,2026-01-28T01:00:00Z,OFF,STL,DAL,3.0,4.0,REG
2025020837,20252026,2,2026-01-27,2026-01-28T01:00:00Z,OFF,MIN,CHI,4.0,3.0,SO
2025020838,20252026,2,2026-01-27,2026-01-28T03:00:00Z,OFF,VAN,SJS,2.0,5.0,REG
2025020839,20252026,2,2026-01-27,2026-01-28T03:00:00Z,OFF,SEA,WSH,5.0,1.0,REG
2025020842,20252026,2,2026-01-28,2026-01-29T00:00:00Z,OFF,NYI,NYR,5.0,2.0,REG
2025020840,20252026,2,2026-01-28,2026-01-29T00:30:00Z,OFF,CBJ,PHI,5.0,3.0,REG
2025020841,20252026,2,2026-01-28,2026-01-29T00:30:00Z,OFF,OTT,COL,5.0,2.0,REG
2025020843,20252026,2,2026-01-29,2026-01-30T00:00:00Z,OFF,BOS,PHI,6.0,3.0,REG
2025020844,20252026,2,2026-01-29,2026-01-30T00:00:00Z,OFF,BUF,LAK,4.0,1.0,REG
2025020845,20252026,2,2026-01-29,2026-01-30T00:00:00Z,OFF,MTL,COL,7.0,3.0,REG
2025020847,20252026,2,2026-01-29,2026-01-30T00:00:00Z,OFF,TBL,WPG,4.0,1.0,REG
2025020848,20252026,2,2026-01-29,2026-01-30T00:00:00Z,OFF,NJD,NSH,3.0,2.0,OT
2025020849,20252026,2,2026-01-29,2026-01-30T00:00:00Z,OFF,NYR,NYI,1.0,2.0,REG
2025020850,20252026,2,2026-01-29,2026-01-30T00:00:00Z,OFF,PIT,CHI,6.0,2.0,REG
2025020851,20252026,2,2026-01-29,2026-01-30T00:00:00Z,OFF,CAR,UTA,5.0,4.0,REG
2025020846,20252026,2,2026-01-29,2026-01-30T00:30:00Z,OFF,DET,WSH,3.0,4.0,SO
2025020852,20252026,2,2026-01-29,2026-01-30T01:00:00Z,OFF,STL,FLA,5.0,4.0,REG
2025020853,20252026,2,2026-01-29,2026-01-30T01:00:00Z,OFF,MIN,CGY,4.0,1.0,REG
2025020854,20252026,2,2026-01-29,2026-01-30T02:00:00Z,OFF,EDM,SJS,4.0,3.0,OT
2025020855,20252026,2,2026-01-29,2026-01-30T03:00:00Z,OFF,VAN,ANA,2.0,0.0,REG
2025020856,20252026,2,2026-01-29,2026-01-30T03:00:00Z,OFF,VGK,DAL,4.0,5.0,SO
2025020857,20252026,2,2026-01-29,2026-01-30T03:00:00Z,OFF,SEA,TOR,5.0,2.0,REG
2025020858,20252026,2,2026-01-30,2026-01-31T01:30:00Z,OFF,CHI,CBJ,2.0,4.0,REG
2025020859,20252026,2,2026-01-31,2026-01-31T17:30:00Z,OFF,PHI,LAK,2.0,3.0,OT
2025020860,20252026,2,2026-01-31,2026-01-31T18:00:00Z,OFF,DET,COL,0.0,5.0,REG
2025020861,20252026,2,2026-01-31,2026-01-31T20:30:00Z,OFF,PIT,NYR,6.0,5.0,REG
2025020862,20252026,2,2026-01-31,2026-01-31T21:00:00Z,OFF,FLA,WPG,1.0,2.0,REG
2025020863,20252026,2,2026-01-31,2026-01-31T21:00:00Z,OFF,CGY,SJS,3.0,2.0,REG
2025020864,20252026,2,2026-01-31,2026-01-31T22:00:00Z,OFF,WSH,CAR,4.0,3.0,OT
2025020865,20252026,2,2026-01-31,2026-02-01T00:00:00Z,OFF,BUF,MTL,2.0,4.0,REG
2025020866,20252026,2,2026-01-31,2026-02-01T00:00:00Z,OFF,OTT,NJD,4.0,1.0,REG
2025020867,20252026,2,2026-01-31,2026-02-01T00:00:00Z,OFF,NYI,NSH,3.0,4.0,REG
2025020868,20252026,2,2026-01-31,2026-02-01T00:00:00Z,OFF,STL,CBJ,3.0,5.0,REG
2025020869,20252026,2,2026-01-31,2026-02-01T00:00:00Z,OFF,VAN,TOR,2.0,3.0,SO
2025020870,20252026,2,2026-01-31,2026-02-01T02:00:00Z,OFF,UTA,DAL,2.0,3.0,REG
2025020871,20252026,2,2026-01-31,2026-02-01T03:00:00Z,OFF,EDM,MIN,3.0,7.0,REG
2025020872,20252026,2,2026-01-31,2026-02-01T03:00:00Z,OFF,VGK,SEA,2.0,3.0,REG
2025020874,20252026,2,2026-02-01,2026-02-01T20:00:00Z,OFF,CAR,LAK,3.0,2.0,OT
2025020873,20252026,2,2026-02-01,2026-02-01T23:30:00Z,OFF,TBL,BOS,6.0,5.0,SO
2025020875,20252026,2,2026-02-01,2026-02-02T02:30:00Z,OFF,ANA,VGK,4.0,3.0,REG
2025020876,20252026,2,2026-02-02,2026-02-03T00:00:00Z,OFF,FLA,BUF,3.0,5.0,REG
2025020877,20252026,2,2026-02-02,2026-02-03T00:00:00Z,OFF,PIT,OTT,2.0,3.0,REG
2025020878,20252026,2,2026-02-02,2026-02-03T00:00:00Z,OFF,WSH,NYI,4.0,1.0,REG
2025020879,20252026,2,2026-02-02,2026-02-03T00:30:00Z,OFF,MIN,MTL,4.0,3.0,OT
2025020880,20252026,2,2026-02-02,2026-02-03T01:00:00Z,OFF,NSH,STL,6.0,5.0,REG
2025020881,20252026,2,2026-02-02,2026-02-03T01:30:00Z,OFF,CHI,SJS,6.0,3.0,REG
2025020882,20252026,2,2026-02-02,2026-02-03T01:30:00Z,OFF,DAL,WPG,4.0,3.0,OT
2025020883,20252026,2,2026-02-02,2026-02-03T02:00:00Z,OFF,COL,DET,0.0,2.0,REG
2025020884,20252026,2,2026-02-02,2026-02-03T02:30:00Z,OFF,UTA,VAN,6.0,2.0,REG
2025020885,20252026,2,2026-02-02,2026-02-03T03:00:00Z,OFF,CGY,TOR,2.0,4.0,REG
2025020887,20252026,2,2026-02-03,2026-02-04T00:00:00Z,OFF,NJD,CBJ,0.0,3.0,REG
2025020889,20252026,2,2026-02-03,2026-02-04T00:00:00Z,OFF,PHI,WSH,4.0,2.0,REG
2025020890,20252026,2,2026-02-03,2026-02-04T00:00:00Z,OFF,CAR,OTT,4.0,3.0,REG
2025020886,20252026,2,2026-02-03,2026-02-04T00:30:00Z,OFF,TBL,BUF,4.0,3.0,OT
2025020888,20252026,2,2026-02-03,2026-02-04T00:30:00Z,OFF,NYI,PIT,5.0,4.0,OT
2025020891,20252026,2,2026-02-03,2026-02-04T01:30:00Z,OFF,EDM,TOR,2.0,5.0,REG
2025020892,20252026,2,2026-02-03,2026-02-04T03:00:00Z,OFF,ANA,SEA,4.0,2.0,REG
2025020893,20252026,2,2026-02-04,2026-02-05T00:00:00Z,OFF,FLA,BOS,5.0,4.0,SO
2025020894,20252026,2,2026-02-04,2026-02-05T00:00:00Z,OFF,CBJ,CHI,4.0,0.0,REG
2025020895,20252026,2,2026-02-04,2026-02-05T00:00:00Z,OFF,WPG,MTL,1.0,5.0,REG
2025020896,20252026,2,2026-02-04,2026-02-05T01:00:00Z,OFF,NSH,MIN,5.0,6.0,OT
2025020897,20252026,2,2026-02-04,2026-02-05T02:00:00Z,OFF,COL,SJS,4.0,2.0,REG
2025020898,20252026,2,2026-02-04,2026-02-05T02:00:00Z,OFF,UTA,DET,4.0,1.0,REG
2025020899,20252026,2,2026-02-04,2026-02-05T02:30:00Z,OFF,DAL,STL,5.0,4.0,REG
2025020900,20252026,2,2026-02-04,2026-02-05T03:00:00Z,OFF,CGY,EDM,4.0,3.0,REG
2025020901,20252026,2,2026-02-04,2026-02-05T03:00:00Z,OFF,VGK,VAN,5.0,2.0,REG
2025020902,20252026,2,2026-02-04,2026-02-05T03:00:00Z,OFF,LAK,SEA,2.0,4.0,REG
2025020903,20252026,2,2026-02-05,2026-02-06T00:00:00Z,OFF,BUF,PIT,2.0,5.0,REG
2025020905,20252026,2,2026-02-05,2026-02-06T00:00:00Z,OFF,NJD,NYI,1.0,3.0,REG
2025020906,20252026,2,2026-02-05,2026-02-06T00:00:00Z,OFF,NYR,CAR,0.0,2.0,REG
2025020907,20252026,2,2026-02-05,2026-02-06T00:00:00Z,OFF,PHI,OTT,1.0,2.0,OT
2025020908,20252026,2,2026-02-05,2026-02-06T00:00:00Z,OFF,WSH,NSH,4.0,2.0,REG
2025020904,20252026,2,2026-02-05,2026-02-06T00:30:00Z,OFF,TBL,FLA,6.0,1.0,REG
2025020909,20252026,2,2026-02-05,2026-02-06T03:00:00Z,OFF,VGK,LAK,4.0,1.0,REG
2025020910,20252026,2,2026-02-25,2026-02-26T00:00:00Z,OFF,NJD,BUF,1.0,2.0,REG
2025020911,20252026,2,2026-02-25,2026-02-26T00:00:00Z,OFF,WSH,PHI,3.0,1.0,REG
2025020912,20252026,2,2026-02-25,2026-02-26T00:30:00Z,OFF,TBL,TOR,4.0,2.0,REG
2025020913,20252026,2,2026-02-25,2026-02-26T01:00:00Z,OFF,DAL,SEA,4.0,1.0,REG
2025020914,20252026,2,2026-02-25,2026-02-26T02:00:00Z,OFF,UTA,COL,2.0,4.0,REG
2025020915,20252026,2,2026-02-25,2026-02-26T03:00:00Z,OFF,VAN,WPG,2.0,3.0,OT
2025020916,20252026,2,2026-02-25,2026-02-26T03:00:00Z,OFF,LAK,VGK,4.0,6.0,REG
2025020917,20252026,2,2026-02-25,2026-02-26T03:30:00Z,OFF,ANA,EDM,6.0,5.0,REG
2025020918,20252026,2,2026-02-26,2026-02-27T00:00:00Z,OFF,BOS,CBJ,4.0,2.0,REG
2025020919,20252026,2,2026-02-26,2026-02-27T00:00:00Z,OFF,MTL,NYI,3.0,4.0,OT
2025020920,20252026,2,2026-02-26,2026-02-27T00:00:00Z,OFF,OTT,DET,1.0,2.0,OT
2025020921,20252026,2,2026-02-26,2026-02-27T00:00:00Z,OFF,FLA,TOR,5.0,1.0,REG
2025020922,20252026,2,2026-02-26,2026-02-27T00:00:00Z,OFF,PIT,NJD,4.0,1.0,REG
2025020923,20252026,2,2026-02-26,2026-02-27T00:00:00Z,OFF,CAR,TBL,5.0,4.0,REG
2025020924,20252026,2,2026-02-26,2026-02-27T01:00:00Z,OFF,NYR,PHI,2.0,3.0,OT
2025020925,20252026,2,2026-02-26,2026-02-27T01:00:00Z,OFF,STL,SEA,5.0,1.0,REG
2025020926,20252026,2,2026-02-26,2026-02-27T01:00:00Z,OFF,NSH,CHI,4.0,2.0,REG
2025020927,20252026,2,2026-02-26,2026-02-27T02:00:00Z,OFF,COL,MIN,2.0,5.0,REG
2025020928,20252026,2,2026-02-26,2026-02-27T03:00:00Z,OFF,SJS,CGY,1.0,4.0,REG
2025020929,20252026,2,2026-02-26,2026-02-27T03:30:00Z,OFF,LAK,EDM,1.0,8.0,REG
2025020930,20252026,2,2026-02-27,2026-02-28T00:00:00Z,OFF,FLA,BUF,2.0,3.0,REG
2025020931,20252026,2,2026-02-27,2026-02-28T00:00:00Z,OFF,WSH,VGK,3.0,2.0,REG
2025020932,20252026,2,2026-02-27,2026-02-28T02:00:00Z,OFF,UTA,MIN,5.0,2.0,REG
2025020933,20252026,2,2026-02-27,2026-02-28T03:00:00Z,OFF,ANA,WPG,5.0,4.0,OT
2025020934,20252026,2,2026-02-28,2026-02-28T17:30:00Z,OFF,NYR,PIT,3.0,2.0,SO
2025020935,20252026,2,2026-02-28,2026-02-28T20:00:00Z,OFF,PHI,BOS,3.0,1.0,REG
2025020936,20252026,2,2026-02-28,2026-02-28T21:00:00Z,OFF,SJS,EDM,5.0,4.0,REG
2025020943,20252026,2,2026-02-28,2026-02-28T22:00:00Z,OFF,STL,NJD,1.0,3.0,REG
2025020937,20252026,2,2026-02-28,2026-02-28T23:00:00Z,OFF,CBJ,NYI,3.0,4.0,OT
2025020938,20252026,2,2026-02-28,2026-02-28T23:00:00Z,OFF,COL,CHI,3.0,1.0,REG
2025020939,20252026,2,2026-02-28,2026-03-01T00:00:00Z,OFF,TOR,OTT,2.0,5.0,REG
2025020940,20252026,2,2026-02-28,2026-03-01T00:00:00Z,OFF,MTL,WSH,6.0,2.0,REG
2025020941,20252026,2,2026-02-28,2026-03-01T00:00:00Z,OFF,TBL,BUF,2.0,6.0,REG
2025020942,20252026,2,2026-02-28,2026-03-01T00:00:00Z,OFF,CAR,DET,5.0,2.0,REG
2025020944,20252026,2,2026-02-28,2026-03-01T00:00:00Z,OFF,LAK,CGY,2.0,0.0,REG
2025020945,20252026,2,2026-02-28,2026-03-01T01:00:00Z,OFF,DAL,NSH,3.0,2.0,OT
2025020946,20252026,2,2026-02-28,2026-03-01T03:00:00Z,OFF,SEA,VAN,5.0,1.0,REG
2025020947,20252026,2,2026-03-01,2026-03-01T18:00:00Z,OFF,PIT,VGK,5.0,0.0,REG
2025020949,20252026,2,2026-03-01,2026-03-01T21:00:00Z,OFF,UTA,CHI,0.0,4.0,REG
2025020950,20252026,2,2026-03-01,2026-03-01T21:00:00Z,OFF,SJS,WPG,2.0,1.0,OT
2025020951,20252026,2,2026-03-01,2026-03-01T22:00:00Z,OFF,MIN,STL,1.0,3.0,REG
2025020948,20252026,2,2026-03-01,2026-03-01T23:30:00Z,OFF,NYI,FLA,5.0,4.0,REG
2025020952,20252026,2,2026-03-01,2026-03-02T01:00:00Z,OFF,ANA,CGY,3.0,2.0,SO
2025020955,20252026,2,2026-03-02,2026-03-02T19:00:00Z,OFF,NSH,DET,2.0,4.0,REG
2025020953,20252026,2,2026-03-02,2026-03-03T00:00:00Z,OFF,NYR,CBJ,4.0,5.0,OT
2025020954,20252026,2,2026-03-02,2026-03-03T00:30:00Z,OFF,TOR,PHI,2.0,3.0,SO
2025020956,20252026,2,2026-03-02,2026-03-03T03:00:00Z,OFF,VAN,DAL,1.0,6.0,REG
2025020957,20252026,2,2026-03-02,2026-03-03T03:00:00Z,OFF,SEA,CAR,2.0,1.0,REG
2025020958,20252026,2,2026-03-02,2026-03-03T03:30:00Z,OFF,LAK,COL,2.0,4.0,REG
2025020959,20252026,2,2026-03-03,2026-03-04T00:00:00Z,OFF,BOS,PIT,2.0,1.0,REG
2025020960,20252026,2,2026-03-03,2026-03-04T00:00:00Z,OFF,BUF,VGK,3.0,2.0,REG
2025020961,20252026,2,2026-03-03,2026-03-04T00:00:00Z,OFF,NJD,FLA,5.0,1.0,REG
2025020962,20252026,2,2026-03-03,2026-03-04T00:00:00Z,OFF,WSH,UTA,2.0,3.0,REG
2025020963,20252026,2,2026-03-03,2026-03-04T00:00:00Z,OFF,CBJ,NSH,3.0,2.0,REG
2025020964,20252026,2,2026-03-03,2026-03-04T01:00:00Z,OFF,WPG,CHI,3.0,2.0,OT
2025020965,20252026,2,2026-03-03,2026-03-04T02:00:00Z,OFF,CGY,DAL,1.0,6.0,REG
2025020966,20252026,2,2026-03-03,2026-03-04T02:00:00Z,OFF,EDM,OTT,5.0,4.0,OT
2025020967,20252026,2,2026-03-03,2026-03-04T02:30:00Z,OFF,MIN,TBL,5.0,1.0,REG
2025020968,20252026,2,2026-03-03,2026-03-04T03:00:00Z,OFF,ANA,COL,1.0,5.0,REG
2025020969,20252026,2,2026-03-03,2026-03-04T03:00:00Z,OFF,SJS,MTL,7.0,5.0,REG
2025020970,20252026,2,2026-03-04,2026-03-05T00:00:00Z,OFF,DET,VGK,3.0,4.0,OT
2025020971,20252026,2,2026-03-04,2026-03-05T00:00:00Z,OFF,NJD,TOR,4.0,3.0,SO
2025020972,20252026,2,2026-03-04,2026-03-05T03:00:00Z,OFF,VAN,CAR,4.0,6.0,REG
2025020973,20252026,2,2026-03-04,2026-03-05T03:00:00Z,OFF,ANA,NYI,5.0,1.0,REG
2025020974,20252026,2,2026-03-04,2026-03-05T03:00:00Z,OFF,SEA,STL,2.0,3.0,REG
2025020975,20252026,2,2026-03-05,2026-03-06T00:00:00Z,OFF,NYR,TOR,6.0,2.0,REG
2025020976,20252026,2,2026-03-05,2026-03-06T00:00:00Z,OFF,PHI,UTA,0.0,3.0,REG
2025020977,20252026,2,2026-03-05,2026-03-06T00:00:00Z,OFF,PIT,BUF,1.0,5.0,REG
2025020978,20252026,2,2026-03-05,2026-03-06T00:00:00Z,OFF,CBJ,FLA,4.0,2.0,REG
2025020979,20252026,2,2026-03-05,2026-03-06T01:00:00Z,OFF,NSH,BOS,6.0,3.0,REG
2025020980,20252026,2,2026-03-05,2026-03-06T01:00:00Z,OFF,WPG,TBL,4.0,1.0,REG
2025020981,20252026,2,2026-03-05,2026-03-06T02:00:00Z,OFF,CGY,OTT,1.0,4.0,REG
2025020982,20252026,2,2026-03-05,2026-03-06T02:30:00Z,OFF,LAK,NYI,5.0,3.0,REG
2025020983,20252026,2,2026-03-06,2026-03-07T00:00:00Z,OFF,DET,FLA,1.0,3.0,REG
2025020984,20252026,2,2026-03-06,2026-03-07T01:00:00Z,OFF,DAL,COL,4.0,5.0,SO
2025020985,20252026,2,2026-03-06,2026-03-07T01:30:00Z,OFF,CHI,VAN,3.0,6.0,REG
2025020986,20252026,2,2026-03-06,2026-03-07T02:00:00Z,OFF,EDM,CAR,3.0,6.0,REG
2025020987,20252026,2,2026-03-06,2026-03-07T02:00:00Z,OFF,ANA,MTL,6.0,5.0,SO
2025020988,20252026,2,2026-03-06,2026-03-07T03:00:00Z,OFF,VGK,MIN,2.0,4.0,REG
2025020989,20252026,2,2026-03-06,2026-03-07T03:00:00Z,OFF,SJS,STL,2.0,3.0,OT
2025020990,20252026,2,2026-03-07,2026-03-07T17:30:00Z,OFF,BOS,WSH,3.0,1.0,REG
2025020991,20252026,2,2026-03-07,2026-03-07T20:00:00Z,OFF,NJD,NYR,6.0,3.0,REG
2025020992,20252026,2,2026-03-07,2026-03-07T22:30:00Z,OFF,BUF,NSH,3.0,2.0,REG
2025020993,20252026,2,2026-03-07,2026-03-07T22:30:00Z,OFF,PIT,PHI,3.0,4.0,SO
2025020994,20252026,2,2026-03-07,2026-03-08T00:00:00Z,OFF,TOR,TBL,2.0,5.0,REG
2025020995,20252026,2,2026-03-07,2026-03-08T00:00:00Z,OFF,CBJ,UTA,4.0,5.0,OT
2025020996,20252026,2,2026-03-07,2026-03-08T00:00:00Z,OFF,WPG,VAN,3.0,2.0,OT
2025020997,20252026,2,2026-03-07,2026-03-08T00:00:00Z,OFF,LAK,MTL,3.0,4.0,REG
2025020998,20252026,2,2026-03-07,2026-03-08T03:00:00Z,OFF,CGY,CAR,5.0,4.0,REG
2025020999,20252026,2,2026-03-07,2026-03-08T03:00:00Z,OFF,SJS,NYI,1.0,2.0,OT
2025021000,20252026,2,2026-03-07,2026-03-08T03:00:00Z,OFF,SEA,OTT,4.0,7.0,REG
2025021001,20252026,2,2026-03-08,2026-03-08T18:00:00Z,OFF,COL,MIN,3.0,2.0,SO
2025021002,20252026,2,2026-03-08,2026-03-08T20:30:00Z,OFF,PIT,BOS,5.0,4.0,OT
2025021003,20252026,2,2026-03-08,2026-03-08T22:00:00Z,OFF,BUF,TBL,8.0,7.0,REG
2025021004,20252026,2,2026-03-08,2026-03-08T22:00:00Z,OFF,DAL,CHI,4.0,3.0,OT
2025021005,20252026,2,2026-03-08,2026-03-08T23:00:00Z,OFF,NJD,DET,0.0,3.0,REG
2025021006,20252026,2,2026-03-08,2026-03-09T01:00:00Z,OFF,ANA,STL,0.0,4.0,REG
2025021007,20252026,2,2026-03-08,2026-03-09T01:30:00Z,OFF,VGK,EDM,2.0,4.0,REG
2025020828,20252026,2,2026-03-09,2026-03-09T20:00:00Z,OFF,CBJ,LAK,4.0,5.0,OT
2025021008,20252026,2,2026-03-09,2026-03-09T23:00:00Z,OFF,PHI,NYR,2.0,6.0,REG
2025021009,20252026,2,2026-03-09,2026-03-09T23:00:00Z,OFF,WSH,CGY,7.0,3.0,REG
2025021010,20252026,2,2026-03-09,2026-03-10T00:30:00Z,OFF,CHI,UTA,3.0,2.0,OT
2025021011,20252026,2,2026-03-09,2026-03-10T01:00:00Z,OFF,VAN,OTT,0.0,2.0,REG
2025021012,20252026,2,2026-03-10,2026-03-10T23:00:00Z,OFF,BOS,LAK,2.0,1.0,OT
2025021013,20252026,2,2026-03-10,2026-03-10T23:00:00Z,OFF,BUF,SJS,6.0,3.0,REG
2025021014,20252026,2,2026-03-10,2026-03-10T23:00:00Z,OFF,MTL,TOR,3.0,1.0,REG
2025021015,20252026,2,2026-03-10,2026-03-10T23:00:00Z,OFF,TBL,CBJ,2.0,5.0,REG
2025021016,20252026,2,2026-03-10,2026-03-10T23:00:00Z,OFF,FLA,DET,4.0,3.0,REG
2025021017,20252026,2,2026-03-10,2026-03-10T23:00:00Z,OFF,NYR,CGY,4.0,0.0,REG
2025021018,20252026,2,2026-03-10,2026-03-10T23:00:00Z,OFF,CAR,PIT,5.0,4.0,SO
2025021019,20252026,2,2026-03-10,2026-03-10T23:30:00Z,OFF,STL,NYI,3.0,4.0,OT
2025021020,20252026,2,2026-03-10,2026-03-11T00:00:00Z,OFF,DAL,VGK,2.0,1.0,REG
2025021021,20252026,2,2026-03-10,2026-03-11T00:00:00Z,OFF,MIN,UTA,5.0,0.0,REG
2025021022,20252026,2,2026-03-10,2026-03-11T00:30:00Z,OFF,WPG,ANA,1.0,4.0,REG
2025021023,20252026,2,2026-03-10,2026-03-11T02:00:00Z,OFF,COL,EDM,3.0,4.0,REG
2025021024,20252026,2,2026-03-10,2026-03-11T02:00:00Z,OFF,SEA,NSH,2.0,4.0,REG
2025021025,20252026,2,2026-03-11,2026-03-11T23:30:00Z,OFF,OTT,MTL,2.0,3.0,REG
2025021026,20252026,2,2026-03-11,2026-03-11T23:30:00Z,OFF,PHI,WSH,4.0,1.0,REG
2025021027,20252026,2,2026-03-12,2026-03-12T23:00:00Z,OFF,BOS,SJS,2.0,4.0,REG
2025021028,20252026,2,2026-03-12,2026-03-12T23:00:00Z,OFF,BUF,WSH,1.0,2.0,REG
2025021029,20252026,2,2026-03-12,2026-03-12T23:00:00Z,OFF,TOR,ANA,6.0,4.0,REG
2025021030,20252026,2,2026-03-12,2026-03-12T23:00:00Z,OFF,TBL,DET,4.0,1.0,REG
2025021031,20252026,2,2026-03-12,2026-03-12T23:00:00Z,OFF,FLA,CBJ,2.0,1.0,OT
2025021032,20252026,2,2026-03-12,2026-03-12T23:00:00Z,OFF,NJD,CGY,4.0,5.0,REG
2025021033,20252026,2,2026-03-12,2026-03-12T23:00:00Z,OFF,CAR,STL,1.0,3.0,REG
2025021034,20252026,2,2026-03-12,2026-03-13T00:00:00Z,OFF,DAL,EDM,7.0,2.0,REG
2025021035,20252026,2,2026-03-12,2026-03-13T00:00:00Z,OFF,MIN,PHI,2.0,3.0,SO
2025021036,20252026,2,2026-03-12,2026-03-13T00:00:00Z,OFF,WPG,NYR,3.0,6.0,REG
2025021037,20252026,2,2026-03-12,2026-03-13T01:00:00Z,OFF,UTA,CHI,2.0,3.0,OT
2025021038,20252026,2,2026-03-12,2026-03-13T02:00:00Z,OFF,VAN,NSH,4.0,3.0,SO
2025021039,20252026,2,2026-03-12,2026-03-13T02:00:00Z,OFF,VGK,PIT,6.0,2.0,REG
2025021040,20252026,2,2026-03-12,2026-03-13T02:00:00Z,OFF,SEA,COL,1.0,5.0,REG
2025021041,20252026,2,2026-03-13,2026-03-13T23:00:00Z,OFF,NYI,LAK,2.0,3.0,REG
2025021042,20252026,2,2026-03-13,2026-03-14T00:00:00Z,OFF,STL,EDM,3.0,2.0,OT
2025021043,20252026,2,2026-03-14,2026-03-14T17:00:00Z,OFF,OTT,ANA,2.0,0.0,REG
2025021044,20252026,2,2026-03-14,2026-03-14T19:00:00Z,OFF,WSH,BOS,2.0,3.0,SO
2025021045,20252026,2,2026-03-14,2026-03-14T20:00:00Z,OFF,WPG,COL,3.0,1.0,REG
2025021046,20252026,2,2026-03-14,2026-03-14T22:00:00Z,OFF,MIN,NYR,2.0,4.0,REG
2025021047,20252026,2,2026-03-14,2026-03-14T23:00:00Z,OFF,BUF,TOR,3.0,2.0,SO
2025021048,20252026,2,2026-03-14,2026-03-14T23:00:00Z,OFF,MTL,SJS,2.0,4.0,REG
2025021049,20252026,2,2026-03-14,2026-03-14T23:00:00Z,OFF,TBL,CAR,2.0,4.0,REG
2025021050,20252026,2,2026-03-14,2026-03-14T23:00:00Z,OFF,NJD,LAK,6.0,4.0,REG
2025021051,20252026,2,2026-03-14,2026-03-14T23:00:00Z,OFF,NYI,CGY,3.0,2.0,REG
2025021052,20252026,2,2026-03-14,2026-03-14T23:30:00Z,OFF,PHI,CBJ,1.0,2.0,SO
2025021053,20252026,2,2026-03-14,2026-03-15T00:00:00Z,OFF,DAL,DET,3.0,2.0,OT
2025021054,20252026,2,2026-03-14,2026-03-15T01:00:00Z,OFF,UTA,PIT,3.0,4.0,REG
2025021055,20252026,2,2026-03-14,2026-03-15T02:00:00Z,OFF,VAN,SEA,2.0,5.0,REG
2025021056,20252026,2,2026-03-14,2026-03-15T02:00:00Z,OFF,VGK,CHI,4.0,0.0,REG
2025021057,20252026,2,2026-03-15,2026-03-15T19:00:00Z,OFF,WPG,STL,3.0,2.0,REG
2025021058,20252026,2,2026-03-15,2026-03-15T21:00:00Z,OFF,OTT,SJS,7.0,4.0,REG
2025021059,20252026,2,2026-03-15,2026-03-15T23:00:00Z,OFF,MTL,ANA,3.0,4.0,REG
2025021060,20252026,2,2026-03-15,2026-03-15T23:30:00Z,OFF,MIN,TOR,2.0,4.0,REG
2025021061,20252026,2,2026-03-15,2026-03-16T00:00:00Z,OFF,EDM,NSH,3.0,1.0,REG
2025021062,20252026,2,2026-03-15,2026-03-16T00:00:00Z,OFF,SEA,FLA,6.0,2.0,REG
2025021063,20252026,2,2026-03-16,2026-03-16T23:00:00Z,OFF,DET,CGY,5.0,2.0,REG
2025021064,20252026,2,2026-03-16,2026-03-16T23:00:00Z,OFF,NJD,BOS,4.0,3.0,OT
2025021065,20252026,2,2026-03-16,2026-03-16T23:00:00Z,OFF,NYR,LAK,1.0,4.0,REG
2025021066,20252026,2,2026-03-16,2026-03-17T00:00:00Z,OFF,DAL,UTA,3.0,6.0,REG
2025021067,20252026,2,2026-03-16,2026-03-17T01:30:00Z,OFF,COL,PIT,2.0,7.0,REG
2025021068,20252026,2,2026-03-17,2026-03-17T23:00:00Z,OFF,TOR,NYI,1.0,3.0,REG
2025021069,20252026,2,2026-03-17,2026-03-17T23:00:00Z,OFF,MTL,BOS,3.0,2.0,OT
2025021070,20252026,2,2026-03-17,2026-03-17T23:00:00Z,OFF,CBJ,CAR,5.0,1.0,REG
2025021072,20252026,2,2026-03-17,2026-03-17T23:30:00Z,OFF,CHI,MIN,3.0,4.0,OT
2025021071,20252026,2,2026-03-17,2026-03-18T00:00:00Z,OFF,WPG,NSH,3.0,4.0,SO
2025021073,20252026,2,2026-03-17,2026-03-18T01:00:00Z,OFF,EDM,SJS,5.0,3.0,REG
2025021074,20252026,2,2026-03-17,2026-03-18T02:00:00Z,OFF,VAN,FLA,5.0,2.0,REG
2025021075,20252026,2,2026-03-17,2026-03-18T02:00:00Z,OFF,VGK,BUF,0.0,2.0,REG
2025021076,20252026,2,2026-03-17,2026-03-18T02:00:00Z,OFF,SEA,TBL,2.0,6.0,REG
2025021077,20252026,2,2026-03-18,2026-03-18T23:00:00Z,OFF,NYR,NJD,3.0,6.0,REG
2025021078,20252026,2,2026-03-18,2026-03-18T23:00:00Z,OFF,CAR,PIT,6.0,5.0,OT
2025021079,20252026,2,2026-03-18,2026-03-18T23:30:00Z,OFF,WSH,OTT,4.0,1.0,REG
2025021080,20252026,2,2026-03-18,2026-03-19T01:30:00Z,OFF,COL,DAL,1.0,2.0,SO
2025021081,20252026,2,2026-03-18,2026-03-19T01:30:00Z,OFF,CGY,STL,2.0,1.0,SO
2025021082,20252026,2,2026-03-18,2026-03-19T02:00:00Z,OFF,ANA,PHI,2.0,3.0,OT
2025021083,20252026,2,2026-03-19,2026-03-19T23:00:00Z,OFF,BOS,WPG,6.0,1.0,REG
2025021084,20252026,2,2026-03-19,2026-03-19T23:00:00Z,OFF,OTT,NYI,3.0,2.0,REG
2025021085,20252026,2,2026-03-19,2026-03-19T23:00:00Z,OFF,DET,MTL,3.0,1.0,REG
2025021086,20252026,2,2026-03-19,2026-03-19T23:00:00Z,OFF,CBJ,NYR,6.0,3.0,REG
2025021088,20252026,2,2026-03-19,2026-03-19T23:30:00Z,OFF,MIN,CHI,1.0,2.0,REG
2025021087,20252026,2,2026-03-19,2026-03-20T00:00:00Z,OFF,NSH,SEA,3.0,1.0,REG
2025021089,20252026,2,2026-03-19,2026-03-20T01:00:00Z,OFF,EDM,FLA,0.0,4.0,REG
2025021090,20252026,2,2026-03-19,2026-03-20T02:00:00Z,OFF,VAN,TBL,2.0,6.0,REG
2025021091,20252026,2,2026-03-19,2026-03-20T02:00:00Z,OFF,VGK,UTA,0.0,4.0,REG
2025021092,20252026,2,2026-03-19,2026-03-20T02:00:00Z,OFF,SJS,BUF,0.0,5.0,REG
2025021093,20252026,2,2026-03-19,2026-03-20T02:30:00Z,OFF,LAK,PHI,3.0,4.0,SO
2025021094,20252026,2,2026-03-20,2026-03-20T23:00:00Z,OFF,TOR,CAR,3.0,4.0,OT
2025021095,20252026,2,2026-03-20,2026-03-20T23:00:00Z,OFF,WSH,NJD,2.0,1.0,REG
2025021096,20252026,2,2026-03-20,2026-03-21T00:30:00Z,OFF,CHI,COL,1.0,4.0,REG
2025021097,20252026,2,2026-03-20,2026-03-21T01:00:00Z,OFF,CGY,FLA,4.0,1.0,REG
2025021098,20252026,2,2026-03-20,2026-03-21T02:00:00Z,OFF,UTA,ANA,1.0,4.0,REG
2025021099,20252026,2,2026-03-21,2026-03-21T17:00:00Z,OFF,PIT,WPG,5.0,4.0,SO
2025021100,20252026,2,2026-03-21,2026-03-21T18:00:00Z,OFF,NSH,VGK,4.0,1.0,REG
2025021101,20252026,2,2026-03-21,2026-03-21T20:00:00Z,OFF,MIN,DAL,2.0,1.0,OT
2025021102,20252026,2,2026-03-21,2026-03-21T20:00:00Z,OFF,LAK,BUF,1.0,4.0,REG
2025021103,20252026,2,2026-03-21,2026-03-21T20:00:00Z,OFF,SJS,PHI,1.0,4.0,REG
2025021104,20252026,2,2026-03-21,2026-03-21T21:00:00Z,OFF,CBJ,SEA,5.0,2.0,REG
2025021105,20252026,2,2026-03-21,2026-03-21T23:00:00Z,OFF,MTL,NYI,7.0,3.0,REG
2025021106,20252026,2,2026-03-21,2026-03-21T23:00:00Z,OFF,OTT,TOR,5.0,2.0,REG
2025021107,20252026,2,2026-03-21,2026-03-21T23:00:00Z,OFF,VAN,STL,1.0,3.0,REG
2025021108,20252026,2,2026-03-21,2026-03-22T00:00:00Z,OFF,DET,BOS,2.0,4.0,REG
2025021109,20252026,2,2026-03-21,2026-03-22T02:00:00Z,OFF,EDM,TBL,2.0,5.0,REG
2025021110,20252026,2,2026-03-22,2026-03-22T16:00:00Z,OFF,NYR,WPG,2.0,3.0,SO
2025021111,20252026,2,2026-03-22,2026-03-22T16:30:00Z,OFF,WSH,COL,2.0,3.0,OT
2025021112,20252026,2,2026-03-22,2026-03-22T19:00:00Z,OFF,PIT,CAR,1.0,5.0,REG
2025021113,20252026,2,2026-03-22,2026-03-22T19:00:00Z,OFF,CHI,NSH,2.0,3.0,OT
2025021114,20252026,2,2026-03-22,2026-03-22T23:00:00Z,OFF,NYI,CBJ,1.0,0.0,REG
2025021115,20252026,2,2026-03-22,2026-03-22T23:00:00Z,OFF,DAL,VGK,2.0,3.0,REG
2025021116,20252026,2,2026-03-22,2026-03-23T00:00:00Z,OFF,CGY,TBL,4.0,3.0,OT
2025021117,20252026,2,2026-03-22,2026-03-23T00:00:00Z,OFF,ANA,BUF,6.0,5.0,OT
2025021118,20252026,2,2026-03-22,2026-03-23T01:00:00Z,OFF,UTA,LAK,4.0,3.0,OT
2025021119,20252026,2,2026-03-23,2026-03-23T23:30:00Z,OFF,NYR,OTT,1.0,2.0,REG
2025021120,20252026,2,2026-03-24,2026-03-24T23:00:00Z,OFF,BOS,TOR,2.0,4.0,REG
2025021121,20252026,2,2026-03-24,2026-03-24T23:00:00Z,OFF,MTL,CAR,5.0,2.0,REG
2025021122,20252026,2,2026-03-24,2026-03-24T23:00:00Z,OFF,DET,OTT,2.0,3.0,REG
2025021123,20252026,2,2026-03-24,2026-03-24T23:00:00Z,OFF,FLA,SEA,5.0,4.0,SO
2025021124,20252026,2,2026-03-24,2026-03-24T23:00:00Z,OFF,NYI,CHI,3.0,4.0,REG
2025021125,20252026,2,2026-03-24,2026-03-24T23:00:00Z,OFF,PHI,CBJ,2.0,3.0,REG
2025021126,20252026,2,2026-03-24,2026-03-24T23:00:00Z,OFF,PIT,COL,2.0,6.0,REG
2025021127,20252026,2,2026-03-24,2026-03-24T23:30:00Z,OFF,TBL,MIN,6.0,3.0,REG
2025021128,20252026,2,2026-03-24,2026-03-25T00:00:00Z,OFF,STL,WSH,3.0,0.0,REG
2025021129,20252026,2,2026-03-24,2026-03-25T00:00:00Z,OFF,NSH,SJS,6.0,3.0,REG
2025021130,20252026,2,2026-03-24,2026-03-25T00:00:00Z,OFF,DAL,NJD,4.0,6.0,REG
2025021131,20252026,2,2026-03-24,2026-03-25T00:00:00Z,OFF,WPG,VGK,4.0,1.0,REG
2025021133,20252026,2,2026-03-24,2026-03-25T01:00:00Z,OFF,CGY,LAK,3.0,2.0,SO
2025021132,20252026,2,2026-03-24,2026-03-25T01:30:00Z,OFF,UTA,EDM,2.0,5.0,REG
2025021134,20252026,2,2026-03-24,2026-03-25T02:00:00Z,OFF,VAN,ANA,3.0,5.0,REG
2025021135,20252026,2,2026-03-25,2026-03-25T23:30:00Z,OFF,BUF,BOS,3.0,4.0,OT
2025021136,20252026,2,2026-03-25,2026-03-25T23:30:00Z,OFF,TOR,NYR,4.0,3.0,REG
2025021137,20252026,2,2026-03-26,2026-03-26T23:00:00Z,OFF,MTL,CBJ,2.0,1.0,REG
2025021138,20252026,2,2026-03-26,2026-03-26T23:00:00Z,OFF,OTT,PIT,3.0,4.0,SO
2025021139,20252026,2,2026-03-26,2026-03-26T23:00:00Z,OFF,TBL,SEA,3.0,4.0,OT
2025021140,20252026,2,2026-03-26,2026-03-26T23:00:00Z,OFF,FLA,MIN,2.0,3.0,REG
2025021141,20252026,2,2026-03-26,2026-03-26T23:00:00Z,OFF,NYI,DAL,2.0,1.0,REG
2025021142,20252026,2,2026-03-26,2026-03-26T23:00:00Z,OFF,PHI,CHI,5.0,1.0,REG
2025021143,20252026,2,2026-03-26,2026-03-27T00:00:00Z,OFF,STL,SJS,2.0,1.0,OT
2025021144,20252026,2,2026-03-26,2026-03-27T00:00:00Z,OFF,NSH,NJD,2.0,4.0,REG
2025021145,20252026,2,2026-03-26,2026-03-27T00:00:00Z,OFF,WPG,COL,2.0,3.0,REG
2025021146,20252026,2,2026-03-26,2026-03-27T01:00:00Z,OFF,UTA,WSH,4.0,7.0,REG
2025021147,20252026,2,2026-03-26,2026-03-27T01:00:00Z,OFF,CGY,ANA,2.0,3.0,OT
2025021148,20252026,2,2026-03-26,2026-03-27T01:30:00Z,OFF,VGK,EDM,3.0,4.0,OT
2025021149,20252026,2,2026-03-26,2026-03-27T02:00:00Z,OFF,VAN,LAK,0.0,4.0,REG
2025021150,20252026,2,2026-03-27,2026-03-27T23:00:00Z,OFF,BUF,DET,2.0,5.0,REG
2025021151,20252026,2,2026-03-27,2026-03-27T23:00:00Z,OFF,NYR,CHI,6.0,1.0,REG
2025021152,20252026,2,2026-03-28,2026-03-28T17:00:00Z,OFF,TBL,OTT,4.0,2.0,REG
2025021153,20252026,2,2026-03-28,2026-03-28T17:00:00Z,OFF,NYI,FLA,5.0,2.0,REG
2025021154,20252026,2,2026-03-28,2026-03-28T19:30:00Z,OFF,EDM,ANA,4.0,2.0,REG
2025021155,20252026,2,2026-03-28,2026-03-28T21:00:00Z,OFF,BOS,MIN,6.0,3.0,REG
2025021156,20252026,2,2026-03-28,2026-03-28T21:00:00Z,OFF,PIT,DAL,3.0,6.0,REG
2025021157,20252026,2,2026-03-28,2026-03-28T21:00:00Z,OFF,CAR,NJD,5.0,2.0,REG
2025021158,20252026,2,2026-03-28,2026-03-28T21:00:00Z,OFF,CBJ,SJS,2.0,3.0,REG
2025021159,20252026,2,2026-03-28,2026-03-28T21:30:00Z,OFF,BUF,SEA,3.0,2.0,SO
2025021160,20252026,2,2026-03-28,2026-03-28T23:00:00Z,OFF,STL,TOR,5.0,1.0,REG
2025021161,20252026,2,2026-03-28,2026-03-28T23:00:00Z,OFF,NSH,MTL,1.0,4.0,REG
2025021162,20252026,2,2026-03-28,2026-03-28T23:00:00Z,OFF,COL,WPG,2.0,4.0,REG
2025021163,20252026,2,2026-03-28,2026-03-29T00:00:00Z,OFF,DET,PHI,3.0,5.0,REG
2025021164,20252026,2,2026-03-28,2026-03-29T01:00:00Z,OFF,LAK,UTA,2.0,6.0,REG
2025021165,20252026,2,2026-03-28,2026-03-29T02:00:00Z,OFF,CGY,VAN,7.0,3.0,REG
2025021166,20252026,2,2026-03-28,2026-03-29T02:30:00Z,OFF,VGK,WSH,4.0,5.0,SO
2025021167,20252026,2,2026-03-29,2026-03-29T17:00:00Z,OFF,NYR,FLA,3.0,1.0,REG
2025021168,20252026,2,2026-03-29,2026-03-29T21:00:00Z,OFF,TBL,NSH,3.0,2.0,REG
2025021169,20252026,2,2026-03-29,2026-03-29T21:00:00Z,OFF,CAR,MTL,1.0,3.0,REG
2025021170,20252026,2,2026-03-29,2026-03-29T21:00:00Z,OFF,CBJ,BOS,3.0,4.0,SO
2025021171,20252026,2,2026-03-29,2026-03-29T23:00:00Z,OFF,NJD,CHI,5.0,3.0,REG
2025021172,20252026,2,2026-03-29,2026-03-29T23:00:00Z,OFF,PHI,DAL,2.0,1.0,OT
2025021173,20252026,2,2026-03-30,2026-03-30T23:00:00Z,OFF,NYI,PIT,3.0,8.0,REG
2025021174,20252026,2,2026-03-30,2026-03-31T00:30:00Z,OFF,COL,CGY,9.0,2.0,REG
2025021175,20252026,2,2026-03-30,2026-03-31T02:00:00Z,OFF,VGK,VAN,4.0,2.0,REG
2025021176,20252026,2,2026-03-30,2026-03-31T02:00:00Z,OFF,ANA,TOR,4.0,5.0,OT
2025021177,20252026,2,2026-03-30,2026-03-31T02:00:00Z,OFF,SJS,STL,5.0,4.0,REG
2025021178,20252026,2,2026-03-31,2026-03-31T23:00:00Z,OFF,BOS,DAL,6.0,3.0,REG
2025021179,20252026,2,2026-03-31,2026-03-31T23:00:00Z,OFF,BUF,NYI,4.0,3.0,REG
2025021180,20252026,2,2026-03-31,2026-03-31T23:00:00Z,OFF,TBL,MTL,1.0,4.0,REG
2025021181,20252026,2,2026-03-31,2026-03-31T23:00:00Z,OFF,FLA,OTT,6.0,3.0,REG
2025021182,20252026,2,2026-03-31,2026-03-31T23:00:00Z,OFF,NYR,NJD,4.0,1.0,REG
2025021183,20252026,2,2026-03-31,2026-03-31T23:00:00Z,OFF,PIT,DET,5.0,1.0,REG
2025021184,20252026,2,2026-03-31,2026-03-31T23:00:00Z,OFF,WSH,PHI,6.0,4.0,REG
2025021185,20252026,2,2026-03-31,2026-03-31T23:30:00Z,OFF,CBJ,CAR,2.0,5.0,REG
2025021186,20252026,2,2026-03-31,2026-04-01T00:30:00Z,OFF,CHI,WPG,3.0,4.0,OT
2025021187,20252026,2,2026-03-31,2026-04-01T01:00:00Z,OFF,EDM,SEA,3.0,0.0,REG
2025021188,20252026,2,2026-04-01,2026-04-02T00:30:00Z,OFF,COL,VAN,6.0,8.0,REG
2025021189,20252026,2,2026-04-01,2026-04-02T01:00:00Z,OFF,LAK,STL,2.0,1.0,OT
2025021190,20252026,2,2026-04-01,2026-04-02T01:00:00Z,OFF,SJS,ANA,4.0,3.0,REG
2025021191,20252026,2,2026-04-02,2026-04-02T23:00:00Z,OFF,OTT,BUF,4.0,1.0,REG
2025021192,20252026,2,2026-04-02,2026-04-02T23:00:00Z,OFF,TBL,PIT,6.0,3.0,REG
2025021193,20252026,2,2026-04-02,2026-04-02T23:00:00Z,OFF,FLA,BOS,2.0,1.0,REG
2025021195,20252026,2,2026-04-02,2026-04-02T23:00:00Z,OFF,NYR,MTL,2.0,3.0,REG
2025021196,20252026,2,2026-04-02,2026-04-02T23:00:00Z,OFF,PHI,DET,2.0,4.0,REG
2025021197,20252026,2,2026-04-02,2026-04-02T23:00:00Z,OFF,CAR,CBJ,5.0,1.0,REG
2025021194,20252026,2,2026-04-02,2026-04-02T23:30:00Z,OFF,NJD,WSH,7.0,3.0,REG
2025021198,20252026,2,2026-04-02,2026-04-03T00:00:00Z,OFF,DAL,WPG,3.0,0.0,REG
2025021199,20252026,2,2026-04-02,2026-04-03T00:00:00Z,OFF,MIN,VAN,5.0,2.0,REG
2025021200,20252026,2,2026-04-02,2026-04-03T01:00:00Z,OFF,EDM,CHI,3.0,1.0,REG
2025021201,20252026,2,2026-04-02,2026-04-03T02:00:00Z,OFF,VGK,CGY,6.0,3.0,REG
2025021202,20252026,2,2026-04-02,2026-04-03T02:00:00Z,OFF,SJS,TOR,4.0,1.0,REG
2025021203,20252026,2,2026-04-02,2026-04-03T02:00:00Z,OFF,SEA,UTA,2.0,6.0,REG
2025021204,20252026,2,2026-04-02,2026-04-03T02:30:00Z,OFF,LAK,NSH,4.0,5.0,SO
2025021205,20252026,2,2026-04-03,2026-04-03T23:00:00Z,OFF,NYI,PHI,1.0,4.0,REG
2025021206,20252026,2,2026-04-03,2026-04-04T02:00:00Z,OFF,ANA,STL,2.0,6.0,REG
2025021207,20252026,2,2026-04-04,2026-04-04T16:30:00Z,OFF,NYR,DET,4.0,1.0,REG
2025021208,20252026,2,2026-04-04,2026-04-04T17:00:00Z,OFF,OTT,MIN,1.0,4.0,REG
2025021209,20252026,2,2026-04-04,2026-04-04T19:00:00Z,OFF,DAL,COL,0.0,2.0,REG
2025021210,20252026,2,2026-04-04,2026-04-04T21:00:00Z,OFF,TBL,BOS,3.0,1.0,REG
2025021211,20252026,2,2026-04-04,2026-04-04T21:00:00Z,OFF,PIT,FLA,9.0,4.0,REG
2025021212,20252026,2,2026-04-04,2026-04-04T23:00:00Z,OFF,NJD,MTL,3.0,4.0,SO
2025021213,20252026,2,2026-04-04,2026-04-04T23:00:00Z,OFF,WSH,BUF,6.0,2.0,REG
2025021214,20252026,2,2026-04-04,2026-04-04T23:00:00Z,OFF,CAR,NYI,4.0,3.0,REG
2025021215,20252026,2,2026-04-04,2026-04-04T23:00:00Z,OFF,CBJ,WPG,1.0,2.0,REG
2025021216,20252026,2,2026-04-04,2026-04-04T23:00:00Z,OFF,VAN,UTA,4.0,7.0,REG
2025021217,20252026,2,2026-04-04,2026-04-04T23:00:00Z,OFF,LAK,TOR,7.0,6.0,OT
2025021218,20252026,2,2026-04-04,2026-04-05T02:00:00Z,OFF,EDM,VGK,1.0,5.0,REG
2025021219,20252026,2,2026-04-04,2026-04-05T02:00:00Z,OFF,ANA,CGY,3.0,5.0,REG
2025021220,20252026,2,2026-04-04,2026-04-05T02:00:00Z,OFF,SJS,NSH,3.0,6.0,REG
2025021221,20252026,2,2026-04-04,2026-04-05T02:00:00Z,OFF,SEA,CHI,2.0,4.0,REG
2025021222,20252026,2,2026-04-05,2026-04-05T17:00:00Z,OFF,DET,MIN,4.0,5.0,REG
2025021223,20252026,2,2026-04-05,2026-04-05T19:00:00Z,OFF,PIT,FLA,5.0,2.0,REG
2025021224,20252026,2,2026-04-05,2026-04-05T19:30:00Z,OFF,PHI,BOS,2.0,1.0,OT
2025021225,20252026,2,2026-04-05,2026-04-05T21:00:00Z,OFF,OTT,CAR,6.0,3.0,REG
2025021226,20252026,2,2026-04-05,2026-04-05T23:00:00Z,OFF,MTL,NJD,0.0,3.0,REG
2025021227,20252026,2,2026-04-05,2026-04-05T23:00:00Z,OFF,NYR,WSH,8.0,1.0,REG
2025021228,20252026,2,2026-04-05,2026-04-06T01:30:00Z,OFF,COL,STL,2.0,3.0,REG
2025021229,20252026,2,2026-04-06,2026-04-06T23:00:00Z,OFF,BUF,TBL,4.0,2.0,REG
2025021230,20252026,2,2026-04-06,2026-04-06T23:30:00Z,OFF,WPG,SEA,6.0,2.0,REG
2025021231,20252026,2,2026-04-06,2026-04-07T02:00:00Z,OFF,SJS,CHI,3.0,2.0,REG
2025021232,20252026,2,2026-04-06,2026-04-07T02:30:00Z,OFF,LAK,NSH,3.0,2.0,SO
2025021233,20252026,2,2026-04-07,2026-04-07T23:00:00Z,OFF,MTL,FLA,4.0,3.0,SO
2025021234,20252026,2,2026-04-07,2026-04-07T23:00:00Z,OFF,OTT,TBL,6.0,2.0,REG
2025021235,20252026,2,2026-04-07,2026-04-07T23:00:00Z,OFF,DET,CBJ,3.0,4.0,SO
2025021236,20252026,2,2026-04-07,2026-04-07T23:00:00Z,OFF,NJD,PHI,1.0,5.0,REG
2025021237,20252026,2,2026-04-07,2026-04-07T23:00:00Z,OFF,CAR,BOS,6.0,5.0,OT
2025021238,20252026,2,2026-04-07,2026-04-08T00:00:00Z,OFF,STL,COL,1.0,3.0,REG
2025021239,20252026,2,2026-04-07,2026-04-08T00:00:00Z,OFF,DAL,CGY,4.0,3.0,OT
2025021240,20252026,2,2026-04-07,2026-04-08T00:00:00Z,OFF,MIN,SEA,5.0,2.0,REG
2025021241,20252026,2,2026-04-07,2026-04-08T01:30:00Z,OFF,UTA,EDM,6.0,5.0,OT
2025021242,20252026,2,2026-04-07,2026-04-08T02:00:00Z,OFF,VAN,VGK,1.0,2.0,REG
2025021243,20252026,2,2026-04-07,2026-04-08T02:00:00Z,OFF,ANA,NSH,0.0,5.0,REG
2025021244,20252026,2,2026-04-08,2026-04-08T23:00:00Z,OFF,NYR,BUF,3.0,5.0,REG
2025021245,20252026,2,2026-04-08,2026-04-08T23:30:00Z,OFF,TOR,WSH,0.0,4.0,REG
2025021246,20252026,2,2026-04-08,2026-04-09T02:00:00Z,OFF,SJS,EDM,2.0,5.0,REG
2025021252,20252026,2,2026-04-09,2026-04-09T22:45:00Z,OFF,NYI,TOR,5.0,3.0,REG
2025021247,20252026,2,2026-04-09,2026-04-09T23:00:00Z,OFF,BUF,CBJ,5.0,0.0,REG
2025021248,20252026,2,2026-04-09,2026-04-09T23:00:00Z,OFF,MTL,TBL,2.0,1.0,REG
2025021249,20252026,2,2026-04-09,2026-04-09T23:00:00Z,OFF,OTT,FLA,5.0,1.0,REG
2025021250,20252026,2,2026-04-09,2026-04-09T23:00:00Z,OFF,DET,PHI,6.0,3.0,REG
2025021251,20252026,2,2026-04-09,2026-04-09T23:00:00Z,OFF,NJD,PIT,2.0,5.0,REG
2025021253,20252026,2,2026-04-09,2026-04-10T00:00:00Z,OFF,STL,WPG,2.0,3.0,REG
2025021255,20252026,2,2026-04-09,2026-04-10T00:30:00Z,OFF,CHI,CAR,2.0,7.0,REG
2025021254,20252026,2,2026-04-09,2026-04-10T01:00:00Z,OFF,DAL,MIN,5.0,4.0,REG
2025021256,20252026,2,2026-04-09,2026-04-10T01:00:00Z,OFF,COL,CGY,3.0,1.0,REG
2025021257,20252026,2,2026-04-09,2026-04-10T01:00:00Z,OFF,UTA,NSH,4.0,1.0,REG
2025021258,20252026,2,2026-04-09,2026-04-10T02:00:00Z,OFF,ANA,SJS,6.0,1.0,REG
2025021259,20252026,2,2026-04-09,2026-04-10T02:00:00Z,OFF,SEA,VGK,4.0,3.0,SO
2025021260,20252026,2,2026-04-09,2026-04-10T02:30:00Z,OFF,LAK,VAN,4.0,1.0,REG
2025021261,20252026,2,2026-04-11,2026-04-11T16:30:00Z,OFF,BOS,TBL,1.0,2.0,REG
2025021262,20252026,2,2026-04-11,2026-04-11T17:00:00Z,OFF,NYI,OTT,0.0,3.0,REG
2025021263,20252026,2,2026-04-11,2026-04-11T19:00:00Z,OFF,PIT,WSH,3.0,6.0,REG
2025021264,20252026,2,2026-04-11,2026-04-11T20:00:00Z,OFF,LAK,EDM,1.0,0.0,REG
2025021265,20252026,2,2026-04-11,2026-04-11T21:00:00Z,OFF,DET,NJD,3.0,5.0,REG
2025021266,20252026,2,2026-04-11,2026-04-11T21:00:00Z,OFF,CHI,STL,3.0,5.0,REG
2025021267,20252026,2,2026-04-11,2026-04-11T21:00:00Z,OFF,NSH,MIN,2.0,1.0,REG
2025021268,20252026,2,2026-04-11,2026-04-11T21:00:00Z,OFF,DAL,NYR,2.0,0.0,REG
2025021269,20252026,2,2026-04-11,2026-04-11T21:00:00Z,OFF,UTA,CAR,1.0,4.0,REG
2025021270,20252026,2,2026-04-11,2026-04-11T23:00:00Z,OFF,TOR,FLA,2.0,6.0,REG
2025021271,20252026,2,2026-04-11,2026-04-11T23:00:00Z,OFF,MTL,CBJ,2.0,5.0,REG
2025021272,20252026,2,2026-04-11,2026-04-11T23:00:00Z,OFF,WPG,PHI,1.0,7.0,REG
2025021273,20252026,2,2026-04-11,2026-04-11T23:00:00Z,OFF,SEA,CGY,4.0,1.0,REG
2025021274,20252026,2,2026-04-11,2026-04-12T00:00:00Z,OFF,COL,VGK,2.0,3.0,OT
2025021275,20252026,2,2026-04-11,2026-04-12T02:00:00Z,OFF,SJS,VAN,3.0,4.0,SO
2025021276,20252026,2,2026-04-12,2026-04-12T19:00:00Z,OFF,WSH,PIT,3.0,0.0,REG
2025021277,20252026,2,2026-04-12,2026-04-12T22:00:00Z,OFF,NYI,MTL,1.0,4.0,REG
2025021278,20252026,2,2026-04-12,2026-04-12T22:00:00Z,OFF,CBJ,BOS,2.0,3.0,REG
2025021279,20252026,2,2026-04-12,2026-04-12T23:00:00Z,OFF,NJD,OTT,4.0,3.0,OT
2025021280,20252026,2,2026-04-12,2026-04-13T00:00:00Z,OFF,ANA,VAN,3.0,4.0,OT
2025021281,20252026,2,2026-04-12,2026-04-13T01:00:00Z,OFF,CGY,UTA,4.0,1.0,REG
2025021282,20252026,2,2026-04-13,2026-04-13T23:00:00Z,OFF,TBL,DET,4.0,3.0,OT
2025021283,20252026,2,2026-04-13,2026-04-13T23:00:00Z,OFF,FLA,NYR,3.0,2.0,REG
2025021284,20252026,2,2026-04-13,2026-04-13T23:00:00Z,OFF,PHI,CAR,3.0,2.0,SO
2025021285,20252026,2,2026-04-13,2026-04-13T23:30:00Z,OFF,TOR,DAL,5.0,6.0,REG
2025021286,20252026,2,2026-04-13,2026-04-14T00:00:00Z,OFF,STL,MIN,6.0,3.0,REG
2025021287,20252026,2,2026-04-13,2026-04-14T00:00:00Z,OFF,NSH,SJS,2.0,3.0,REG
2025021288,20252026,2,2026-04-13,2026-04-14T00:30:00Z,OFF,CHI,BUF,1.0,5.0,REG
2025021289,20252026,2,2026-04-13,2026-04-14T01:30:00Z,OFF,EDM,COL,1.0,2.0,SO
2025021291,20252026,2,2026-04-13,2026-04-14T01:30:00Z,OFF,SEA,LAK,3.0,5.0,REG
2025021290,20252026,2,2026-04-13,2026-04-14T02:00:00Z,OFF,VGK,WPG,6.0,2.0,REG
2025021292,20252026,2,2026-04-14,2026-04-14T23:00:00Z,OFF,BOS,NJD,4.0,0.0,REG
2025021293,20252026,2,2026-04-14,2026-04-14T23:00:00Z,OFF,NYI,CAR,1.0,2.0,REG
2025021294,20252026,2,2026-04-14,2026-04-14T23:00:00Z,OFF,PHI,MTL,4.0,2.0,REG
2025021295,20252026,2,2026-04-14,2026-04-14T23:00:00Z,OFF,CBJ,WSH,1.0,2.0,REG
2025021296,20252026,2,2026-04-14,2026-04-15T00:00:00Z,OFF,MIN,ANA,3.0,2.0,REG
2025021297,20252026,2,2026-04-14,2026-04-15T01:00:00Z,OFF,UTA,WPG,5.0,3.0,REG
2025021298,20252026,2,2026-04-14,2026-04-15T01:00:00Z,OFF,CGY,COL,1.0,3.0,REG
2025021299,20252026,2,2026-04-14,2026-04-15T01:30:00Z,OFF,STL,PIT,7.0,5.0,REG
2025021300,20252026,2,2026-04-14,2026-04-15T02:00:00Z,OFF,VAN,LAK,4.0,3.0,OT
2025021301,20252026,2,2026-04-15,2026-04-15T23:00:00Z,OFF,BUF,DAL,3.0,4.0,SO
2025021302,20252026,2,2026-04-15,2026-04-15T23:00:00Z,OFF,TBL,NYR,2.0,4.0,REG
2025021303,20252026,2,2026-04-15,2026-04-15T23:00:00Z,OFF,FLA,DET,8.0,1.0,REG
2025021304,20252026,2,2026-04-15,2026-04-15T23:30:00Z,OFF,OTT,TOR,3.0,1.0,REG
2025021305,20252026,2,2026-04-15,2026-04-16T00:30:00Z,OFF,CHI,SJS,5.0,2.0,REG
2025021306,20252026,2,2026-04-15,2026-04-16T02:00:00Z,OFF,VGK,SEA,4.0,1.0,REG
2025021309,20252026,2,2026-04-16,2026-04-16T23:30:00Z,OFF,UTA,STL,3.0,5.0,REG
2025021307,20252026,2,2026-04-16,2026-04-17T00:00:00Z,OFF,NSH,ANA,4.0,5.0,REG
2025021308,20252026,2,2026-04-16,2026-04-17T00:00:00Z,OFF,WPG,SJS,1.0,6.0,REG
2025021310,20252026,2,2026-04-16,2026-04-17T01:00:00Z,OFF,CGY,LAK,3.0,1.0,REG
2025021311,20252026,2,2026-04-16,2026-04-17T01:00:00Z,OFF,EDM,VAN,6.0,1.0,REG
2025021312,20252026,2,2026-04-16,2026-04-17T02:00:00Z,OFF,COL,SEA,2.0,0.0,REG
2025030131,20252026,3,2026-04-18,2026-04-18T19:00:00Z,OFF,CAR,OTT,2.0,0.0,REG
2025030161,20252026,3,2026-04-18,2026-04-18T21:30:00Z,OFF,DAL,MIN,1.0,6.0,REG
2025030141,20252026,3,2026-04-18,2026-04-19T00:00:00Z,OFF,PIT,PHI,2.0,3.0,REG
2025030151,20252026,3,2026-04-19,2026-04-19T19:00:00Z,OFF,COL,LAK,2.0,1.0,REG
2025030121,20252026,3,2026-04-19,2026-04-19T21:45:00Z,OFF,TBL,MTL,3.0,4.0,OT
2025030111,20252026,3,2026-04-19,2026-04-19T23:30:00Z,OFF,BUF,BOS,4.0,3.0,REG
2025030171,20252026,3,2026-04-19,2026-04-20T02:00:00Z,OFF,VGK,UTA,4.0,2.0,REG
2025030142,20252026,3,2026-04-20,2026-04-20T23:00:00Z,OFF,PIT,PHI,0.0,3.0,REG
2025030132,20252026,3,2026-04-20,2026-04-20T23:30:00Z,OFF,CAR,OTT,3.0,2.0,OT
2025030162,20252026,3,2026-04-20,2026-04-21T01:30:00Z,OFF,DAL,MIN,4.0,2.0,REG
2025030181,20252026,3,2026-04-20,2026-04-21T02:00:00Z,OFF,EDM,ANA,4.0,3.0,REG
2025030122,20252026,3,2026-04-21,2026-04-21T23:00:00Z,OFF,TBL,MTL,3.0,2.0,OT
2025030112,20252026,3,2026-04-21,2026-04-21T23:30:00Z,OFF,BUF,BOS,2.0,4.0,REG
2025030172,20252026,3,2026-04-21,2026-04-22T01:30:00Z,OFF,VGK,UTA,2.0,3.0,REG
2025030152,20252026,3,2026-04-21,2026-04-22T02:00:00Z,OFF,COL,LAK,2.0,1.0,OT
2025030143,20252026,3,2026-04-22,2026-04-22T23:00:00Z,OFF,PHI,PIT,5.0,2.0,REG
2025030163,20252026,3,2026-04-22,2026-04-23T01:30:00Z,OFF,MIN,DAL,3.0,4.0,OT
2025030182,20252026,3,2026-04-22,2026-04-23T02:00:00Z,OFF,EDM,ANA,4.0,6.0,REG
2025030113,20252026,3,2026-04-23,2026-04-23T23:00:00Z,OFF,BOS,BUF,1.0,3.0,REG
2025030133,20252026,3,2026-04-23,2026-04-23T23:30:00Z,OFF,OTT,CAR,1.0,2.0,REG
2025030153,20252026,3,2026-04-23,2026-04-24T02:00:00Z,OFF,LAK,COL,2.0,4.0,REG
2025030123,20252026,3,2026-04-24,2026-04-24T23:00:00Z,OFF,MTL,TBL,3.0,2.0,OT
2025030173,20252026,3,2026-04-24,2026-04-25T01:30:00Z,OFF,UTA,VGK,4.0,2.0,REG
2025030183,20252026,3,2026-04-24,2026-04-25T02:00:00Z,OFF,ANA,EDM,7.0,4.0,REG
2025030134,20252026,3,2026-04-25,2026-04-25T19:00:00Z,OFF,OTT,CAR,2.0,4.0,REG
2025030164,20252026,3,2026-04-25,2026-04-25T21:30:00Z,OFF,MIN,DAL,3.0,2.0,OT
2025030144,20252026,3,2026-04-25,2026-04-26T00:00:00Z,OFF,PHI,PIT,2.0,4.0,REG
2025030114,20252026,3,2026-04-26,2026-04-26T18:00:00Z,OFF,BOS,BUF,1.0,6.0,REG
2025030154,20252026,3,2026-04-26,2026-04-26T20:30:00Z,OFF,LAK,COL,1.0,5.0,REG
2025030124,20252026,3,2026-04-26,2026-04-26T23:00:00Z,OFF,MTL,TBL,2.0,3.0,REG
2025030184,20252026,3,2026-04-26,2026-04-27T01:30:00Z,OFF,ANA,EDM,4.0,3.0,OT
2025030145,20252026,3,2026-04-27,2026-04-27T23:00:00Z,OFF,PIT,PHI,3.0,2.0,REG
2025030174,20252026,3,2026-04-27,2026-04-28T01:30:00Z,OFF,UTA,VGK,4.0,5.0,OT
2025030115,20252026,3,2026-04-28,2026-04-28T23:30:00Z,OFF,BUF,BOS,1.0,2.0,OT
2025030165,20252026,3,2026-04-28,2026-04-29T00:00:00Z,OFF,DAL,MIN,2.0,4.0,REG
2025030185,20252026,3,2026-04-28,2026-04-29T02:00:00Z,OFF,EDM,ANA,4.0,1.0,REG
2025030125,20252026,3,2026-04-29,2026-04-29T23:00:00Z,OFF,TBL,MTL,2.0,3.0,REG
2025030146,20252026,3,2026-04-29,2026-04-29T23:30:00Z,OFF,PHI,PIT,1.0,0.0,OT
2025030175,20252026,3,2026-04-29,2026-04-30T02:00:00Z,OFF,VGK,UTA,5.0,4.0,OT
2025030166,20252026,3,2026-04-30,2026-04-30T23:30:00Z,OFF,MIN,DAL,5.0,2.0,REG
2025030186,20252026,3,2026-04-30,2026-05-01T02:00:00Z,OFF,ANA,EDM,5.0,2.0,REG
2025030126,20252026,3,2026-05-01,2026-05-01T23:00:00Z,OFF,MTL,TBL,0.0,1.0,OT
2025030116,20252026,3,2026-05-01,2026-05-01T23:30:00Z,OFF,BOS,BUF,1.0,4.0,REG
2025030176,20252026,3,2026-05-01,2026-05-02T02:00:00Z,OFF,UTA,VGK,1.0,5.0,REG
2025030221,20252026,3,2026-05-02,2026-05-03T00:00:00Z,OFF,CAR,PHI,3.0,0.0,REG
2025030127,20252026,3,2026-05-03,2026-05-03T22:00:00Z,OFF,TBL,MTL,1.0,2.0,REG
2025030231,20252026,3,2026-05-03,2026-05-04T01:00:00Z,OFF,COL,MIN,9.0,6.0,REG
2025030222,20252026,3,2026-05-04,2026-05-04T23:00:00Z,OFF,CAR,PHI,3.0,2.0,OT
2025030241,20252026,3,2026-05-04,2026-05-05T01:30:00Z,OFF,VGK,ANA,3.0,1.0,REG
2025030232,20252026,3,2026-05-05,2026-05-06T00:00:00Z,OFF,COL,MIN,5.0,2.0,REG
2025030211,20252026,3,2026-05-06,2026-05-06T23:00:00Z,OFF,BUF,MTL,4.0,2.0,REG
2025030242,20252026,3,2026-05-06,2026-05-07T01:30:00Z,OFF,VGK,ANA,1.0,3.0,REG
2025030223,20252026,3,2026-05-07,2026-05-08T00:00:00Z,OFF,PHI,CAR,1.0,4.0,REG
2025030212,20252026,3,2026-05-08,2026-05-08T23:00:00Z,OFF,BUF,MTL,1.0,5.0,REG
2025030243,20252026,3,2026-05-08,2026-05-09T01:30:00Z,OFF,ANA,VGK,2.0,6.0,REG
2025030224,20252026,3,2026-05-09,2026-05-09T22:00:00Z,OFF,PHI,CAR,2.0,3.0,OT
2025030233,20252026,3,2026-05-09,2026-05-10T01:00:00Z,OFF,MIN,COL,5.0,1.0,REG
2025030213,20252026,3,2026-05-10,2026-05-10T23:00:00Z,OFF,MTL,BUF,6.0,2.0,REG
2025030244,20252026,3,2026-05-10,2026-05-11T01:30:00Z,OFF,ANA,VGK,4.0,3.0,REG
2025030234,20252026,3,2026-05-11,2026-05-12T00:00:00Z,OFF,MIN,COL,2.0,5.0,REG
2025030214,20252026,3,2026-05-12,2026-05-12T23:00:00Z,OFF,MTL,BUF,2.0,3.0,REG
2025030245,20252026,3,2026-05-12,2026-05-13T01:30:00Z,OFF,VGK,ANA,3.0,2.0,OT
2025030235,20252026,3,2026-05-13,2026-05-14T00:00:00Z,OFF,COL,MIN,4.0,3.0,OT
2025030215,20252026,3,2026-05-14,2026-05-14T23:00:00Z,OFF,BUF,MTL,3.0,6.0,REG
2025030246,20252026,3,2026-05-14,2026-05-15T01:30:00Z,OFF,ANA,VGK,1.0,5.0,REG
2025030216,20252026,3,2026-05-16,2026-05-17T00:00:00Z,OFF,MTL,BUF,3.0,8.0,REG
2025030217,20252026,3,2026-05-18,2026-05-18T23:30:00Z,OFF,BUF,MTL,2.0,3.0,OT
2025030321,20252026,3,2026-05-20,2026-05-21T00:00:00Z,OFF,COL,VGK,2.0,4.0,REG
2025030311,20252026,3,2026-05-21,2026-05-22T00:00:00Z,OFF,CAR,MTL,2.0,6.0,REG
2025030322,20252026,3,2026-05-22,2026-05-23T00:00:00Z,OFF,COL,VGK,1.0,3.0,REG
2025030312,20252026,3,2026-05-23,2026-05-23T23:00:00Z,OFF,CAR,MTL,3.0,2.0,OT
2025030323,20252026,3,2026-05-24,2026-05-25T00:00:00Z,OFF,VGK,COL,5.0,3.0,REG
2025030313,20252026,3,2026-05-25,2026-05-26T00:00:00Z,OFF,MTL,CAR,2.0,3.0,OT
2025030324,20252026,3,2026-05-26,2026-05-27T01:00:00Z,OFF,VGK,COL,2.0,1.0,REG
2025030314,20252026,3,2026-05-27,2026-05-28T00:00:00Z,OFF,MTL,CAR,0.0,4.0,REG
2025030315,20252026,3,2026-05-29,2026-05-30T00:00:00Z,OFF,CAR,MTL,6.0,1.0,REG
2025030411,20252026,3,2026-06-02,2026-06-03T00:00:00Z,OFF,CAR,VGK,4.0,5.0,REG
2025030412,20252026,3,2026-06-04,2026-06-05T00:00:00Z,OFF,CAR,VGK,4.0,3.0,OT
2025030413,20252026,3,2026-06-06,2026-06-07T00:00:00Z,OFF,VGK,CAR,5.0,4.0,OT
2025030414,20252026,3,2026-06-09,2026-06-10T00:00:00Z,OFF,VGK,CAR,3.0,5.0,REG
2025030415,20252026,3,2026-06-11,2026-06-12T00:00:00Z,OFF,CAR,VGK,4.0,2.0,REG
2025030416,20252026,3,2026-06-14,2026-06-15T00:00:00Z,OFF,VGK,CAR,0.0,3.0,REG
2026020001,20262027,2,2026-09-29,2026-09-29T21:00:00Z,OFF,CAR,FLA,0.0,1.0,OT
2026020002,20262027,2,2026-09-29,2026-09-29T23:00:00Z,OFF,TOR,MTL,2.0,3.0,REG
2026020003,20262027,2,2026-09-29,2026-09-30T00:00:00Z,OFF,BOS,NYR,3.0,0.0,REG
2026020004,20262027,2,2026-09-29,2026-09-30T02:00:00Z,OFF,EDM,VAN,5.0,6.0,OT
2026020005,20262027,2,2026-09-29,2026-09-30T02:30:00Z,OFF,VGK,CHI,5.0,2.0,REG
2026020006,20262027,2,2026-09-30,2026-09-30T23:30:00Z,OFF,PHI,PIT,0.0,7.0,REG
2026020008,20262027,2,2026-09-30,2026-09-30T23:30:00Z,OFF,TOR,NYI,2.0,1.0,REG
2026020007,20262027,2,2026-09-30,2026-10-01T02:00:00Z,OFF,COL,LAK,8.0,4.0,REG
2026020009,20262027,2,2026-10-01,2026-10-01T23:00:00Z,OFF,NJD,PHI,3.0,2.0,OT
2026020010,20262027,2,2026-10-01,2026-10-01T23:00:00Z,OFF,NYR,TBL,5.0,1.0,REG
2026020011,20262027,2,2026-10-01,2026-10-01T23:00:00Z,OFF,CBJ,BUF,6.0,3.0,REG
2026020012,20262027,2,2026-10-01,2026-10-02T00:00:00Z,OFF,NSH,MIN,1.0,3.0,REG
2026020014,20262027,2,2026-10-01,2026-10-02T01:00:00Z,OFF,CGY,SEA,1.0,6.0,REG
2026020013,20262027,2,2026-10-01,2026-10-02T01:30:00Z,OFF,UTA,CHI,6.0,0.0,REG
2026020015,20262027,2,2026-10-01,2026-10-02T02:00:00Z,OFF,VAN,EDM,7.0,9.0,REG
2026020016,20262027,2,2026-10-01,2026-10-02T02:00:00Z,OFF,SJS,FLA,4.0,3.0,OT
2026020017,20262027,2,2026-10-02,2026-10-02T22:30:00Z,OFF,DET,NYR,0.0,2.0,REG
2026020018,20262027,2,2026-10-02,2026-10-02T23:00:00Z,OFF,CAR,WSH,2.0,5.0,REG
2026020019,20262027,2,2026-10-02,2026-10-03T00:00:00Z,OFF,WPG,BOS,3.0,4.0,OT
2026020020,20262027,2,2026-10-02,2026-10-03T01:00:00Z,OFF,DAL,STL,0.0,4.0,REG
2026020021,20262027,2,2026-10-02,2026-10-03T02:00:00Z,OFF,VGK,ANA,3.0,4.0,REG
2026020022,20262027,2,2026-10-03,2026-10-03T23:00:00Z,OFF,BUF,CHI,4.0,3.0,REG
2026020023,20262027,2,2026-10-03,2026-10-03T23:00:00Z,OFF,TOR,OTT,2.0,3.0,REG
2026020024,20262027,2,2026-10-03,2026-10-03T23:00:00Z,OFF,TBL,WSH,3.0,1.0,REG
2026020025,20262027,2,2026-10-03,2026-10-03T23:00:00Z,OFF,PHI,CAR,2.0,3.0,OT
2026020026,20262027,2,2026-10-03,2026-10-03T23:00:00Z,OFF,PIT,MTL,6.0,5.0,OT
2026020027,20262027,2,2026-10-03,2026-10-03T23:00:00Z,OFF,CBJ,UTA,1.0,4.0,REG
2026020028,20262027,2,2026-10-03,2026-10-03T23:00:00Z,OFF,EDM,SEA,3.0,1.0,REG
2026020029,20262027,2,2026-10-03,2026-10-03T23:30:00Z,OFF,NYI,NJD,6.0,0.0,REG
2026020030,20262027,2,2026-10-03,2026-10-04T00:00:00Z,OFF,NSH,DAL,2.0,1.0,REG
2026020031,20262027,2,2026-10-03,2026-10-04T00:00:00Z,OFF,MIN,BOS,4.0,1.0,REG
2026020032,20262027,2,2026-10-03,2026-10-04T01:00:00Z,OFF,COL,STL,6.0,1.0,REG
2026020033,20262027,2,2026-10-03,2026-10-04T02:00:00Z,OFF,VAN,CGY,4.0,1.0,REG
2026020034,20262027,2,2026-10-03,2026-10-04T02:00:00Z,OFF,SJS,LAK,5.0,4.0,OT
2026020035,20262027,2,2026-10-04,2026-10-04T17:00:00Z,OFF,DET,WPG,2.0,3.0,REG
2026020036,20262027,2,2026-10-04,2026-10-04T22:00:00Z,OFF,NYR,UTA,4.0,2.0,REG
2026020037,20262027,2,2026-10-04,2026-10-05T00:00:00Z,OFF,ANA,FLA,3.0,2.0,OT
2026020038,20262027,2,2026-10-04,2026-10-05T00:00:00Z,OFF,SEA,CGY,6.0,1.0,REG
2026020039,20262027,2,2026-10-04,2026-10-05T01:00:00Z,OFF,VAN,VGK,2.0,3.0,REG
2026020040,20262027,2,2026-10-05,2026-10-05T23:00:00Z,OFF,TBL,PHI,4.0,1.0,REG
2026020041,20262027,2,2026-10-05,2026-10-05T23:30:00Z,OFF,BOS,OTT,1.0,4.0,REG
2026020042,20262027,2,2026-10-05,2026-10-05T23:30:00Z,OFF,PIT,WPG,2.0,3.0,REG
2026020043,20262027,2,2026-10-05,2026-10-06T00:00:00Z,OFF,DAL,SJS,5.0,0.0,REG
2026020044,20262027,2,2026-10-06,2026-10-06T23:00:00Z,OFF,TOR,NSH,5.0,4.0,OT
2026020045,20262027,2,2026-10-06,2026-10-06T23:00:00Z,OFF,MTL,CAR,4.0,6.0,REG
2026020046,20262027,2,2026-10-06,2026-10-06T23:00:00Z,OFF,DET,OTT,5.0,3.0,REG
2026020047,20262027,2,2026-10-06,2026-10-06T23:00:00Z,OFF,NJD,UTA,3.0,5.0,REG
2026020049,20262027,2,2026-10-06,2026-10-06T23:00:00Z,OFF,BUF,MIN,3.0,2.0,OT
2026020048,20262027,2,2026-10-06,2026-10-06T23:30:00Z,OFF,NYR,NYI,5.0,2.0,REG
2026020050,20262027,2,2026-10-06,2026-10-07T00:00:00Z,OFF,CHI,STL,4.0,2.0,REG
2026020051,20262027,2,2026-10-06,2026-10-07T01:40:00Z,OFF,SEA,VGK,2.0,6.0,REG
2026020052,20262027,2,2026-10-06,2026-10-07T02:00:00Z,OFF,LAK,FLA,1.0,2.0,REG
2026020053,20262027,2,2026-10-07,2026-10-07T23:30:00Z,OFF,WSH,PIT,5.0,3.0,REG
2026020054,20262027,2,2026-10-07,2026-10-07T23:30:00Z,OFF,WPG,COL,3.0,2.0,REG
2026020055,20262027,2,2026-10-07,2026-10-08T02:00:00Z,OFF,ANA,EDM,2.0,5.0,REG
2026020056,20262027,2,2026-10-08,2026-10-08T23:00:00Z,FUT,BOS,UTA,,,
2026020057,20262027,2,2026-10-08,2026-10-08T23:00:00Z,FUT,BUF,DAL,,,
2026020058,20262027,2,2026-10-08,2026-10-08T23:00:00Z,FUT,MTL,NSH,,,
2026020059,20262027,2,2026-10-08,2026-10-08T23:00:00Z,FUT,OTT,PHI,,,
2026020060,20262027,2,2026-10-08,2026-10-08T23:00:00Z,FUT,TBL,MIN,,,
2026020061,20262027,2,2026-10-08,2026-10-08T23:00:00Z,FUT,CAR,VAN,,,
2026020062,20262027,2,2026-10-08,2026-10-08T23:30:00Z,FUT,NYI,CHI,,,
2026020063,20262027,2,2026-10-08,2026-10-09T00:00:00Z,FUT,STL,SJS,,,
2026020064,20262027,2,2026-10-08,2026-10-09T01:00:00Z,FUT,CGY,COL,,,
2026020065,20262027,2,2026-10-08,2026-10-09T02:00:00Z,FUT,VGK,TOR,,,
2026020066,20262027,2,2026-10-09,2026-10-09T23:00:00Z,FUT,DET,SEA,,,
2026020067,20262027,2,2026-10-09,2026-10-09T23:00:00Z,FUT,WSH,NYR,,,
2026020068,20262027,2,2026-10-09,2026-10-09T23:00:00Z,FUT,CBJ,PIT,,,
2026020069,20262027,2,2026-10-09,2026-10-10T00:00:00Z,FUT,WPG,ANA,,,
2026020070,20262027,2,2026-10-10,2026-10-10T17:00:00Z,FUT,BOS,PHI,,,
2026020071,20262027,2,2026-10-10,2026-10-10T19:30:00Z,FUT,NJD,VAN,,,
2026020072,20262027,2,2026-10-10,2026-10-10T20:00:00Z,FUT,SJS,EDM,,,
2026020073,20262027,2,2026-10-10,2026-10-10T22:00:00Z,FUT,FLA,MIN,,,
2026020074,20262027,2,2026-10-10,2026-10-10T23:00:00Z,FUT,BUF,UTA,,,
2026020075,20262027,2,2026-10-10,2026-10-10T23:00:00Z,FUT,MTL,DET,,,
2026020076,20262027,2,2026-10-10,2026-10-10T23:00:00Z,FUT,OTT,NSH,,,
2026020077,20262027,2,2026-10-10,2026-10-10T23:00:00Z,FUT,PIT,DAL,,,
2026020078,20262027,2,2026-10-10,2026-10-10T23:00:00Z,FUT,CHI,CAR,,,
2026020079,20262027,2,2026-10-10,2026-10-10T23:00:00Z,FUT,STL,CBJ,,,
2026020080,20262027,2,2026-10-10,2026-10-10T23:00:00Z,FUT,COL,TOR,,,
2026020081,20262027,2,2026-10-10,2026-10-10T23:30:00Z,FUT,NYI,TBL,,,
2026020082,20262027,2,2026-10-10,2026-10-11T02:00:00Z,FUT,CGY,ANA,,,
2026020083,20262027,2,2026-10-10,2026-10-11T02:00:00Z,FUT,VGK,LAK,,,
2026020084,20262027,2,2026-10-11,2026-10-11T21:00:00Z,FUT,WSH,SEA,,,
2026020085,20262027,2,2026-10-11,2026-10-11T22:00:00Z,FUT,NYR,VAN,,,
2026020086,20262027,2,2026-10-11,2026-10-11T23:00:00Z,FUT,PHI,CAR,,,
2026020087,20262027,2,2026-10-12,2026-10-12T17:00:00Z,FUT,BUF,FLA,,,
2026020088,20262027,2,2026-10-12,2026-10-12T23:00:00Z,FUT,NJD,OTT,,,
2026020089,20262027,2,2026-10-12,2026-10-13T00:00:00Z,FUT,MIN,VGK,,,
